Record Length,2500,Points,-27.79999934E-3,0.0,
Sample Interval,19.9999995E-6,s,-27.78000012E-3,0.0,
Trigger Point,1.3900001E3,Samples,-27.75999904E-3,0.0,
,,,-27.73999982E-3,0.0,
,,,-27.71999873E-3,0.0,
,,,-27.69999951E-3,0.0,
Source,CH1,,-27.67999843E-3,0.0,
Vertical Units,Volts,,-27.65999921E-3,0.0,
Vertical Scale,2.0000000,,-27.63999999E-3,0.0,
Vertical Offset,0,,-27.61999890E-3,0.0,
Horizontal Units,s,,-27.59999968E-3,0.0,
Horizontal Scale,4.99999987E-3,,-27.57999860E-3,0.0,
Pt Fmt,Y,,-27.55999938E-3,0.0,
Yzero,-200.00000000E-3,,-27.54000016E-3,0.0,
Probe Atten,1.000000,,-27.51999907E-3,0.0,
,,,-27.49999985E-3,0.0,
Note,TBS 1052B-EDU - 01:14:04 p.m.   05/02/2016,,-27.47999877E-3,0.0,
,,,-27.45999955E-3,0.0,
,,,-27.43999846E-3,0.0,
,,,-27.41999924E-3,0.0,
,,,-27.40000002E-3,0.0,
,,,-27.37999894E-3,0.0,
,,,-27.35999972E-3,0.0,
,,,-27.33999863E-3,0.0,
,,,-27.31999941E-3,0.0,
,,,-27.30000019E-3,0.0,
,,,-27.27999911E-3,0.0,
,,,-27.25999989E-3,0.0,
,,,-27.23999880E-3,0.0,
,,,-27.21999958E-3,0.0,
,,,-27.19999850E-3,0.0,
,,,-27.17999928E-3,0.0,
,,,-27.16000006E-3,0.0,
,,,-27.13999897E-3,0.0,
,,,-27.11999975E-3,0.0,
,,,-27.09999867E-3,0.0,
,,,-27.07999945E-3,0.0,
,,,-27.06000023E-3,0.0,
,,,-27.03999914E-3,0.0,
,,,-27.01999992E-3,0.0,
,,,-26.99999884E-3,0.0,
,,,-26.97999962E-3,0.0,
,,,-26.95999853E-3,0.0,
,,,-26.93999931E-3,0.0,
,,,-26.92000009E-3,0.0,
,,,-26.89999901E-3,0.0,
,,,-26.87999979E-3,0.0,
,,,-26.85999870E-3,0.0,
,,,-26.83999948E-3,0.0,
,,,-26.82000026E-3,0.0,
,,,-26.79999918E-3,0.0,
,,,-26.77999996E-3,0.0,
,,,-26.75999887E-3,0.0,
,,,-26.73999965E-3,0.0,
,,,-26.71999857E-3,0.0,
,,,-26.69999935E-3,0.0,
,,,-26.68000013E-3,0.0,
,,,-26.65999904E-3,0.0,
,,,-26.63999982E-3,0.0,
,,,-26.61999874E-3,0.0,
,,,-26.59999952E-3,0.0,
,,,-26.58000030E-3,0.0,
,,,-26.55999921E-3,0.0,
,,,-26.53999999E-3,0.0,
,,,-26.51999891E-3,0.0,
,,,-26.49999969E-3,0.0,
,,,-26.47999860E-3,0.0,
,,,-26.45999938E-3,0.0,
,,,-26.44000016E-3,0.0,
,,,-26.41999908E-3,0.0,
,,,-26.39999986E-3,0.0,
,,,-26.37999877E-3,0.0,
,,,-26.35999955E-3,0.0,
,,,-26.33999847E-3,0.0,
,,,-26.31999925E-3,0.0,
,,,-26.30000003E-3,0.0,
,,,-26.27999894E-3,0.0,
,,,-26.25999972E-3,0.0,
,,,-26.23999864E-3,0.0,
,,,-26.21999942E-3,0.0,
,,,-26.20000020E-3,0.0,
,,,-26.17999911E-3,0.0,
,,,-26.15999989E-3,0.0,
,,,-26.13999881E-3,0.0,
,,,-26.11999959E-3,0.0,
,,,-26.09999850E-3,0.0,
,,,-26.07999928E-3,0.0,
,,,-26.06000006E-3,0.0,
,,,-26.03999898E-3,0.0,
,,,-26.01999976E-3,0.0,
,,,-25.99999867E-3,0.0,
,,,-25.97999945E-3,0.0,
,,,-25.96000023E-3,0.0,
,,,-25.93999915E-3,0.0,
,,,-25.91999993E-3,0.0,
,,,-25.89999884E-3,0.0,
,,,-25.87999962E-3,0.0,
,,,-25.85999854E-3,0.0,
,,,-25.83999932E-3,0.0,
,,,-25.82000010E-3,0.0,
,,,-25.79999901E-3,0.0,
,,,-25.77999979E-3,0.0,
,,,-25.75999871E-3,0.0,
,,,-25.73999949E-3,0.0,
,,,-25.72000027E-3,0.0,
,,,-25.69999918E-3,0.0,
,,,-25.67999996E-3,0.0,
,,,-25.65999888E-3,0.0,
,,,-25.63999966E-3,0.0,
,,,-25.61999857E-3,0.0,
,,,-25.59999935E-3,0.0,
,,,-25.58000013E-3,0.0,
,,,-25.55999905E-3,0.0,
,,,-25.53999983E-3,0.0,
,,,-25.51999874E-3,0.0,
,,,-25.49999952E-3,0.0,
,,,-25.48000030E-3,0.0,
,,,-25.45999922E-3,79.999998212E-3,
,,,-25.44000000E-3,0.0,
,,,-25.41999891E-3,0.0,
,,,-25.39999969E-3,0.0,
,,,-25.37999861E-3,0.0,
,,,-25.35999939E-3,0.0,
,,,-25.34000017E-3,0.0,
,,,-25.31999908E-3,0.0,
,,,-25.29999986E-3,0.0,
,,,-25.27999878E-3,0.0,
,,,-25.25999956E-3,0.0,
,,,-25.24000034E-3,0.0,
,,,-25.21999925E-3,0.0,
,,,-25.20000003E-3,0.0,
,,,-25.17999895E-3,0.0,
,,,-25.15999973E-3,0.0,
,,,-25.13999864E-3,0.0,
,,,-25.11999942E-3,0.0,
,,,-25.10000020E-3,0.0,
,,,-25.07999912E-3,0.0,
,,,-25.05999990E-3,0.0,
,,,-25.03999881E-3,0.0,
,,,-25.01999959E-3,0.0,
,,,-24.99999851E-3,6.71999979,
,,,-24.97999929E-3,7.679999828,
,,,-24.96000007E-3,7.19999981,
,,,-24.93999898E-3,6.71999979,
,,,-24.91999976E-3,6.23999977,
,,,-24.89999868E-3,5.83999968,
,,,-24.87999946E-3,5.44000006,
,,,-24.86000024E-3,5.11999989,
,,,-24.83999915E-3,4.71999979,
,,,-24.81999993E-3,4.40000010,
,,,-24.79999885E-3,4.15999985,
,,,-24.77999963E-3,3.83999991,
,,,-24.75999855E-3,3.59999990,
,,,-24.73999932E-3,3.35999990,
,,,-24.72000010E-3,3.19999981,
,,,-24.69999902E-3,2.96000004,
,,,-24.67999980E-3,2.79999995,
,,,-24.65999871E-3,2.6399999,
,,,-24.63999949E-3,2.5599999,
,,,-24.62000027E-3,2.3999999,
,,,-24.59999919E-3,2.2400000,
,,,-24.57999997E-3,2.1599998,
,,,-24.55999888E-3,2.0000000,
,,,-24.53999966E-3,1.9200000,
,,,-24.51999858E-3,1.7600000,
,,,-24.49999936E-3,1.7600000,
,,,-24.48000014E-3,1.6799999,
,,,-24.45999905E-3,1.5999999,
,,,-24.43999983E-3,1.5200000,
,,,-24.41999875E-3,1.4399999,
,,,-24.39999953E-3,1.3600000,
,,,-24.38000031E-3,1.3600000,
,,,-24.35999922E-3,1.2800000,
,,,-24.34000000E-3,1.2800000,
,,,-24.31999892E-3,1.1999999,
,,,-24.29999970E-3,1.1999999,
,,,-24.27999862E-3,1.1200000,
,,,-24.25999939E-3,1.0400000,
,,,-24.24000017E-3,1.0400000,
,,,-24.21999909E-3,1.0400000,
,,,-24.19999987E-3,1.0400000,
,,,-24.17999879E-3,959.999978542E-3,
,,,-24.15999956E-3,959.999978542E-3,
,,,-24.14000034E-3,959.999978542E-3,
,,,-24.11999926E-3,959.999978542E-3,
,,,-24.10000004E-3,959.999978542E-3,
,,,-24.07999896E-3,879.999995232E-3,
,,,-24.05999973E-3,879.999995232E-3,
,,,-24.03999865E-3,879.999995232E-3,
,,,-24.01999943E-3,879.999995232E-3,
,,,-24.00000021E-3,879.999995232E-3,
,,,-23.97999913E-3,879.999995232E-3,
,,,-23.95999990E-3,879.999995232E-3,
,,,-23.93999882E-3,799.999952316E-3,
,,,-23.91999960E-3,799.999952316E-3,
,,,-23.89999852E-3,799.999952316E-3,
,,,-23.87999929E-3,799.999952316E-3,
,,,-23.86000007E-3,799.999952316E-3,
,,,-23.83999899E-3,719.999969006E-3,
,,,-23.81999977E-3,799.999952316E-3,
,,,-23.79999869E-3,799.999952316E-3,
,,,-23.77999946E-3,799.999952316E-3,
,,,-23.76000024E-3,719.999969006E-3,
,,,-23.73999916E-3,719.999969006E-3,
,,,-23.71999994E-3,719.999969006E-3,
,,,-23.69999886E-3,719.999969006E-3,
,,,-23.67999963E-3,799.999952316E-3,
,,,-23.65999855E-3,719.999969006E-3,
,,,-23.63999933E-3,719.999969006E-3,
,,,-23.62000011E-3,719.999969006E-3,
,,,-23.59999903E-3,719.999969006E-3,
,,,-23.57999980E-3,799.999952316E-3,
,,,-23.55999872E-3,719.999969006E-3,
,,,-23.53999950E-3,719.999969006E-3,
,,,-23.52000028E-3,719.999969006E-3,
,,,-23.49999920E-3,719.999969006E-3,
,,,-23.47999997E-3,719.999969006E-3,
,,,-23.45999889E-3,719.999969006E-3,
,,,-23.43999967E-3,719.999969006E-3,
,,,-23.41999859E-3,719.999969006E-3,
,,,-23.39999937E-3,719.999969006E-3,
,,,-23.38000014E-3,719.999969006E-3,
,,,-23.35999906E-3,719.999969006E-3,
,,,-23.33999984E-3,719.999969006E-3,
,,,-23.31999876E-3,719.999969006E-3,
,,,-23.29999954E-3,719.999969006E-3,
,,,-23.28000031E-3,719.999969006E-3,
,,,-23.25999923E-3,719.999969006E-3,
,,,-23.24000001E-3,719.999969006E-3,
,,,-23.21999893E-3,719.999969006E-3,
,,,-23.19999970E-3,719.999969006E-3,
,,,-23.17999862E-3,719.999969006E-3,
,,,-23.15999940E-3,719.999969006E-3,
,,,-23.14000018E-3,719.999969006E-3,
,,,-23.11999910E-3,719.999969006E-3,
,,,-23.09999987E-3,719.999969006E-3,
,,,-23.07999879E-3,719.999969006E-3,
,,,-23.05999957E-3,719.999969006E-3,
,,,-23.04000035E-3,719.999969006E-3,
,,,-23.01999927E-3,719.999969006E-3,
,,,-23.00000004E-3,719.999969006E-3,
,,,-22.97999896E-3,719.999969006E-3,
,,,-22.95999974E-3,719.999969006E-3,
,,,-22.93999866E-3,719.999969006E-3,
,,,-22.91999944E-3,719.999969006E-3,
,,,-22.90000021E-3,719.999969006E-3,
,,,-22.87999913E-3,719.999969006E-3,
,,,-22.85999991E-3,719.999969006E-3,
,,,-22.83999883E-3,719.999969006E-3,
,,,-22.81999961E-3,719.999969006E-3,
,,,-22.80000038E-3,719.999969006E-3,
,,,-22.77999930E-3,719.999969006E-3,
,,,-22.76000008E-3,719.999969006E-3,
,,,-22.73999900E-3,719.999969006E-3,
,,,-22.71999978E-3,719.999969006E-3,
,,,-22.69999869E-3,719.999969006E-3,
,,,-22.67999947E-3,719.999969006E-3,
,,,-22.66000025E-3,719.999969006E-3,
,,,-22.63999917E-3,719.999969006E-3,
,,,-22.61999995E-3,719.999969006E-3,
,,,-22.59999886E-3,719.999969006E-3,
,,,-22.57999964E-3,719.999969006E-3,
,,,-22.55999856E-3,719.999969006E-3,
,,,-22.53999934E-3,719.999969006E-3,
,,,-22.52000012E-3,719.999969006E-3,
,,,-22.49999903E-3,719.999969006E-3,
,,,-22.47999981E-3,719.999969006E-3,
,,,-22.45999873E-3,719.999969006E-3,
,,,-22.43999951E-3,719.999969006E-3,
,,,-22.42000028E-3,719.999969006E-3,
,,,-22.39999920E-3,719.999969006E-3,
,,,-22.37999998E-3,719.999969006E-3,
,,,-22.35999890E-3,719.999969006E-3,
,,,-22.33999968E-3,719.999969006E-3,
,,,-22.31999859E-3,719.999969006E-3,
,,,-22.29999937E-3,719.999969006E-3,
,,,-22.28000015E-3,719.999969006E-3,
,,,-22.25999907E-3,719.999969006E-3,
,,,-22.23999985E-3,719.999969006E-3,
,,,-22.21999876E-3,719.999969006E-3,
,,,-22.19999954E-3,719.999969006E-3,
,,,-22.18000032E-3,719.999969006E-3,
,,,-22.15999924E-3,719.999969006E-3,
,,,-22.14000002E-3,719.999969006E-3,
,,,-22.11999893E-3,719.999969006E-3,
,,,-22.09999971E-3,719.999969006E-3,
,,,-22.07999863E-3,719.999969006E-3,
,,,-22.05999941E-3,719.999969006E-3,
,,,-22.04000019E-3,719.999969006E-3,
,,,-22.01999910E-3,719.999969006E-3,
,,,-21.99999988E-3,719.999969006E-3,
,,,-21.97999880E-3,719.999969006E-3,
,,,-21.95999958E-3,719.999969006E-3,
,,,-21.94000036E-3,719.999969006E-3,
,,,-21.91999927E-3,719.999969006E-3,
,,,-21.90000005E-3,719.999969006E-3,
,,,-21.87999897E-3,719.999969006E-3,
,,,-21.85999975E-3,719.999969006E-3,
,,,-21.83999866E-3,719.999969006E-3,
,,,-21.81999944E-3,719.999969006E-3,
,,,-21.80000022E-3,719.999969006E-3,
,,,-21.77999914E-3,719.999969006E-3,
,,,-21.75999992E-3,719.999969006E-3,
,,,-21.73999883E-3,719.999969006E-3,
,,,-21.71999961E-3,719.999969006E-3,
,,,-21.70000039E-3,719.999969006E-3,
,,,-21.67999931E-3,719.999969006E-3,
,,,-21.66000009E-3,719.999969006E-3,
,,,-21.63999900E-3,719.999969006E-3,
,,,-21.61999978E-3,719.999969006E-3,
,,,-21.59999870E-3,719.999969006E-3,
,,,-21.57999948E-3,719.999969006E-3,
,,,-21.56000026E-3,719.999969006E-3,
,,,-21.53999917E-3,719.999969006E-3,
,,,-21.51999995E-3,719.999969006E-3,
,,,-21.49999887E-3,719.999969006E-3,
,,,-21.47999965E-3,719.999969006E-3,
,,,-21.46000043E-3,719.999969006E-3,
,,,-21.43999934E-3,719.999969006E-3,
,,,-21.42000012E-3,719.999969006E-3,
,,,-21.39999904E-3,719.999969006E-3,
,,,-21.37999982E-3,719.999969006E-3,
,,,-21.35999873E-3,719.999969006E-3,
,,,-21.33999951E-3,719.999969006E-3,
,,,-21.32000029E-3,719.999969006E-3,
,,,-21.29999921E-3,719.999969006E-3,
,,,-21.27999999E-3,719.999969006E-3,
,,,-21.25999890E-3,719.999969006E-3,
,,,-21.23999968E-3,719.999969006E-3,
,,,-21.21999860E-3,719.999969006E-3,
,,,-21.19999938E-3,719.999969006E-3,
,,,-21.18000016E-3,719.999969006E-3,
,,,-21.15999907E-3,719.999969006E-3,
,,,-21.13999985E-3,719.999969006E-3,
,,,-21.11999877E-3,719.999969006E-3,
,,,-21.09999955E-3,719.999969006E-3,
,,,-21.08000033E-3,719.999969006E-3,
,,,-21.05999924E-3,719.999969006E-3,
,,,-21.04000002E-3,719.999969006E-3,
,,,-21.01999894E-3,719.999969006E-3,
,,,-20.99999972E-3,719.999969006E-3,
,,,-20.97999863E-3,719.999969006E-3,
,,,-20.95999941E-3,719.999969006E-3,
,,,-20.94000019E-3,719.999969006E-3,
,,,-20.91999911E-3,719.999969006E-3,
,,,-20.89999989E-3,719.999969006E-3,
,,,-20.87999880E-3,719.999969006E-3,
,,,-20.85999958E-3,719.999969006E-3,
,,,-20.84000036E-3,719.999969006E-3,
,,,-20.81999928E-3,719.999969006E-3,
,,,-20.80000006E-3,719.999969006E-3,
,,,-20.77999897E-3,719.999969006E-3,
,,,-20.75999975E-3,719.999969006E-3,
,,,-20.73999867E-3,719.999969006E-3,
,,,-20.71999945E-3,719.999969006E-3,
,,,-20.70000023E-3,719.999969006E-3,
,,,-20.67999914E-3,719.999969006E-3,
,,,-20.65999992E-3,719.999969006E-3,
,,,-20.63999884E-3,719.999969006E-3,
,,,-20.61999962E-3,719.999969006E-3,
,,,-20.60000040E-3,719.999969006E-3,
,,,-20.57999931E-3,719.999969006E-3,
,,,-20.56000009E-3,719.999969006E-3,
,,,-20.53999901E-3,719.999969006E-3,
,,,-20.51999979E-3,719.999969006E-3,
,,,-20.49999870E-3,719.999969006E-3,
,,,-20.47999948E-3,719.999969006E-3,
,,,-20.46000026E-3,719.999969006E-3,
,,,-20.43999918E-3,719.999969006E-3,
,,,-20.41999996E-3,719.999969006E-3,
,,,-20.39999887E-3,719.999969006E-3,
,,,-20.37999965E-3,719.999969006E-3,
,,,-20.36000043E-3,719.999969006E-3,
,,,-20.33999935E-3,719.999969006E-3,
,,,-20.32000013E-3,719.999969006E-3,
,,,-20.29999904E-3,719.999969006E-3,
,,,-20.27999982E-3,719.999969006E-3,
,,,-20.25999874E-3,719.999969006E-3,
,,,-20.23999952E-3,719.999969006E-3,
,,,-20.22000030E-3,719.999969006E-3,
,,,-20.19999921E-3,719.999969006E-3,
,,,-20.17999999E-3,719.999969006E-3,
,,,-20.15999891E-3,719.999969006E-3,
,,,-20.13999969E-3,719.999969006E-3,
,,,-20.11999860E-3,719.999969006E-3,
,,,-20.09999938E-3,719.999969006E-3,
,,,-20.0800002E-3,719.999969006E-3,
,,,-20.0599991E-3,719.999969006E-3,
,,,-20.0399999E-3,719.999969006E-3,
,,,-20.0199988E-3,719.999969006E-3,
,,,-19.9999996E-3,719.999969006E-3,
,,,-19.9800003E-3,719.999969006E-3,
,,,-19.9599992E-3,719.999969006E-3,
,,,-19.9400000E-3,719.999969006E-3,
,,,-19.9199989E-3,719.999969006E-3,
,,,-19.8999997E-3,719.999969006E-3,
,,,-19.8799986E-3,719.999969006E-3,
,,,-19.8599994E-3,719.999969006E-3,
,,,-19.8400002E-3,719.999969006E-3,
,,,-19.8199991E-3,719.999969006E-3,
,,,-19.7999999E-3,719.999969006E-3,
,,,-19.7799988E-3,719.999969006E-3,
,,,-19.7599996E-3,719.999969006E-3,
,,,-19.7400004E-3,719.999969006E-3,
,,,-19.7199993E-3,719.999969006E-3,
,,,-19.7000001E-3,719.999969006E-3,
,,,-19.6799990E-3,719.999969006E-3,
,,,-19.6599998E-3,719.999969006E-3,
,,,-19.6399987E-3,719.999969006E-3,
,,,-19.6199995E-3,719.999969006E-3,
,,,-19.6000002E-3,719.999969006E-3,
,,,-19.5799991E-3,719.999969006E-3,
,,,-19.5599999E-3,719.999969006E-3,
,,,-19.5399988E-3,719.999969006E-3,
,,,-19.5199996E-3,719.999969006E-3,
,,,-19.5000004E-3,719.999969006E-3,
,,,-19.4799993E-3,719.999969006E-3,
,,,-19.4600001E-3,719.999969006E-3,
,,,-19.4399990E-3,719.999969006E-3,
,,,-19.4199998E-3,719.999969006E-3,
,,,-19.3999987E-3,719.999969006E-3,
,,,-19.3799995E-3,719.999969006E-3,
,,,-19.3600003E-3,719.999969006E-3,
,,,-19.3399992E-3,719.999969006E-3,
,,,-19.3200000E-3,719.999969006E-3,
,,,-19.2999989E-3,719.999969006E-3,
,,,-19.2799997E-3,719.999969006E-3,
,,,-19.2600004E-3,719.999969006E-3,
,,,-19.2399994E-3,719.999969006E-3,
,,,-19.2200001E-3,719.999969006E-3,
,,,-19.1999990E-3,719.999969006E-3,
,,,-19.1799998E-3,719.999969006E-3,
,,,-19.1599987E-3,719.999969006E-3,
,,,-19.1399995E-3,719.999969006E-3,
,,,-19.1200003E-3,719.999969006E-3,
,,,-19.0999992E-3,719.999969006E-3,
,,,-19.0800000E-3,719.999969006E-3,
,,,-19.0599989E-3,719.999969006E-3,
,,,-19.0399997E-3,719.999969006E-3,
,,,-19.0200005E-3,719.999969006E-3,
,,,-18.9999994E-3,719.999969006E-3,
,,,-18.9800002E-3,719.999969006E-3,
,,,-18.9599991E-3,719.999969006E-3,
,,,-18.9399999E-3,719.999969006E-3,
,,,-18.9199988E-3,719.999969006E-3,
,,,-18.8999996E-3,719.999969006E-3,
,,,-18.8800003E-3,-7.11999989,
,,,-18.8599993E-3,-6.71999979,
,,,-18.8400000E-3,-6.15999985,
,,,-18.8199989E-3,-5.75999975,
,,,-18.7999997E-3,-5.27999973,
,,,-18.7799986E-3,-4.88000011,
,,,-18.7599994E-3,-4.48000002,
,,,-18.7400002E-3,-4.07999992,
,,,-18.7199991E-3,-3.83999991,
,,,-18.6999999E-3,-3.51999998,
,,,-18.6799988E-3,-3.27999997,
,,,-18.6599996E-3,-2.96000004,
,,,-18.6400004E-3,-2.72000003,
,,,-18.6199993E-3,-2.5599999,
,,,-18.6000001E-3,-2.3199999,
,,,-18.5799990E-3,-2.1599998,
,,,-18.5599998E-3,-1.9200000,
,,,-18.5399987E-3,-1.7600000,
,,,-18.5199995E-3,-1.5999999,
,,,-18.5000002E-3,-1.5999999,
,,,-18.4799992E-3,-1.4399999,
,,,-18.4599999E-3,-1.2800000,
,,,-18.4399989E-3,-1.1999999,
,,,-18.4199996E-3,-1.1200000,
,,,-18.4000004E-3,-1.0400000,
,,,-18.3799993E-3,-959.999978542E-3,
,,,-18.3600001E-3,-879.999995232E-3,
,,,-18.3399990E-3,-879.999995232E-3,
,,,-18.3199998E-3,-719.999969006E-3,
,,,-18.2999987E-3,-639.999985695E-3,
,,,-18.2799995E-3,-639.999985695E-3,
,,,-18.2600003E-3,-560.000002384E-3,
,,,-18.2399992E-3,-560.000002384E-3,
,,,-18.2200000E-3,-479.999989271E-3,
,,,-18.1999989E-3,-479.999989271E-3,
,,,-18.1799997E-3,-399.99997616E-3,
,,,-18.1600004E-3,-319.99999285E-3,
,,,-18.1399994E-3,-399.99997616E-3,
,,,-18.1200001E-3,-399.99997616E-3,
,,,-18.0999991E-3,-239.99999464E-3,
,,,-18.0799998E-3,-239.99999464E-3,
,,,-18.0599988E-3,-239.99999464E-3,
,,,-18.0399995E-3,-239.99999464E-3,
,,,-18.0200003E-3,-239.99999464E-3,
,,,-17.9999992E-3,-159.99999642E-3,
,,,-17.9800000E-3,-159.99999642E-3,
,,,-17.9599989E-3,-159.99999642E-3,
,,,-17.9399997E-3,-159.99999642E-3,
,,,-17.9200005E-3,-159.99999642E-3,
,,,-17.8999994E-3,-79.999998212E-3,
,,,-17.8800002E-3,-79.999998212E-3,
,,,-17.8599991E-3,-79.999998212E-3,
,,,-17.8399999E-3,-79.999998212E-3,
,,,-17.8199988E-3,-79.999998212E-3,
,,,-17.7999996E-3,-79.999998212E-3,
,,,-17.7800003E-3,-79.999998212E-3,
,,,-17.7599993E-3,0.0,
,,,-17.7400000E-3,-79.999998212E-3,
,,,-17.7199990E-3,-79.999998212E-3,
,,,-17.6999997E-3,-79.999998212E-3,
,,,-17.6800005E-3,-79.999998212E-3,
,,,-17.6599994E-3,-79.999998212E-3,
,,,-17.6400002E-3,0.0,
,,,-17.6199991E-3,0.0,
,,,-17.5999999E-3,0.0,
,,,-17.5799988E-3,0.0,
,,,-17.5599996E-3,0.0,
,,,-17.5400004E-3,0.0,
,,,-17.5199993E-3,0.0,
,,,-17.5000001E-3,0.0,
,,,-17.4799990E-3,0.0,
,,,-17.4599998E-3,0.0,
,,,-17.4399987E-3,0.0,
,,,-17.4199995E-3,0.0,
,,,-17.4000002E-3,0.0,
,,,-17.3799992E-3,0.0,
,,,-17.3599999E-3,0.0,
,,,-17.3399989E-3,0.0,
,,,-17.3199996E-3,0.0,
,,,-17.3000004E-3,0.0,
,,,-17.2799993E-3,0.0,
,,,-17.2600001E-3,0.0,
,,,-17.2399990E-3,0.0,
,,,-17.2199998E-3,0.0,
,,,-17.1999987E-3,0.0,
,,,-17.1799995E-3,0.0,
,,,-17.1600003E-3,0.0,
,,,-17.1399992E-3,0.0,
,,,-17.1200000E-3,0.0,
,,,-17.0999989E-3,0.0,
,,,-17.0799997E-3,0.0,
,,,-17.0600004E-3,0.0,
,,,-17.0399994E-3,0.0,
,,,-17.0200001E-3,0.0,
,,,-16.9999991E-3,0.0,
,,,-16.9799998E-3,0.0,
,,,-16.9599988E-3,0.0,
,,,-16.9399995E-3,0.0,
,,,-16.9200003E-3,0.0,
,,,-16.8999992E-3,0.0,
,,,-16.8800000E-3,0.0,
,,,-16.8599989E-3,0.0,
,,,-16.8399997E-3,0.0,
,,,-16.8200005E-3,0.0,
,,,-16.7999994E-3,0.0,
,,,-16.7800002E-3,0.0,
,,,-16.7599991E-3,0.0,
,,,-16.7399999E-3,0.0,
,,,-16.7199988E-3,0.0,
,,,-16.6999996E-3,0.0,
,,,-16.6800003E-3,0.0,
,,,-16.6599993E-3,0.0,
,,,-16.6400000E-3,0.0,
,,,-16.6199990E-3,0.0,
,,,-16.5999997E-3,0.0,
,,,-16.5800005E-3,0.0,
,,,-16.5599994E-3,0.0,
,,,-16.5400002E-3,0.0,
,,,-16.5199991E-3,0.0,
,,,-16.4999999E-3,0.0,
,,,-16.4799988E-3,0.0,
,,,-16.4599996E-3,0.0,
,,,-16.4400004E-3,0.0,
,,,-16.4199993E-3,0.0,
,,,-16.4000001E-3,0.0,
,,,-16.3799990E-3,0.0,
,,,-16.3599998E-3,0.0,
,,,-16.3400006E-3,0.0,
,,,-16.3199995E-3,0.0,
,,,-16.3000003E-3,0.0,
,,,-16.2799992E-3,-79.999998212E-3,
,,,-16.2599999E-3,0.0,
,,,-16.2399989E-3,0.0,
,,,-16.2199996E-3,0.0,
,,,-16.2000004E-3,0.0,
,,,-16.1799993E-3,0.0,
,,,-16.1600001E-3,0.0,
,,,-16.1399990E-3,0.0,
,,,-16.1199998E-3,0.0,
,,,-16.0999987E-3,0.0,
,,,-16.0799995E-3,0.0,
,,,-16.0600003E-3,0.0,
,,,-16.0399992E-3,0.0,
,,,-16.0200000E-3,0.0,
,,,-15.9999989E-3,0.0,
,,,-15.9799997E-3,0.0,
,,,-15.9600005E-3,0.0,
,,,-15.9399994E-3,0.0,
,,,-15.9200002E-3,0.0,
,,,-15.8999991E-3,0.0,
,,,-15.8799998E-3,0.0,
,,,-15.8599988E-3,0.0,
,,,-15.8399995E-3,0.0,
,,,-15.8200003E-3,0.0,
,,,-15.7999992E-3,0.0,
,,,-15.7800000E-3,0.0,
,,,-15.7599989E-3,0.0,
,,,-15.7399997E-3,0.0,
,,,-15.7200005E-3,0.0,
,,,-15.6999994E-3,0.0,
,,,-15.6800002E-3,0.0,
,,,-15.6599991E-3,0.0,
,,,-15.6399999E-3,0.0,
,,,-15.6199997E-3,0.0,
,,,-15.5999996E-3,0.0,
,,,-15.5799994E-3,0.0,
,,,-15.5599993E-3,0.0,
,,,-15.5400001E-3,0.0,
,,,-15.5199999E-3,0.0,
,,,-15.4999997E-3,0.0,
,,,-15.4799996E-3,0.0,
,,,-15.4599994E-3,0.0,
,,,-15.4399993E-3,0.0,
,,,-15.4200001E-3,0.0,
,,,-15.3999999E-3,0.0,
,,,-15.3799998E-3,0.0,
,,,-15.3599996E-3,0.0,
,,,-15.3399995E-3,0.0,
,,,-15.3199993E-3,0.0,
,,,-15.3000001E-3,0.0,
,,,-15.2799999E-3,0.0,
,,,-15.2599998E-3,0.0,
,,,-15.2399996E-3,0.0,
,,,-15.2199995E-3,0.0,
,,,-15.1999993E-3,0.0,
,,,-15.1800001E-3,0.0,
,,,-15.1600000E-3,0.0,
,,,-15.1399998E-3,0.0,
,,,-15.1199996E-3,0.0,
,,,-15.0999995E-3,0.0,
,,,-15.0799993E-3,0.0,
,,,-15.0600001E-3,0.0,
,,,-15.0400000E-3,0.0,
,,,-15.0199998E-3,0.0,
,,,-14.9999997E-3,0.0,
,,,-14.9799995E-3,0.0,
,,,-14.9599994E-3,0.0,
,,,-14.9399992E-3,0.0,
,,,-14.9200000E-3,0.0,
,,,-14.8999998E-3,0.0,
,,,-14.8799997E-3,0.0,
,,,-14.8599995E-3,0.0,
,,,-14.8399994E-3,0.0,
,,,-14.8199992E-3,0.0,
,,,-14.8000000E-3,0.0,
,,,-14.7799999E-3,0.0,
,,,-14.7599997E-3,0.0,
,,,-14.7399995E-3,0.0,
,,,-14.7199994E-3,0.0,
,,,-14.6999992E-3,0.0,
,,,-14.6800000E-3,0.0,
,,,-14.6599999E-3,0.0,
,,,-14.6399997E-3,0.0,
,,,-14.6199996E-3,0.0,
,,,-14.5999994E-3,0.0,
,,,-14.5799993E-3,0.0,
,,,-14.5600000E-3,0.0,
,,,-14.5399999E-3,0.0,
,,,-14.5199997E-3,0.0,
,,,-14.4999996E-3,0.0,
,,,-14.4799994E-3,0.0,
,,,-14.4599993E-3,0.0,
,,,-14.4400001E-3,0.0,
,,,-14.4199999E-3,0.0,
,,,-14.3999998E-3,0.0,
,,,-14.3799996E-3,0.0,
,,,-14.3599994E-3,0.0,
,,,-14.3399993E-3,0.0,
,,,-14.3200001E-3,0.0,
,,,-14.2999999E-3,0.0,
,,,-14.2799998E-3,0.0,
,,,-14.2599996E-3,0.0,
,,,-14.2399995E-3,0.0,
,,,-14.2199993E-3,0.0,
,,,-14.2000001E-3,0.0,
,,,-14.1799999E-3,0.0,
,,,-14.1599998E-3,0.0,
,,,-14.1399996E-3,0.0,
,,,-14.1199995E-3,0.0,
,,,-14.0999993E-3,0.0,
,,,-14.0800001E-3,0.0,
,,,-14.0600000E-3,0.0,
,,,-14.0399998E-3,0.0,
,,,-14.0199997E-3,0.0,
,,,-13.9999995E-3,0.0,
,,,-13.9799993E-3,0.0,
,,,-13.9600001E-3,0.0,
,,,-13.9400000E-3,79.999998212E-3,
,,,-13.9199998E-3,0.0,
,,,-13.8999997E-3,0.0,
,,,-13.8799995E-3,0.0,
,,,-13.8599994E-3,0.0,
,,,-13.8400001E-3,0.0,
,,,-13.8200000E-3,0.0,
,,,-13.7999998E-3,0.0,
,,,-13.7799997E-3,0.0,
,,,-13.7599995E-3,0.0,
,,,-13.7399994E-3,0.0,
,,,-13.7200002E-3,0.0,
,,,-13.7000000E-3,0.0,
,,,-13.6799999E-3,0.0,
,,,-13.6599997E-3,79.999998212E-3,
,,,-13.6399996E-3,0.0,
,,,-13.6199994E-3,0.0,
,,,-13.5999992E-3,0.0,
,,,-13.5800000E-3,0.0,
,,,-13.5599999E-3,0.0,
,,,-13.5399997E-3,0.0,
,,,-13.5199996E-3,0.0,
,,,-13.4999994E-3,0.0,
,,,-13.4799993E-3,0.0,
,,,-13.4600000E-3,0.0,
,,,-13.4399999E-3,0.0,
,,,-13.4199997E-3,0.0,
,,,-13.3999996E-3,0.0,
,,,-13.3799994E-3,0.0,
,,,-13.3599993E-3,0.0,
,,,-13.3400001E-3,0.0,
,,,-13.3199999E-3,-79.999998212E-3,
,,,-13.2999998E-3,0.0,
,,,-13.2799996E-3,0.0,
,,,-13.2599995E-3,0.0,
,,,-13.2399993E-3,0.0,
,,,-13.2200001E-3,0.0,
,,,-13.1999999E-3,0.0,
,,,-13.1799998E-3,0.0,
,,,-13.1599996E-3,0.0,
,,,-13.1399995E-3,79.999998212E-3,
,,,-13.1199993E-3,0.0,
,,,-13.1000001E-3,0.0,
,,,-13.0799999E-3,0.0,
,,,-13.0599998E-3,0.0,
,,,-13.0399996E-3,0.0,
,,,-13.0199995E-3,0.0,
,,,-12.9999993E-3,0.0,
,,,-12.9800001E-3,0.0,
,,,-12.9600000E-3,0.0,
,,,-12.9399998E-3,0.0,
,,,-12.9199997E-3,0.0,
,,,-12.8999995E-3,0.0,
,,,-12.8799994E-3,0.0,
,,,-12.8600001E-3,0.0,
,,,-12.8400000E-3,0.0,
,,,-12.8199998E-3,0.0,
,,,-12.7999997E-3,0.0,
,,,-12.7799995E-3,0.0,
,,,-12.7599994E-3,0.0,
,,,-12.7400002E-3,0.0,
,,,-12.7200000E-3,0.0,
,,,-12.6999998E-3,0.0,
,,,-12.6799997E-3,0.0,
,,,-12.6599995E-3,0.0,
,,,-12.6399994E-3,0.0,
,,,-12.6200002E-3,0.0,
,,,-12.6000000E-3,0.0,
,,,-12.5799999E-3,0.0,
,,,-12.5599997E-3,0.0,
,,,-12.5399996E-3,0.0,
,,,-12.5199994E-3,0.0,
,,,-12.5000002E-3,6.96000004,
,,,-12.4800000E-3,7.679999828,
,,,-12.4599999E-3,7.19999981,
,,,-12.4399997E-3,6.71999979,
,,,-12.4199996E-3,6.23999977,
,,,-12.3999994E-3,5.83999968,
,,,-12.3799993E-3,5.35999966,
,,,-12.3600001E-3,5.11999989,
,,,-12.3399999E-3,4.71999979,
,,,-12.3199997E-3,4.31999969,
,,,-12.2999996E-3,4.07999992,
,,,-12.2799994E-3,3.83999991,
,,,-12.2599993E-3,3.59999990,
,,,-12.2400001E-3,3.43999982,
,,,-12.2199999E-3,3.19999981,
,,,-12.1999998E-3,2.96000004,
,,,-12.1799996E-3,2.79999995,
,,,-12.1599995E-3,2.6399999,
,,,-12.1399993E-3,2.4800000,
,,,-12.1200001E-3,2.3999999,
,,,-12.0999999E-3,2.2400000,
,,,-12.0799998E-3,2.0799999,
,,,-12.0599996E-3,2.0000000,
,,,-12.0399995E-3,1.9200000,
,,,-12.0199993E-3,1.8399999,
,,,-12.0000001E-3,1.7600000,
,,,-11.9800000E-3,1.5999999,
,,,-11.9599998E-3,1.5999999,
,,,-11.9399996E-3,1.5200000,
,,,-11.9199995E-3,1.4399999,
,,,-11.8999993E-3,1.3600000,
,,,-11.8800001E-3,1.3600000,
,,,-11.8600000E-3,1.2800000,
,,,-11.8399998E-3,1.2800000,
,,,-11.8199997E-3,1.1999999,
,,,-11.7999995E-3,1.1200000,
,,,-11.7799994E-3,1.1200000,
,,,-11.7600001E-3,1.0400000,
,,,-11.7400000E-3,1.0400000,
,,,-11.7199998E-3,1.0400000,
,,,-11.6999997E-3,1.0400000,
,,,-11.6799995E-3,959.999978542E-3,
,,,-11.6599994E-3,959.999978542E-3,
,,,-11.6400002E-3,959.999978542E-3,
,,,-11.6200000E-3,879.999995232E-3,
,,,-11.5999999E-3,879.999995232E-3,
,,,-11.5799997E-3,879.999995232E-3,
,,,-11.5599995E-3,879.999995232E-3,
,,,-11.5399994E-3,799.999952316E-3,
,,,-11.5200002E-3,879.999995232E-3,
,,,-11.5000000E-3,879.999995232E-3,
,,,-11.4799999E-3,799.999952316E-3,
,,,-11.4599997E-3,879.999995232E-3,
,,,-11.4399996E-3,799.999952316E-3,
,,,-11.4199994E-3,799.999952316E-3,
,,,-11.4000002E-3,799.999952316E-3,
,,,-11.3800000E-3,799.999952316E-3,
,,,-11.3599999E-3,799.999952316E-3,
,,,-11.3399997E-3,799.999952316E-3,
,,,-11.3199996E-3,799.999952316E-3,
,,,-11.2999994E-3,719.999969006E-3,
,,,-11.2800002E-3,719.999969006E-3,
,,,-11.2600001E-3,799.999952316E-3,
,,,-11.2399999E-3,719.999969006E-3,
,,,-11.2199998E-3,719.999969006E-3,
,,,-11.1999996E-3,799.999952316E-3,
,,,-11.1799994E-3,719.999969006E-3,
,,,-11.1599993E-3,719.999969006E-3,
,,,-11.1400001E-3,799.999952316E-3,
,,,-11.1199999E-3,799.999952316E-3,
,,,-11.0999998E-3,799.999952316E-3,
,,,-11.0799996E-3,719.999969006E-3,
,,,-11.0599995E-3,719.999969006E-3,
,,,-11.0399993E-3,719.999969006E-3,
,,,-11.0200001E-3,719.999969006E-3,
,,,-10.9999999E-3,719.999969006E-3,
,,,-10.9799998E-3,719.999969006E-3,
,,,-10.9599996E-3,719.999969006E-3,
,,,-10.9399995E-3,719.999969006E-3,
,,,-10.9199993E-3,719.999969006E-3,
,,,-10.9000001E-3,719.999969006E-3,
,,,-10.8800000E-3,719.999969006E-3,
,,,-10.8599998E-3,719.999969006E-3,
,,,-10.8399997E-3,719.999969006E-3,
,,,-10.8199995E-3,719.999969006E-3,
,,,-10.7999993E-3,719.999969006E-3,
,,,-10.7800001E-3,719.999969006E-3,
,,,-10.7600000E-3,719.999969006E-3,
,,,-10.7399998E-3,719.999969006E-3,
,,,-10.7199997E-3,719.999969006E-3,
,,,-10.6999995E-3,719.999969006E-3,
,,,-10.6799994E-3,719.999969006E-3,
,,,-10.6600001E-3,719.999969006E-3,
,,,-10.6400000E-3,719.999969006E-3,
,,,-10.6199998E-3,719.999969006E-3,
,,,-10.5999997E-3,719.999969006E-3,
,,,-10.5799995E-3,719.999969006E-3,
,,,-10.5599994E-3,719.999969006E-3,
,,,-10.5400002E-3,719.999969006E-3,
,,,-10.5200000E-3,719.999969006E-3,
,,,-10.4999999E-3,719.999969006E-3,
,,,-10.4799997E-3,719.999969006E-3,
,,,-10.4599996E-3,719.999969006E-3,
,,,-10.4399994E-3,719.999969006E-3,
,,,-10.4200002E-3,719.999969006E-3,
,,,-10.4000000E-3,719.999969006E-3,
,,,-10.3799999E-3,719.999969006E-3,
,,,-10.3599997E-3,719.999969006E-3,
,,,-10.3399996E-3,719.999969006E-3,
,,,-10.3199994E-3,719.999969006E-3,
,,,-10.3000002E-3,719.999969006E-3,
,,,-10.2800000E-3,719.999969006E-3,
,,,-10.2599999E-3,719.999969006E-3,
,,,-10.2399997E-3,719.999969006E-3,
,,,-10.2199996E-3,719.999969006E-3,
,,,-10.1999994E-3,719.999969006E-3,
,,,-10.1800002E-3,719.999969006E-3,
,,,-10.1600001E-3,719.999969006E-3,
,,,-10.1399999E-3,719.999969006E-3,
,,,-10.1199998E-3,719.999969006E-3,
,,,-10.0999996E-3,719.999969006E-3,
,,,-10.0799995E-3,719.999969006E-3,
,,,-10.0600002E-3,719.999969006E-3,
,,,-10.0400001E-3,719.999969006E-3,
,,,-10.0199999E-3,719.999969006E-3,
,,,-9.999999776E-3,719.999969006E-3,
,,,-9.979999624E-3,719.999969006E-3,
,,,-9.959999472E-3,719.999969006E-3,
,,,-9.940000251E-3,719.999969006E-3,
,,,-9.920000099E-3,719.999969006E-3,
,,,-9.899999946E-3,719.999969006E-3,
,,,-9.879999794E-3,719.999969006E-3,
,,,-9.859999642E-3,719.999969006E-3,
,,,-9.839999489E-3,719.999969006E-3,
,,,-9.819999337E-3,719.999969006E-3,
,,,-9.800000116E-3,719.999969006E-3,
,,,-9.779999964E-3,719.999969006E-3,
,,,-9.759999812E-3,719.999969006E-3,
,,,-9.739999659E-3,719.999969006E-3,
,,,-9.719999507E-3,719.999969006E-3,
,,,-9.699999355E-3,719.999969006E-3,
,,,-9.680000134E-3,719.999969006E-3,
,,,-9.659999982E-3,719.999969006E-3,
,,,-9.639999829E-3,719.999969006E-3,
,,,-9.619999677E-3,719.999969006E-3,
,,,-9.599999525E-3,719.999969006E-3,
,,,-9.579999372E-3,719.999969006E-3,
,,,-9.560000151E-3,719.999969006E-3,
,,,-9.539999999E-3,719.999969006E-3,
,,,-9.519999847E-3,719.999969006E-3,
,,,-9.499999695E-3,719.999969006E-3,
,,,-9.479999542E-3,719.999969006E-3,
,,,-9.459999390E-3,719.999969006E-3,
,,,-9.440000169E-3,719.999969006E-3,
,,,-9.420000017E-3,719.999969006E-3,
,,,-9.399999864E-3,719.999969006E-3,
,,,-9.379999712E-3,719.999969006E-3,
,,,-9.359999560E-3,719.999969006E-3,
,,,-9.339999408E-3,719.999969006E-3,
,,,-9.320000187E-3,719.999969006E-3,
,,,-9.300000034E-3,719.999969006E-3,
,,,-9.279999882E-3,719.999969006E-3,
,,,-9.259999730E-3,719.999969006E-3,
,,,-9.239999577E-3,719.999969006E-3,
,,,-9.219999425E-3,719.999969006E-3,
,,,-9.200000204E-3,719.999969006E-3,
,,,-9.180000052E-3,719.999969006E-3,
,,,-9.159999900E-3,719.999969006E-3,
,,,-9.139999747E-3,719.999969006E-3,
,,,-9.119999595E-3,719.999969006E-3,
,,,-9.099999443E-3,719.999969006E-3,
,,,-9.080000222E-3,719.999969006E-3,
,,,-9.060000069E-3,719.999969006E-3,
,,,-9.039999917E-3,719.999969006E-3,
,,,-9.019999765E-3,719.999969006E-3,
,,,-8.999999613E-3,719.999969006E-3,
,,,-8.979999460E-3,719.999969006E-3,
,,,-8.960000239E-3,719.999969006E-3,
,,,-8.940000087E-3,719.999969006E-3,
,,,-8.919999935E-3,719.999969006E-3,
,,,-8.899999782E-3,719.999969006E-3,
,,,-8.879999630E-3,719.999969006E-3,
,,,-8.859999478E-3,719.999969006E-3,
,,,-8.840000257E-3,719.999969006E-3,
,,,-8.820000105E-3,719.999969006E-3,
,,,-8.799999952E-3,719.999969006E-3,
,,,-8.779999800E-3,719.999969006E-3,
,,,-8.759999648E-3,719.999969006E-3,
,,,-8.739999495E-3,719.999969006E-3,
,,,-8.720000274E-3,719.999969006E-3,
,,,-8.700000122E-3,719.999969006E-3,
,,,-8.679999970E-3,719.999969006E-3,
,,,-8.659999818E-3,719.999969006E-3,
,,,-8.639999665E-3,719.999969006E-3,
,,,-8.619999513E-3,719.999969006E-3,
,,,-8.600000292E-3,719.999969006E-3,
,,,-8.580000140E-3,719.999969006E-3,
,,,-8.559999987E-3,719.999969006E-3,
,,,-8.539999835E-3,719.999969006E-3,
,,,-8.519999683E-3,719.999969006E-3,
,,,-8.499999531E-3,719.999969006E-3,
,,,-8.479999378E-3,719.999969006E-3,
,,,-8.460000157E-3,719.999969006E-3,
,,,-8.440000005E-3,719.999969006E-3,
,,,-8.419999853E-3,719.999969006E-3,
,,,-8.399999700E-3,719.999969006E-3,
,,,-8.379999548E-3,719.999969006E-3,
,,,-8.359999396E-3,719.999969006E-3,
,,,-8.340000175E-3,719.999969006E-3,
,,,-8.320000023E-3,719.999969006E-3,
,,,-8.299999870E-3,719.999969006E-3,
,,,-8.279999718E-3,719.999969006E-3,
,,,-8.259999566E-3,719.999969006E-3,
,,,-8.239999413E-3,719.999969006E-3,
,,,-8.220000193E-3,719.999969006E-3,
,,,-8.200000040E-3,719.999969006E-3,
,,,-8.179999888E-3,719.999969006E-3,
,,,-8.159999736E-3,719.999969006E-3,
,,,-8.139999583E-3,719.999969006E-3,
,,,-8.119999431E-3,719.999969006E-3,
,,,-8.100000210E-3,719.999969006E-3,
,,,-8.080000058E-3,719.999969006E-3,
,,,-8.059999906E-3,719.999969006E-3,
,,,-8.039999753E-3,719.999969006E-3,
,,,-8.019999601E-3,719.999969006E-3,
,,,-7.999999449E-3,719.999969006E-3,
,,,-7.980000228E-3,719.999969006E-3,
,,,-7.960000075E-3,719.999969006E-3,
,,,-7.939999923E-3,719.999969006E-3,
,,,-7.919999771E-3,719.999969006E-3,
,,,-7.899999619E-3,719.999969006E-3,
,,,-7.879999466E-3,719.999969006E-3,
,,,-7.860000245E-3,719.999969006E-3,
,,,-7.840000093E-3,719.999969006E-3,
,,,-7.819999941E-3,719.999969006E-3,
,,,-7.799999788E-3,719.999969006E-3,
,,,-7.779999636E-3,719.999969006E-3,
,,,-7.759999949E-3,719.999969006E-3,
,,,-7.739999797E-3,719.999969006E-3,
,,,-7.719999645E-3,719.999969006E-3,
,,,-7.699999958E-3,719.999969006E-3,
,,,-7.679999806E-3,719.999969006E-3,
,,,-7.659999654E-3,719.999969006E-3,
,,,-7.639999967E-3,719.999969006E-3,
,,,-7.619999815E-3,719.999969006E-3,
,,,-7.599999662E-3,719.999969006E-3,
,,,-7.579999976E-3,719.999969006E-3,
,,,-7.559999824E-3,719.999969006E-3,
,,,-7.539999671E-3,719.999969006E-3,
,,,-7.519999985E-3,719.999969006E-3,
,,,-7.499999832E-3,719.999969006E-3,
,,,-7.479999680E-3,719.999969006E-3,
,,,-7.459999993E-3,719.999969006E-3,
,,,-7.439999841E-3,719.999969006E-3,
,,,-7.419999689E-3,719.999969006E-3,
,,,-7.400000002E-3,719.999969006E-3,
,,,-7.37999985E-3,719.999969006E-3,
,,,-7.35999970E-3,719.999969006E-3,
,,,-7.34000001E-3,719.999969006E-3,
,,,-7.31999986E-3,719.999969006E-3,
,,,-7.29999971E-3,719.999969006E-3,
,,,-7.28000002E-3,719.999969006E-3,
,,,-7.25999987E-3,719.999969006E-3,
,,,-7.23999972E-3,719.999969006E-3,
,,,-7.22000003E-3,719.999969006E-3,
,,,-7.19999988E-3,719.999969006E-3,
,,,-7.17999972E-3,719.999969006E-3,
,,,-7.16000004E-3,719.999969006E-3,
,,,-7.13999989E-3,719.999969006E-3,
,,,-7.11999973E-3,719.999969006E-3,
,,,-7.10000005E-3,719.999969006E-3,
,,,-7.07999989E-3,719.999969006E-3,
,,,-7.05999974E-3,719.999969006E-3,
,,,-7.04000005E-3,719.999969006E-3,
,,,-7.01999990E-3,719.999969006E-3,
,,,-6.99999975E-3,719.999969006E-3,
,,,-6.98000006E-3,719.999969006E-3,
,,,-6.95999991E-3,719.999969006E-3,
,,,-6.93999976E-3,719.999969006E-3,
,,,-6.92000007E-3,719.999969006E-3,
,,,-6.89999992E-3,719.999969006E-3,
,,,-6.87999977E-3,719.999969006E-3,
,,,-6.86000008E-3,719.999969006E-3,
,,,-6.83999993E-3,719.999969006E-3,
,,,-6.81999978E-3,719.999969006E-3,
,,,-6.80000009E-3,719.999969006E-3,
,,,-6.77999994E-3,719.999969006E-3,
,,,-6.75999979E-3,719.999969006E-3,
,,,-6.74000010E-3,719.999969006E-3,
,,,-6.71999995E-3,719.999969006E-3,
,,,-6.69999979E-3,719.999969006E-3,
,,,-6.67999964E-3,719.999969006E-3,
,,,-6.65999996E-3,719.999969006E-3,
,,,-6.63999980E-3,719.999969006E-3,
,,,-6.61999965E-3,719.999969006E-3,
,,,-6.59999996E-3,719.999969006E-3,
,,,-6.57999981E-3,719.999969006E-3,
,,,-6.55999966E-3,719.999969006E-3,
,,,-6.53999997E-3,719.999969006E-3,
,,,-6.51999982E-3,719.999969006E-3,
,,,-6.49999967E-3,719.999969006E-3,
,,,-6.47999998E-3,719.999969006E-3,
,,,-6.45999983E-3,719.999969006E-3,
,,,-6.43999968E-3,719.999969006E-3,
,,,-6.41999999E-3,719.999969006E-3,
,,,-6.39999984E-3,319.99999285E-3,
,,,-6.37999969E-3,-7.11999989,
,,,-6.36000000E-3,-6.63999987,
,,,-6.33999985E-3,-6.15999985,
,,,-6.31999969E-3,-5.67999983,
,,,-6.30000001E-3,-5.27999973,
,,,-6.27999986E-3,-4.79999971,
,,,-6.25999970E-3,-4.48000002,
,,,-6.24000002E-3,-4.15999985,
,,,-6.21999986E-3,-3.83999991,
,,,-6.19999971E-3,-3.51999998,
,,,-6.18000003E-3,-3.19999981,
,,,-6.15999987E-3,-2.96000004,
,,,-6.13999972E-3,-2.72000003,
,,,-6.12000003E-3,-2.5599999,
,,,-6.09999988E-3,-2.3199999,
,,,-6.07999973E-3,-2.0799999,
,,,-6.06000004E-3,-2.0000000,
,,,-6.03999989E-3,-1.7600000,
,,,-6.01999974E-3,-1.6799999,
,,,-6.00000005E-3,-1.5200000,
,,,-5.97999990E-3,-1.3600000,
,,,-5.95999975E-3,-1.2800000,
,,,-5.94000006E-3,-1.1999999,
,,,-5.91999991E-3,-1.0400000,
,,,-5.89999976E-3,-1.0400000,
,,,-5.88000007E-3,-959.999978542E-3,
,,,-5.85999992E-3,-879.999995232E-3,
,,,-5.83999977E-3,-799.999952316E-3,
,,,-5.82000008E-3,-719.999969006E-3,
,,,-5.79999993E-3,-639.999985695E-3,
,,,-5.77999977E-3,-639.999985695E-3,
,,,-5.76000009E-3,-560.000002384E-3,
,,,-5.73999994E-3,-560.000002384E-3,
,,,-5.71999978E-3,-479.999989271E-3,
,,,-5.70000010E-3,-479.999989271E-3,
,,,-5.67999994E-3,-399.99997616E-3,
,,,-5.65999979E-3,-399.99997616E-3,
,,,-5.64000010E-3,-319.99999285E-3,
,,,-5.61999995E-3,-319.99999285E-3,
,,,-5.59999980E-3,-319.99999285E-3,
,,,-5.58000011E-3,-239.99999464E-3,
,,,-5.55999996E-3,-239.99999464E-3,
,,,-5.53999981E-3,-239.99999464E-3,
,,,-5.52000012E-3,-159.99999642E-3,
,,,-5.49999997E-3,-159.99999642E-3,
,,,-5.47999982E-3,-159.99999642E-3,
,,,-5.46000013E-3,-159.99999642E-3,
,,,-5.43999998E-3,-159.99999642E-3,
,,,-5.41999983E-3,-79.999998212E-3,
,,,-5.40000014E-3,-79.999998212E-3,
,,,-5.37999999E-3,-79.999998212E-3,
,,,-5.35999984E-3,-79.999998212E-3,
,,,-5.33999968E-3,-79.999998212E-3,
,,,-5.32000000E-3,-79.999998212E-3,
,,,-5.29999984E-3,-79.999998212E-3,
,,,-5.27999969E-3,-79.999998212E-3,
,,,-5.26000001E-3,-79.999998212E-3,
,,,-5.23999985E-3,-79.999998212E-3,
,,,-5.21999970E-3,-79.999998212E-3,
,,,-5.20000001E-3,-79.999998212E-3,
,,,-5.17999986E-3,0.0,
,,,-5.15999971E-3,0.0,
,,,-5.14000002E-3,-79.999998212E-3,
,,,-5.11999987E-3,0.0,
,,,-5.09999972E-3,0.0,
,,,-5.08000003E-3,-79.999998212E-3,
,,,-5.05999988E-3,0.0,
,,,-5.03999973E-3,0.0,
,,,-5.02000004E-3,0.0,
,,,-4.99999989E-3,0.0,
,,,-4.97999974E-3,0.0,
,,,-4.96000005E-3,0.0,
,,,-4.93999990E-3,0.0,
,,,-4.91999974E-3,0.0,
,,,-4.90000006E-3,0.0,
,,,-4.87999991E-3,0.0,
,,,-4.85999975E-3,0.0,
,,,-4.84000007E-3,0.0,
,,,-4.81999991E-3,0.0,
,,,-4.79999976E-3,0.0,
,,,-4.78000008E-3,0.0,
,,,-4.75999992E-3,0.0,
,,,-4.73999977E-3,0.0,
,,,-4.72000008E-3,0.0,
,,,-4.69999993E-3,0.0,
,,,-4.67999978E-3,0.0,
,,,-4.66000009E-3,0.0,
,,,-4.63999994E-3,0.0,
,,,-4.61999979E-3,0.0,
,,,-4.60000010E-3,0.0,
,,,-4.57999995E-3,0.0,
,,,-4.55999980E-3,0.0,
,,,-4.54000011E-3,0.0,
,,,-4.51999996E-3,0.0,
,,,-4.49999981E-3,0.0,
,,,-4.48000012E-3,0.0,
,,,-4.45999997E-3,0.0,
,,,-4.43999982E-3,0.0,
,,,-4.42000013E-3,0.0,
,,,-4.39999998E-3,0.0,
,,,-4.37999982E-3,0.0,
,,,-4.36000014E-3,0.0,
,,,-4.33999998E-3,0.0,
,,,-4.31999983E-3,0.0,
,,,-4.30000015E-3,0.0,
,,,-4.27999999E-3,0.0,
,,,-4.25999984E-3,0.0,
,,,-4.24000015E-3,0.0,
,,,-4.22000000E-3,0.0,
,,,-4.19999985E-3,0.0,
,,,-4.18000016E-3,0.0,
,,,-4.16000001E-3,0.0,
,,,-4.13999986E-3,0.0,
,,,-4.11999971E-3,0.0,
,,,-4.10000002E-3,0.0,
,,,-4.07999987E-3,0.0,
,,,-4.05999972E-3,0.0,
,,,-4.04000003E-3,0.0,
,,,-4.01999988E-3,0.0,
,,,-3.99999972E-3,0.0,
,,,-3.98000004E-3,0.0,
,,,-3.95999989E-3,0.0,
,,,-3.93999973E-3,0.0,
,,,-3.92000005E-3,0.0,
,,,-3.89999989E-3,0.0,
,,,-3.87999997E-3,0.0,
,,,-3.86000006E-3,0.0,
,,,-3.83999990E-3,0.0,
,,,-3.81999998E-3,0.0,
,,,-3.80000006E-3,0.0,
,,,-3.77999991E-3,0.0,
,,,-3.75999999E-3,0.0,
,,,-3.73999984E-3,0.0,
,,,-3.71999992E-3,0.0,
,,,-3.70000000E-3,0.0,
,,,-3.67999985E-3,0.0,
,,,-3.65999993E-3,0.0,
,,,-3.64000001E-3,0.0,
,,,-3.61999986E-3,0.0,
,,,-3.59999994E-3,0.0,
,,,-3.58000002E-3,0.0,
,,,-3.55999987E-3,0.0,
,,,-3.53999995E-3,0.0,
,,,-3.52000003E-3,0.0,
,,,-3.49999988E-3,0.0,
,,,-3.47999996E-3,0.0,
,,,-3.46000004E-3,0.0,
,,,-3.43999988E-3,0.0,
,,,-3.41999996E-3,0.0,
,,,-3.40000005E-3,0.0,
,,,-3.37999989E-3,0.0,
,,,-3.35999997E-3,0.0,
,,,-3.34000005E-3,0.0,
,,,-3.31999990E-3,0.0,
,,,-3.29999998E-3,0.0,
,,,-3.28000006E-3,0.0,
,,,-3.25999991E-3,0.0,
,,,-3.23999999E-3,0.0,
,,,-3.22000007E-3,0.0,
,,,-3.19999992E-3,0.0,
,,,-3.18000000E-3,0.0,
,,,-3.15999985E-3,0.0,
,,,-3.13999993E-3,0.0,
,,,-3.12000001E-3,0.0,
,,,-3.09999986E-3,0.0,
,,,-3.07999994E-3,0.0,
,,,-3.06000002E-3,0.0,
,,,-3.03999986E-3,0.0,
,,,-3.01999995E-3,0.0,
,,,-3.00000003E-3,0.0,
,,,-2.97999987E-3,0.0,
,,,-2.95999995E-3,0.0,
,,,-2.94000003E-3,0.0,
,,,-2.91999988E-3,0.0,
,,,-2.89999996E-3,0.0,
,,,-2.88000004E-3,0.0,
,,,-2.85999989E-3,0.0,
,,,-2.83999997E-3,0.0,
,,,-2.82000005E-3,0.0,
,,,-2.79999990E-3,0.0,
,,,-2.77999998E-3,0.0,
,,,-2.76000006E-3,0.0,
,,,-2.73999991E-3,0.0,
,,,-2.71999999E-3,0.0,
,,,-2.7000001E-3,0.0,
,,,-2.6799999E-3,0.0,
,,,-2.6600000E-3,0.0,
,,,-2.6400001E-3,0.0,
,,,-2.6199999E-3,0.0,
,,,-2.6000000E-3,0.0,
,,,-2.5800001E-3,0.0,
,,,-2.5599999E-3,0.0,
,,,-2.5400000E-3,0.0,
,,,-2.5200001E-3,0.0,
,,,-2.4999999E-3,0.0,
,,,-2.4800000E-3,0.0,
,,,-2.4599999E-3,0.0,
,,,-2.4400000E-3,0.0,
,,,-2.4200000E-3,0.0,
,,,-2.3999999E-3,0.0,
,,,-2.3800000E-3,0.0,
,,,-2.3600000E-3,0.0,
,,,-2.3399999E-3,0.0,
,,,-2.3200000E-3,0.0,
,,,-2.3000001E-3,0.0,
,,,-2.2799999E-3,0.0,
,,,-2.2600000E-3,0.0,
,,,-2.2400001E-3,0.0,
,,,-2.2199999E-3,0.0,
,,,-2.2000000E-3,0.0,
,,,-2.1800001E-3,0.0,
,,,-2.1599999E-3,0.0,
,,,-2.1400000E-3,0.0,
,,,-2.1200001E-3,0.0,
,,,-2.0999999E-3,0.0,
,,,-2.0800000E-3,0.0,
,,,-2.0600001E-3,0.0,
,,,-2.0399999E-3,0.0,
,,,-2.0200000E-3,0.0,
,,,-2.0000001E-3,0.0,
,,,-1.9799999E-3,0.0,
,,,-1.9600000E-3,0.0,
,,,-1.9400000E-3,0.0,
,,,-1.9200000E-3,0.0,
,,,-1.9000000E-3,0.0,
,,,-1.8800000E-3,0.0,
,,,-1.8600000E-3,0.0,
,,,-1.8400000E-3,0.0,
,,,-1.8200000E-3,0.0,
,,,-1.8000000E-3,0.0,
,,,-1.7800000E-3,0.0,
,,,-1.7600000E-3,0.0,
,,,-1.7400000E-3,0.0,
,,,-1.7200001E-3,0.0,
,,,-1.7000000E-3,0.0,
,,,-1.6800000E-3,0.0,
,,,-1.6600000E-3,0.0,
,,,-1.6400000E-3,0.0,
,,,-1.6200000E-3,0.0,
,,,-1.6000000E-3,0.0,
,,,-1.5800000E-3,0.0,
,,,-1.5600000E-3,0.0,
,,,-1.5400000E-3,0.0,
,,,-1.5200000E-3,79.999998212E-3,
,,,-1.5000000E-3,0.0,
,,,-1.4800000E-3,0.0,
,,,-1.4600001E-3,0.0,
,,,-1.4400000E-3,0.0,
,,,-1.4200000E-3,0.0,
,,,-1.4000000E-3,0.0,
,,,-1.3800000E-3,0.0,
,,,-1.3600000E-3,0.0,
,,,-1.3400000E-3,0.0,
,,,-1.3200000E-3,0.0,
,,,-1.3000000E-3,0.0,
,,,-1.2800000E-3,0.0,
,,,-1.2600000E-3,0.0,
,,,-1.2400000E-3,0.0,
,,,-1.2200000E-3,0.0,
,,,-1.2000001E-3,0.0,
,,,-1.1800000E-3,0.0,
,,,-1.1600000E-3,0.0,
,,,-1.1400001E-3,0.0,
,,,-1.1200000E-3,0.0,
,,,-1.1000000E-3,0.0,
,,,-1.0800001E-3,0.0,
,,,-1.0600000E-3,0.0,
,,,-1.0400000E-3,0.0,
,,,-1.0200000E-3,0.0,
,,,-1.0000000E-3,0.0,
,,,-980.000011623E-6,0.0,
,,,-960.000033956E-6,0.0,
,,,-939.999998081E-6,0.0,
,,,-920.000020415E-6,0.0,
,,,-900.000042748E-6,0.0,
,,,-880.000006873E-6,0.0,
,,,-860.000029206E-6,0.0,
,,,-839.999993332E-6,0.0,
,,,-820.000015665E-6,0.0,
,,,-800.000037998E-6,0.0,
,,,-780.000002123E-6,0.0,
,,,-760.000024457E-6,0.0,
,,,-740.000046790E-6,0.0,
,,,-720.000010915E-6,0.0,
,,,-700.000033248E-6,0.0,
,,,-680.000055581E-6,0.0,
,,,-660.000019707E-6,0.0,
,,,-640.000042040E-6,0.0,
,,,-620.000006165E-6,0.0,
,,,-600.000028498E-6,0.0,
,,,-580.000050832E-6,0.0,
,,,-560.000014957E-6,0.0,
,,,-540.000037290E-6,0.0,
,,,-520.000001416E-6,0.0,
,,,-500.000023749E-6,0.0,
,,,-480.000046082E-6,0.0,
,,,-460.000039311E-6,0.0,
,,,-440.000032540E-6,0.0,
,,,-420.000025770E-6,0.0,
,,,-400.00001900E-6,0.0,
,,,-380.00004133E-6,0.0,
,,,-360.00003456E-6,0.0,
,,,-340.00002779E-6,0.0,
,,,-320.00005012E-6,0.0,
,,,-300.00004335E-6,0.0,
,,,-280.00003658E-6,0.0,
,,,-260.00002981E-6,0.0,
,,,-240.00003759E-6,0.0,
,,,-220.00004537E-6,0.0,
,,,-200.00003860E-6,0.0,
,,,-180.00003183E-6,0.0,
,,,-160.00003961E-6,0.0,
,,,-140.0000474E-6,0.0,
,,,-120.0000406E-6,0.0,
,,,-100.0000411E-6,0.0,
,,,-80.000041635E-6,0.0,
,,,-60.000042140E-6,0.0,
,,,-40.00004265E-6,0.0,
,,,-20.0000432E-6,0.0,
,,,-43.65574551E-12,6.96000004,
,,,19.9999558E-6,7.679999828,
,,,39.99995533E-6,7.19999981,
,,,59.999954829E-6,6.71999979,
,,,79.999954323E-6,6.31999969,
,,,99.999953818E-6,5.83999968,
,,,119.9999533E-6,5.44000006,
,,,139.9999601E-6,5.03999996,
,,,159.99995230E-6,4.71999979,
,,,179.99994452E-6,4.40000010,
,,,199.99995129E-6,4.15999985,
,,,219.99995806E-6,3.83999991,
,,,239.99995028E-6,3.59999990,
,,,259.99994250E-6,3.35999990,
,,,279.99994927E-6,3.11999989,
,,,299.99995604E-6,2.96000004,
,,,319.99993371E-6,2.79999995,
,,,339.99994048E-6,2.6399999,
,,,359.99994725E-6,2.4800000,
,,,379.99995402E-6,2.3999999,
,,,399.99996079E-6,2.2400000,
,,,419.999938458E-6,2.0799999,
,,,439.999945229E-6,2.0000000,
,,,459.999952000E-6,1.8399999,
,,,479.999929667E-6,1.7600000,
,,,499.999965541E-6,1.7600000,
,,,519.999943208E-6,1.6799999,
,,,539.999920875E-6,1.5200000,
,,,559.999956749E-6,1.5200000,
,,,579.999934416E-6,1.4399999,
,,,599.999912083E-6,1.4399999,
,,,619.999947958E-6,1.3600000,
,,,639.999925625E-6,1.2800000,
,,,659.999961499E-6,1.1999999,
,,,679.999939166E-6,1.1999999,
,,,699.999916833E-6,1.1999999,
,,,719.999952707E-6,1.1200000,
,,,739.999930374E-6,1.0400000,
,,,759.999966249E-6,1.0400000,
,,,779.999943916E-6,1.0400000,
,,,799.999921583E-6,959.999978542E-3,
,,,819.999957457E-6,959.999978542E-3,
,,,839.999935124E-6,959.999978542E-3,
,,,859.999912791E-6,879.999995232E-3,
,,,879.999948665E-6,959.999978542E-3,
,,,899.999926332E-6,879.999995232E-3,
,,,919.999903999E-6,879.999995232E-3,
,,,939.999939874E-6,879.999995232E-3,
,,,959.999917541E-6,879.999995232E-3,
,,,979.999895208E-6,879.999995232E-3,
,,,0.0E-3,879.999995232E-3,
,,,1.0200000E-3,799.999952316E-3,
,,,1.0399999E-3,799.999952316E-3,
,,,1.0599999E-3,799.999952316E-3,
,,,1.0800000E-3,799.999952316E-3,
,,,1.0999999E-3,799.999952316E-3,
,,,1.1199999E-3,799.999952316E-3,
,,,1.1399999E-3,799.999952316E-3,
,,,1.1600000E-3,719.999969006E-3,
,,,1.1799999E-3,799.999952316E-3,
,,,1.1999999E-3,799.999952316E-3,
,,,1.2200000E-3,799.999952316E-3,
,,,1.2399999E-3,719.999969006E-3,
,,,1.2599999E-3,719.999969006E-3,
,,,1.2800000E-3,719.999969006E-3,
,,,1.2999999E-3,719.999969006E-3,
,,,1.3199999E-3,719.999969006E-3,
,,,1.3400000E-3,719.999969006E-3,
,,,1.3599999E-3,719.999969006E-3,
,,,1.3799999E-3,719.999969006E-3,
,,,1.4000000E-3,719.999969006E-3,
,,,1.4199999E-3,719.999969006E-3,
,,,1.4399999E-3,719.999969006E-3,
,,,1.4599999E-3,719.999969006E-3,
,,,1.4799999E-3,719.999969006E-3,
,,,1.4999999E-3,719.999969006E-3,
,,,1.5199999E-3,719.999969006E-3,
,,,1.5400000E-3,719.999969006E-3,
,,,1.5599999E-3,719.999969006E-3,
,,,1.5799999E-3,719.999969006E-3,
,,,1.6000000E-3,719.999969006E-3,
,,,1.6199999E-3,719.999969006E-3,
,,,1.6399999E-3,719.999969006E-3,
,,,1.6600000E-3,799.999952316E-3,
,,,1.6799999E-3,719.999969006E-3,
,,,1.6999999E-3,719.999969006E-3,
,,,1.7199999E-3,719.999969006E-3,
,,,1.7399999E-3,719.999969006E-3,
,,,1.7599999E-3,719.999969006E-3,
,,,1.7799999E-3,719.999969006E-3,
,,,1.8000000E-3,719.999969006E-3,
,,,1.8199999E-3,719.999969006E-3,
,,,1.8399999E-3,719.999969006E-3,
,,,1.8600000E-3,719.999969006E-3,
,,,1.8799999E-3,719.999969006E-3,
,,,1.8999999E-3,719.999969006E-3,
,,,1.9200000E-3,719.999969006E-3,
,,,1.9399999E-3,719.999969006E-3,
,,,1.9600000E-3,719.999969006E-3,
,,,1.9799999E-3,719.999969006E-3,
,,,1.9999999E-3,719.999969006E-3,
,,,2.0200000E-3,719.999969006E-3,
,,,2.0399999E-3,719.999969006E-3,
,,,2.0599999E-3,719.999969006E-3,
,,,2.0800000E-3,719.999969006E-3,
,,,2.0999999E-3,719.999969006E-3,
,,,2.1199998E-3,719.999969006E-3,
,,,2.1400000E-3,719.999969006E-3,
,,,2.1599999E-3,719.999969006E-3,
,,,2.1799998E-3,719.999969006E-3,
,,,2.2000000E-3,719.999969006E-3,
,,,2.2199999E-3,719.999969006E-3,
,,,2.2399998E-3,719.999969006E-3,
,,,2.2600000E-3,719.999969006E-3,
,,,2.2799999E-3,719.999969006E-3,
,,,2.2999998E-3,719.999969006E-3,
,,,2.3200000E-3,719.999969006E-3,
,,,2.3399999E-3,719.999969006E-3,
,,,2.3599998E-3,719.999969006E-3,
,,,2.3800000E-3,719.999969006E-3,
,,,2.3999999E-3,719.999969006E-3,
,,,2.4199998E-3,719.999969006E-3,
,,,2.4400000E-3,719.999969006E-3,
,,,2.4599999E-3,719.999969006E-3,
,,,2.4799998E-3,719.999969006E-3,
,,,2.4999999E-3,719.999969006E-3,
,,,2.5199999E-3,719.999969006E-3,
,,,2.5399998E-3,719.999969006E-3,
,,,2.5599999E-3,719.999969006E-3,
,,,2.5799999E-3,719.999969006E-3,
,,,2.5999998E-3,719.999969006E-3,
,,,2.6199999E-3,719.999969006E-3,
,,,2.6399998E-3,719.999969006E-3,
,,,2.6600000E-3,719.999969006E-3,
,,,2.6799999E-3,719.999969006E-3,
,,,2.6999998E-3,719.999969006E-3,
,,,2.71999999E-3,719.999969006E-3,
,,,2.73999991E-3,719.999969006E-3,
,,,2.75999983E-3,719.999969006E-3,
,,,2.77999998E-3,719.999969006E-3,
,,,2.79999990E-3,719.999969006E-3,
,,,2.81999982E-3,719.999969006E-3,
,,,2.83999997E-3,719.999969006E-3,
,,,2.85999989E-3,719.999969006E-3,
,,,2.87999981E-3,719.999969006E-3,
,,,2.89999996E-3,719.999969006E-3,
,,,2.91999988E-3,719.999969006E-3,
,,,2.93999980E-3,719.999969006E-3,
,,,2.95999995E-3,719.999969006E-3,
,,,2.97999987E-3,719.999969006E-3,
,,,2.99999979E-3,719.999969006E-3,
,,,3.01999995E-3,719.999969006E-3,
,,,3.03999986E-3,719.999969006E-3,
,,,3.05999978E-3,719.999969006E-3,
,,,3.07999994E-3,719.999969006E-3,
,,,3.09999986E-3,719.999969006E-3,
,,,3.11999978E-3,719.999969006E-3,
,,,3.13999993E-3,719.999969006E-3,
,,,3.15999985E-3,719.999969006E-3,
,,,3.17999977E-3,719.999969006E-3,
,,,3.19999992E-3,719.999969006E-3,
,,,3.21999984E-3,719.999969006E-3,
,,,3.23999999E-3,719.999969006E-3,
,,,3.25999991E-3,719.999969006E-3,
,,,3.27999983E-3,719.999969006E-3,
,,,3.29999998E-3,719.999969006E-3,
,,,3.31999990E-3,719.999969006E-3,
,,,3.33999982E-3,719.999969006E-3,
,,,3.35999997E-3,719.999969006E-3,
,,,3.37999989E-3,719.999969006E-3,
,,,3.39999981E-3,719.999969006E-3,
,,,3.41999996E-3,719.999969006E-3,
,,,3.43999988E-3,719.999969006E-3,
,,,3.45999980E-3,719.999969006E-3,
,,,3.47999996E-3,719.999969006E-3,
,,,3.49999988E-3,719.999969006E-3,
,,,3.51999979E-3,719.999969006E-3,
,,,3.53999995E-3,719.999969006E-3,
,,,3.55999987E-3,719.999969006E-3,
,,,3.57999979E-3,719.999969006E-3,
,,,3.59999994E-3,719.999969006E-3,
,,,3.61999986E-3,719.999969006E-3,
,,,3.63999978E-3,719.999969006E-3,
,,,3.65999993E-3,719.999969006E-3,
,,,3.67999985E-3,799.999952316E-3,
,,,3.69999977E-3,719.999969006E-3,
,,,3.71999992E-3,719.999969006E-3,
,,,3.73999984E-3,719.999969006E-3,
,,,3.75999976E-3,719.999969006E-3,
,,,3.77999991E-3,719.999969006E-3,
,,,3.79999983E-3,719.999969006E-3,
,,,3.81999975E-3,719.999969006E-3,
,,,3.83999990E-3,719.999969006E-3,
,,,3.85999982E-3,719.999969006E-3,
,,,3.87999974E-3,719.999969006E-3,
,,,3.89999989E-3,719.999969006E-3,
,,,3.92000005E-3,719.999969006E-3,
,,,3.93999973E-3,719.999969006E-3,
,,,3.95999989E-3,719.999969006E-3,
,,,3.98000004E-3,719.999969006E-3,
,,,3.99999972E-3,719.999969006E-3,
,,,4.01999988E-3,719.999969006E-3,
,,,4.04000003E-3,719.999969006E-3,
,,,4.05999972E-3,719.999969006E-3,
,,,4.07999987E-3,719.999969006E-3,
,,,4.10000002E-3,719.999969006E-3,
,,,4.11999971E-3,719.999969006E-3,
,,,4.13999986E-3,719.999969006E-3,
,,,4.16000001E-3,719.999969006E-3,
,,,4.17999970E-3,719.999969006E-3,
,,,4.19999985E-3,719.999969006E-3,
,,,4.22000000E-3,719.999969006E-3,
,,,4.23999969E-3,719.999969006E-3,
,,,4.25999984E-3,719.999969006E-3,
,,,4.27999999E-3,719.999969006E-3,
,,,4.29999968E-3,719.999969006E-3,
,,,4.31999983E-3,719.999969006E-3,
,,,4.33999998E-3,719.999969006E-3,
,,,4.35999967E-3,719.999969006E-3,
,,,4.37999982E-3,719.999969006E-3,
,,,4.39999998E-3,719.999969006E-3,
,,,4.41999966E-3,719.999969006E-3,
,,,4.43999982E-3,719.999969006E-3,
,,,4.45999997E-3,719.999969006E-3,
,,,4.47999965E-3,719.999969006E-3,
,,,4.49999981E-3,719.999969006E-3,
,,,4.51999996E-3,719.999969006E-3,
,,,4.53999965E-3,719.999969006E-3,
,,,4.55999980E-3,719.999969006E-3,
,,,4.57999995E-3,719.999969006E-3,
,,,4.59999964E-3,719.999969006E-3,
,,,4.61999979E-3,719.999969006E-3,
,,,4.63999994E-3,719.999969006E-3,
,,,4.65999963E-3,719.999969006E-3,
,,,4.67999978E-3,719.999969006E-3,
,,,4.69999993E-3,719.999969006E-3,
,,,4.71999962E-3,719.999969006E-3,
,,,4.73999977E-3,719.999969006E-3,
,,,4.75999992E-3,719.999969006E-3,
,,,4.77999961E-3,719.999969006E-3,
,,,4.79999976E-3,719.999969006E-3,
,,,4.81999991E-3,719.999969006E-3,
,,,4.83999960E-3,719.999969006E-3,
,,,4.85999975E-3,719.999969006E-3,
,,,4.87999991E-3,719.999969006E-3,
,,,4.90000006E-3,719.999969006E-3,
,,,4.91999974E-3,719.999969006E-3,
,,,4.93999990E-3,719.999969006E-3,
,,,4.96000005E-3,719.999969006E-3,
,,,4.97999974E-3,719.999969006E-3,
,,,4.99999989E-3,719.999969006E-3,
,,,5.02000004E-3,719.999969006E-3,
,,,5.03999973E-3,719.999969006E-3,
,,,5.05999988E-3,719.999969006E-3,
,,,5.08000003E-3,719.999969006E-3,
,,,5.09999972E-3,719.999969006E-3,
,,,5.11999987E-3,719.999969006E-3,
,,,5.14000002E-3,719.999969006E-3,
,,,5.15999971E-3,719.999969006E-3,
,,,5.17999986E-3,719.999969006E-3,
,,,5.20000001E-3,719.999969006E-3,
,,,5.21999970E-3,719.999969006E-3,
,,,5.23999985E-3,719.999969006E-3,
,,,5.26000001E-3,719.999969006E-3,
,,,5.27999969E-3,719.999969006E-3,
,,,5.29999984E-3,719.999969006E-3,
,,,5.32000000E-3,719.999969006E-3,
,,,5.33999968E-3,719.999969006E-3,
,,,5.35999984E-3,719.999969006E-3,
,,,5.37999999E-3,719.999969006E-3,
,,,5.39999967E-3,719.999969006E-3,
,,,5.41999983E-3,719.999969006E-3,
,,,5.43999998E-3,719.999969006E-3,
,,,5.45999967E-3,719.999969006E-3,
,,,5.47999982E-3,719.999969006E-3,
,,,5.49999997E-3,719.999969006E-3,
,,,5.51999966E-3,719.999969006E-3,
,,,5.53999981E-3,719.999969006E-3,
,,,5.55999996E-3,719.999969006E-3,
,,,5.57999965E-3,719.999969006E-3,
,,,5.59999980E-3,719.999969006E-3,
,,,5.61999995E-3,719.999969006E-3,
,,,5.63999964E-3,719.999969006E-3,
,,,5.65999979E-3,719.999969006E-3,
,,,5.67999994E-3,719.999969006E-3,
,,,5.69999963E-3,719.999969006E-3,
,,,5.71999978E-3,719.999969006E-3,
,,,5.73999994E-3,719.999969006E-3,
,,,5.75999962E-3,719.999969006E-3,
,,,5.77999977E-3,719.999969006E-3,
,,,5.79999993E-3,719.999969006E-3,
,,,5.81999961E-3,719.999969006E-3,
,,,5.83999977E-3,719.999969006E-3,
,,,5.85999992E-3,719.999969006E-3,
,,,5.87999960E-3,719.999969006E-3,
,,,5.89999976E-3,719.999969006E-3,
,,,5.91999991E-3,719.999969006E-3,
,,,5.93999960E-3,719.999969006E-3,
,,,5.95999975E-3,719.999969006E-3,
,,,5.97999990E-3,719.999969006E-3,
,,,5.99999959E-3,719.999969006E-3,
,,,6.01999974E-3,719.999969006E-3,
,,,6.03999989E-3,719.999969006E-3,
,,,6.05999958E-3,719.999969006E-3,
,,,6.07999973E-3,719.999969006E-3,
,,,6.09999988E-3,479.999989271E-3,
,,,6.12000003E-3,-7.11999989,
,,,6.13999972E-3,-6.71999979,
,,,6.15999987E-3,-6.15999985,
,,,6.18000003E-3,-5.67999983,
,,,6.19999971E-3,-5.27999973,
,,,6.21999986E-3,-4.88000011,
,,,6.24000002E-3,-4.48000002,
,,,6.25999970E-3,-4.07999992,
,,,6.27999986E-3,-3.75999999,
,,,6.30000001E-3,-3.51999998,
,,,6.31999969E-3,-3.27999997,
,,,6.33999985E-3,-2.96000004,
,,,6.36000000E-3,-2.72000003,
,,,6.37999969E-3,-2.5599999,
,,,6.39999984E-3,-2.3199999,
,,,6.41999999E-3,-2.1599998,
,,,6.43999968E-3,-2.0000000,
,,,6.45999983E-3,-1.7600000,
,,,6.47999998E-3,-1.6799999,
,,,6.49999967E-3,-1.5200000,
,,,6.51999982E-3,-1.4399999,
,,,6.53999997E-3,-1.2800000,
,,,6.55999966E-3,-1.1999999,
,,,6.57999981E-3,-1.1200000,
,,,6.59999996E-3,-1.0400000,
,,,6.61999965E-3,-879.999995232E-3,
,,,6.63999980E-3,-879.999995232E-3,
,,,6.65999996E-3,-799.999952316E-3,
,,,6.67999964E-3,-719.999969006E-3,
,,,6.69999979E-3,-639.999985695E-3,
,,,6.71999995E-3,-639.999985695E-3,
,,,6.73999963E-3,-639.999985695E-3,
,,,6.75999979E-3,-560.000002384E-3,
,,,6.77999994E-3,-479.999989271E-3,
,,,6.79999962E-3,-479.999989271E-3,
,,,6.81999978E-3,-399.99997616E-3,
,,,6.83999993E-3,-399.99997616E-3,
,,,6.85999962E-3,-319.99999285E-3,
,,,6.87999977E-3,-319.99999285E-3,
,,,6.89999992E-3,-319.99999285E-3,
,,,6.91999961E-3,-239.99999464E-3,
,,,6.93999976E-3,-239.99999464E-3,
,,,6.95999991E-3,-239.99999464E-3,
,,,6.97999960E-3,-159.99999642E-3,
,,,6.99999975E-3,-159.99999642E-3,
,,,7.01999990E-3,-159.99999642E-3,
,,,7.03999959E-3,-159.99999642E-3,
,,,7.05999974E-3,-159.99999642E-3,
,,,7.07999989E-3,-79.999998212E-3,
,,,7.09999958E-3,-79.999998212E-3,
,,,7.11999973E-3,-159.99999642E-3,
,,,7.13999989E-3,-79.999998212E-3,
,,,7.15999957E-3,-79.999998212E-3,
,,,7.17999972E-3,-79.999998212E-3,
,,,7.19999988E-3,-79.999998212E-3,
,,,7.21999956E-3,-79.999998212E-3,
,,,7.23999972E-3,-79.999998212E-3,
,,,7.25999987E-3,-79.999998212E-3,
,,,7.27999955E-3,-79.999998212E-3,
,,,7.29999971E-3,-79.999998212E-3,
,,,7.31999986E-3,-79.999998212E-3,
,,,7.33999955E-3,0.0,
,,,7.35999970E-3,0.0,
,,,7.37999985E-3,0.0,
,,,7.399999537E-3,-79.999998212E-3,
,,,7.419999689E-3,0.0,
,,,7.439999841E-3,-79.999998212E-3,
,,,7.459999993E-3,-79.999998212E-3,
,,,7.479999680E-3,0.0,
,,,7.499999832E-3,0.0,
,,,7.519999985E-3,0.0,
,,,7.539999671E-3,0.0,
,,,7.559999824E-3,0.0,
,,,7.579999976E-3,-79.999998212E-3,
,,,7.599999662E-3,0.0,
,,,7.619999815E-3,0.0,
,,,7.639999967E-3,0.0,
,,,7.659999654E-3,0.0,
,,,7.679999806E-3,0.0,
,,,7.699999958E-3,0.0,
,,,7.719999645E-3,0.0,
,,,7.739999797E-3,0.0,
,,,7.759999949E-3,0.0,
,,,7.779999636E-3,0.0,
,,,7.799999788E-3,0.0,
,,,7.819999941E-3,0.0,
,,,7.840000093E-3,0.0,
,,,7.859999314E-3,0.0,
,,,7.879999466E-3,-79.999998212E-3,
,,,7.899999619E-3,0.0,
,,,7.919999771E-3,0.0,
,,,7.939999923E-3,0.0,
,,,7.960000075E-3,0.0,
,,,7.979999296E-3,0.0,
,,,7.999999449E-3,0.0,
,,,8.019999601E-3,0.0,
,,,8.039999753E-3,0.0,
,,,8.059999906E-3,0.0,
,,,8.080000058E-3,0.0,
,,,8.100000210E-3,0.0,
,,,8.119999431E-3,0.0,
,,,8.139999583E-3,0.0,
,,,8.159999736E-3,0.0,
,,,8.179999888E-3,0.0,
,,,8.200000040E-3,0.0,
,,,8.220000193E-3,0.0,
,,,8.239999413E-3,0.0,
,,,8.259999566E-3,0.0,
,,,8.279999718E-3,0.0,
,,,8.299999870E-3,0.0,
,,,8.320000023E-3,0.0,
,,,8.340000175E-3,0.0,
,,,8.359999396E-3,0.0,
,,,8.379999548E-3,0.0,
,,,8.399999700E-3,0.0,
,,,8.419999853E-3,79.999998212E-3,
,,,8.440000005E-3,0.0,
,,,8.460000157E-3,0.0,
,,,8.479999378E-3,0.0,
,,,8.499999531E-3,0.0,
,,,8.519999683E-3,0.0,
,,,8.539999835E-3,0.0,
,,,8.559999987E-3,0.0,
,,,8.580000140E-3,0.0,
,,,8.599999361E-3,0.0,
,,,8.619999513E-3,0.0,
,,,8.639999665E-3,0.0,
,,,8.659999818E-3,0.0,
,,,8.679999970E-3,0.0,
,,,8.700000122E-3,0.0,
,,,8.719999343E-3,0.0,
,,,8.739999495E-3,0.0,
,,,8.759999648E-3,0.0,
,,,8.779999800E-3,0.0,
,,,8.799999952E-3,0.0,
,,,8.820000105E-3,0.0,
,,,8.839999326E-3,0.0,
,,,8.859999478E-3,0.0,
,,,8.879999630E-3,0.0,
,,,8.899999782E-3,0.0,
,,,8.919999935E-3,0.0,
,,,8.940000087E-3,0.0,
,,,8.959999308E-3,0.0,
,,,8.979999460E-3,0.0,
,,,8.999999613E-3,0.0,
,,,9.019999765E-3,0.0,
,,,9.039999917E-3,0.0,
,,,9.060000069E-3,0.0,
,,,9.079999290E-3,0.0,
,,,9.099999443E-3,0.0,
,,,9.119999595E-3,0.0,
,,,9.139999747E-3,0.0,
,,,9.159999900E-3,0.0,
,,,9.180000052E-3,0.0,
,,,9.199999273E-3,0.0,
,,,9.219999425E-3,0.0,
,,,9.239999577E-3,0.0,
,,,9.259999730E-3,0.0,
,,,9.279999882E-3,0.0,
,,,9.300000034E-3,0.0,
,,,9.320000187E-3,0.0,
,,,9.339999408E-3,0.0,
,,,9.359999560E-3,0.0,
,,,9.379999712E-3,0.0,
,,,9.399999864E-3,0.0,
,,,9.420000017E-3,0.0,
,,,9.440000169E-3,0.0,
,,,9.459999390E-3,0.0,
,,,9.479999542E-3,0.0,
,,,9.499999695E-3,0.0,
,,,9.519999847E-3,0.0,
,,,9.539999999E-3,0.0,
,,,9.560000151E-3,0.0,
,,,9.579999372E-3,0.0,
,,,9.599999525E-3,0.0,
,,,9.619999677E-3,0.0,
,,,9.639999829E-3,0.0,
,,,9.659999982E-3,0.0,
,,,9.680000134E-3,0.0,
,,,9.699999355E-3,0.0,
,,,9.719999507E-3,0.0,
,,,9.739999659E-3,0.0,
,,,9.759999812E-3,0.0,
,,,9.779999964E-3,0.0,
,,,9.800000116E-3,0.0,
,,,9.819999337E-3,0.0,
,,,9.839999489E-3,0.0,
,,,9.859999642E-3,0.0,
,,,9.879999794E-3,0.0,
,,,9.899999946E-3,0.0,
,,,9.920000099E-3,0.0,
,,,9.939999320E-3,0.0,
,,,9.959999472E-3,0.0,
,,,9.979999624E-3,0.0,
,,,9.999999776E-3,0.0,
,,,10.0199999E-3,0.0,
,,,10.0400001E-3,0.0,
,,,10.0599993E-3,0.0,
,,,10.0799995E-3,0.0,
,,,10.0999996E-3,0.0,
,,,10.1199998E-3,0.0,
,,,10.1399999E-3,0.0,
,,,10.1600001E-3,0.0,
,,,10.1799993E-3,0.0,
,,,10.1999994E-3,0.0,
,,,10.2199996E-3,0.0,
,,,10.2399997E-3,0.0,
,,,10.2599999E-3,0.0,
,,,10.2800000E-3,0.0,
,,,10.2999993E-3,0.0,
,,,10.3199994E-3,0.0,
,,,10.3399996E-3,0.0,
,,,10.3599997E-3,0.0,
,,,10.3799999E-3,0.0,
,,,10.4000000E-3,0.0,
,,,10.4199992E-3,0.0,
,,,10.4399994E-3,0.0,
,,,10.4599996E-3,0.0,
,,,10.4799997E-3,0.0,
,,,10.4999999E-3,0.0,
,,,10.5200000E-3,0.0,
,,,10.5399992E-3,0.0,
,,,10.5599994E-3,0.0,
,,,10.5799995E-3,0.0,
,,,10.5999997E-3,0.0,
,,,10.6199998E-3,0.0,
,,,10.6400000E-3,0.0,
,,,10.6600001E-3,0.0,
,,,10.6799994E-3,0.0,
,,,10.6999995E-3,0.0,
,,,10.7199997E-3,0.0,
,,,10.7399998E-3,0.0,
,,,10.7600000E-3,0.0,
,,,10.7800001E-3,0.0,
,,,10.7999993E-3,0.0,
,,,10.8199995E-3,0.0,
,,,10.8399997E-3,0.0,
,,,10.8599998E-3,0.0,
,,,10.8800000E-3,0.0,
,,,10.9000001E-3,0.0,
,,,10.9199993E-3,0.0,
,,,10.9399995E-3,0.0,
,,,10.9599996E-3,0.0,
,,,10.9799998E-3,0.0,
,,,10.9999999E-3,0.0,
,,,11.0200001E-3,0.0,
,,,11.0399993E-3,0.0,
,,,11.0599995E-3,0.0,
,,,11.0799996E-3,0.0,
,,,11.0999998E-3,0.0,
,,,11.1199999E-3,0.0,
,,,11.1400001E-3,0.0,
,,,11.1599993E-3,0.0,
,,,11.1799994E-3,0.0,
,,,11.1999996E-3,0.0,
,,,11.2199998E-3,0.0,
,,,11.2399999E-3,0.0,
,,,11.2600001E-3,0.0,
,,,11.2799993E-3,0.0,
,,,11.2999994E-3,0.0,
,,,11.3199996E-3,0.0,
,,,11.3399997E-3,0.0,
,,,11.3599999E-3,0.0,
,,,11.3800000E-3,0.0,
,,,11.3999993E-3,0.0,
,,,11.4199994E-3,0.0,
,,,11.4399996E-3,0.0,
,,,11.4599997E-3,0.0,
,,,11.4799999E-3,0.0,
,,,11.5000000E-3,0.0,
,,,11.5199992E-3,0.0,
,,,11.5399994E-3,0.0,
,,,11.5599995E-3,0.0,
,,,11.5799997E-3,0.0,
,,,11.5999999E-3,0.0,
,,,11.6200000E-3,0.0,
,,,11.6399992E-3,0.0,
,,,11.6599994E-3,0.0,
,,,11.6799995E-3,0.0,
,,,11.6999997E-3,0.0,
,,,11.7199998E-3,0.0,
,,,11.7400000E-3,0.0,
,,,11.7599992E-3,0.0,
,,,11.7799994E-3,0.0,
,,,11.7999995E-3,0.0,
,,,11.8199997E-3,0.0,
,,,11.8399998E-3,0.0,
,,,11.8600000E-3,0.0,
,,,11.8799992E-3,0.0,
,,,11.8999993E-3,0.0,
,,,11.9199995E-3,0.0,
,,,11.9399996E-3,0.0,
,,,11.9599998E-3,0.0,
,,,11.9800000E-3,0.0,
,,,12.0000001E-3,0.0,
,,,12.0199993E-3,0.0,
,,,12.0399995E-3,0.0,
,,,12.0599996E-3,0.0,
,,,12.0799998E-3,0.0,
,,,12.0999999E-3,0.0,
,,,12.1200001E-3,0.0,
,,,12.1399993E-3,0.0,
,,,12.1599995E-3,0.0,
,,,12.1799996E-3,0.0,
,,,12.1999998E-3,0.0,
,,,12.2199999E-3,0.0,
,,,12.2400001E-3,0.0,
,,,12.2599993E-3,0.0,
,,,12.2799994E-3,0.0,
,,,12.2999996E-3,0.0,
,,,12.3199997E-3,0.0,
,,,12.3399999E-3,0.0,
,,,12.3600001E-3,0.0,
,,,12.3799993E-3,0.0,
,,,12.3999994E-3,0.0,
,,,12.4199996E-3,0.0,
,,,12.4399997E-3,0.0,
,,,12.4599999E-3,0.0,
,,,12.4800000E-3,0.0,
,,,12.4999993E-3,7.03999996,
,,,12.5199994E-3,7.679999828,
,,,12.5399996E-3,7.19999981,
,,,12.5599997E-3,6.63999987,
,,,12.5799999E-3,6.23999977,
,,,12.6000000E-3,5.83999968,
,,,12.6199992E-3,5.35999966,
,,,12.6399994E-3,5.03999996,
,,,12.6599995E-3,4.71999979,
,,,12.6799997E-3,4.40000010,
,,,12.6999998E-3,4.15999985,
,,,12.7200000E-3,3.83999991,
,,,12.7399992E-3,3.59999990,
,,,12.7599994E-3,3.35999990,
,,,12.7799995E-3,3.11999989,
,,,12.7999997E-3,2.96000004,
,,,12.8199998E-3,2.79999995,
,,,12.8400000E-3,2.6399999,
,,,12.8599992E-3,2.4800000,
,,,12.8799994E-3,2.3199999,
,,,12.8999995E-3,2.2400000,
,,,12.9199997E-3,2.0799999,
,,,12.9399998E-3,2.0000000,
,,,12.9600000E-3,1.8399999,
,,,12.9799992E-3,1.8399999,
,,,12.9999993E-3,1.6799999,
,,,13.0199995E-3,1.6799999,
,,,13.0399996E-3,1.5999999,
,,,13.0599998E-3,1.5200000,
,,,13.0799999E-3,1.4399999,
,,,13.0999992E-3,1.3600000,
,,,13.1199993E-3,1.3600000,
,,,13.1399995E-3,1.2800000,
,,,13.1599996E-3,1.2800000,
,,,13.1799998E-3,1.1999999,
,,,13.1999999E-3,1.1999999,
,,,13.2200001E-3,1.1200000,
,,,13.2399993E-3,1.1200000,
,,,13.2599995E-3,1.0400000,
,,,13.2799996E-3,1.0400000,
,,,13.2999998E-3,1.0400000,
,,,13.3199999E-3,1.0400000,
,,,13.3400001E-3,959.999978542E-3,
,,,13.3599993E-3,959.999978542E-3,
,,,13.3799994E-3,879.999995232E-3,
,,,13.3999996E-3,879.999995232E-3,
,,,13.4199997E-3,959.999978542E-3,
,,,13.4399999E-3,879.999995232E-3,
,,,13.4600000E-3,879.999995232E-3,
,,,13.4799993E-3,879.999995232E-3,
,,,13.4999994E-3,879.999995232E-3,
,,,13.5199996E-3,799.999952316E-3,
,,,13.5399997E-3,799.999952316E-3,
,,,13.5599999E-3,799.999952316E-3,
,,,13.5800000E-3,799.999952316E-3,
,,,13.5999992E-3,799.999952316E-3,
,,,13.6199994E-3,799.999952316E-3,
,,,13.6399996E-3,799.999952316E-3,
,,,13.6599997E-3,799.999952316E-3,
,,,13.6799999E-3,799.999952316E-3,
,,,13.7000000E-3,799.999952316E-3,
,,,13.7199992E-3,719.999969006E-3,
,,,13.7399994E-3,719.999969006E-3,
,,,13.7599995E-3,799.999952316E-3,
,,,13.7799997E-3,719.999969006E-3,
,,,13.7999998E-3,719.999969006E-3,
,,,13.8200000E-3,719.999969006E-3,
,,,13.8399992E-3,799.999952316E-3,
,,,13.8599994E-3,799.999952316E-3,
,,,13.8799995E-3,719.999969006E-3,
,,,13.8999997E-3,719.999969006E-3,
,,,13.9199998E-3,719.999969006E-3,
,,,13.9400000E-3,719.999969006E-3,
,,,13.9599992E-3,719.999969006E-3,
,,,13.9799993E-3,719.999969006E-3,
,,,13.9999995E-3,719.999969006E-3,
,,,14.0199997E-3,719.999969006E-3,
,,,14.0399998E-3,719.999969006E-3,
,,,14.0600000E-3,719.999969006E-3,
,,,14.0799992E-3,719.999969006E-3,
,,,14.0999993E-3,719.999969006E-3,
,,,14.1199995E-3,719.999969006E-3,
,,,14.1399996E-3,719.999969006E-3,
,,,14.1599998E-3,719.999969006E-3,
,,,14.1799999E-3,719.999969006E-3,
,,,14.1999992E-3,719.999969006E-3,
,,,14.2199993E-3,719.999969006E-3,
,,,14.2399995E-3,719.999969006E-3,
,,,14.2599996E-3,719.999969006E-3,
,,,14.2799998E-3,719.999969006E-3,
,,,14.2999999E-3,719.999969006E-3,
,,,14.3199991E-3,719.999969006E-3,
,,,14.3399993E-3,719.999969006E-3,
,,,14.3599994E-3,719.999969006E-3,
,,,14.3799996E-3,719.999969006E-3,
,,,14.3999998E-3,719.999969006E-3,
,,,14.4199999E-3,719.999969006E-3,
,,,14.4400001E-3,719.999969006E-3,
,,,14.4599993E-3,719.999969006E-3,
,,,14.4799994E-3,719.999969006E-3,
,,,14.4999996E-3,719.999969006E-3,
,,,14.5199997E-3,719.999969006E-3,
,,,14.5399999E-3,719.999969006E-3,
,,,14.5600000E-3,719.999969006E-3,
,,,14.5799993E-3,719.999969006E-3,
,,,14.5999994E-3,719.999969006E-3,
,,,14.6199996E-3,719.999969006E-3,
,,,14.6399997E-3,719.999969006E-3,
,,,14.6599999E-3,719.999969006E-3,
,,,14.6800000E-3,719.999969006E-3,
,,,14.6999992E-3,719.999969006E-3,
,,,14.7199994E-3,719.999969006E-3,
,,,14.7399995E-3,719.999969006E-3,
,,,14.7599997E-3,719.999969006E-3,
,,,14.7799999E-3,719.999969006E-3,
,,,14.8000000E-3,719.999969006E-3,
,,,14.8199992E-3,719.999969006E-3,
,,,14.8399994E-3,719.999969006E-3,
,,,14.8599995E-3,719.999969006E-3,
,,,14.8799997E-3,719.999969006E-3,
,,,14.8999998E-3,719.999969006E-3,
,,,14.9200000E-3,719.999969006E-3,
,,,14.9399992E-3,719.999969006E-3,
,,,14.9599994E-3,719.999969006E-3,
,,,14.9799995E-3,719.999969006E-3,
,,,14.9999997E-3,719.999969006E-3,
,,,15.0199998E-3,719.999969006E-3,
,,,15.0400000E-3,719.999969006E-3,
,,,15.0599992E-3,719.999969006E-3,
,,,15.0799993E-3,719.999969006E-3,
,,,15.0999995E-3,719.999969006E-3,
,,,15.1199996E-3,719.999969006E-3,
,,,15.1399998E-3,719.999969006E-3,
,,,15.1600000E-3,719.999969006E-3,
,,,15.1799992E-3,719.999969006E-3,
,,,15.1999993E-3,719.999969006E-3,
,,,15.2199995E-3,719.999969006E-3,
,,,15.2399996E-3,719.999969006E-3,
,,,15.2599998E-3,719.999969006E-3,
,,,15.2799999E-3,719.999969006E-3,
,,,15.2999992E-3,719.999969006E-3,
,,,15.3199993E-3,719.999969006E-3,
,,,15.3399995E-3,719.999969006E-3,
,,,15.3599996E-3,719.999969006E-3,
,,,15.3799998E-3,719.999969006E-3,
,,,15.3999999E-3,719.999969006E-3,
,,,15.4199991E-3,719.999969006E-3,
,,,15.4399993E-3,719.999969006E-3,
,,,15.4599994E-3,719.999969006E-3,
,,,15.4799996E-3,719.999969006E-3,
,,,15.4999997E-3,719.999969006E-3,
,,,15.5199999E-3,719.999969006E-3,
,,,15.5399991E-3,719.999969006E-3,
,,,15.5599993E-3,719.999969006E-3,
,,,15.5799994E-3,719.999969006E-3,
,,,15.5999996E-3,719.999969006E-3,
,,,15.6199997E-3,719.999969006E-3,
,,,15.6399999E-3,719.999969006E-3,
,,,15.6599991E-3,719.999969006E-3,
,,,15.6800002E-3,719.999969006E-3,
,,,15.6999994E-3,719.999969006E-3,
,,,15.7199986E-3,719.999969006E-3,
,,,15.7399997E-3,719.999969006E-3,
,,,15.7599989E-3,719.999969006E-3,
,,,15.7800000E-3,719.999969006E-3,
,,,15.7999992E-3,719.999969006E-3,
,,,15.8200003E-3,719.999969006E-3,
,,,15.8399995E-3,719.999969006E-3,
,,,15.8599988E-3,639.999985695E-3,
,,,15.8799998E-3,719.999969006E-3,
,,,15.8999991E-3,719.999969006E-3,
,,,15.9200002E-3,719.999969006E-3,
,,,15.9399994E-3,719.999969006E-3,
,,,15.9600005E-3,719.999969006E-3,
,,,15.9799997E-3,719.999969006E-3,
,,,15.9999989E-3,719.999969006E-3,
,,,16.0200000E-3,719.999969006E-3,
,,,16.0399992E-3,719.999969006E-3,
,,,16.0600003E-3,719.999969006E-3,
,,,16.0799995E-3,719.999969006E-3,
,,,16.0999987E-3,719.999969006E-3,
,,,16.1199998E-3,719.999969006E-3,
,,,16.1399990E-3,719.999969006E-3,
,,,16.1600001E-3,719.999969006E-3,
,,,16.1799993E-3,719.999969006E-3,
,,,16.2000004E-3,719.999969006E-3,
,,,16.2199996E-3,719.999969006E-3,
,,,16.2399989E-3,719.999969006E-3,
,,,16.2599999E-3,719.999969006E-3,
,,,16.2799992E-3,719.999969006E-3,
,,,16.3000003E-3,719.999969006E-3,
,,,16.3199995E-3,719.999969006E-3,
,,,16.3399987E-3,719.999969006E-3,
,,,16.3599998E-3,719.999969006E-3,
,,,16.3799990E-3,719.999969006E-3,
,,,16.4000001E-3,719.999969006E-3,
,,,16.4199993E-3,719.999969006E-3,
,,,16.4400004E-3,719.999969006E-3,
,,,16.4599996E-3,719.999969006E-3,
,,,16.4799988E-3,719.999969006E-3,
,,,16.4999999E-3,719.999969006E-3,
,,,16.5199991E-3,719.999969006E-3,
,,,16.5400002E-3,719.999969006E-3,
,,,16.5599994E-3,719.999969006E-3,
,,,16.5799987E-3,719.999969006E-3,
,,,16.5999997E-3,719.999969006E-3,
,,,16.6199990E-3,719.999969006E-3,
,,,16.6400000E-3,719.999969006E-3,
,,,16.6599993E-3,719.999969006E-3,
,,,16.6800003E-3,719.999969006E-3,
,,,16.6999996E-3,719.999969006E-3,
,,,16.7199988E-3,719.999969006E-3,
,,,16.7399999E-3,719.999969006E-3,
,,,16.7599991E-3,719.999969006E-3,
,,,16.7800002E-3,719.999969006E-3,
,,,16.7999994E-3,719.999969006E-3,
,,,16.8199986E-3,719.999969006E-3,
,,,16.8399997E-3,719.999969006E-3,
,,,16.8599989E-3,719.999969006E-3,
,,,16.8800000E-3,719.999969006E-3,
,,,16.8999992E-3,719.999969006E-3,
,,,16.9200003E-3,719.999969006E-3,
,,,16.9399995E-3,719.999969006E-3,
,,,16.9599988E-3,719.999969006E-3,
,,,16.9799998E-3,719.999969006E-3,
,,,16.9999991E-3,719.999969006E-3,
,,,17.0200001E-3,719.999969006E-3,
,,,17.0399994E-3,719.999969006E-3,
,,,17.0600004E-3,719.999969006E-3,
,,,17.0799997E-3,719.999969006E-3,
,,,17.0999989E-3,719.999969006E-3,
,,,17.1200000E-3,719.999969006E-3,
,,,17.1399992E-3,719.999969006E-3,
,,,17.1600003E-3,719.999969006E-3,
,,,17.1799995E-3,719.999969006E-3,
,,,17.1999987E-3,719.999969006E-3,
,,,17.2199998E-3,719.999969006E-3,
,,,17.2399990E-3,719.999969006E-3,
,,,17.2600001E-3,719.999969006E-3,
,,,17.2799993E-3,719.999969006E-3,
,,,17.3000004E-3,719.999969006E-3,
,,,17.3199996E-3,719.999969006E-3,
,,,17.3399989E-3,719.999969006E-3,
,,,17.3599999E-3,719.999969006E-3,
,,,17.3799992E-3,719.999969006E-3,
,,,17.4000002E-3,719.999969006E-3,
,,,17.4199995E-3,799.999952316E-3,
,,,17.4399987E-3,719.999969006E-3,
,,,17.4599998E-3,719.999969006E-3,
,,,17.4799990E-3,719.999969006E-3,
,,,17.5000001E-3,719.999969006E-3,
,,,17.5199993E-3,719.999969006E-3,
,,,17.5400004E-3,719.999969006E-3,
,,,17.5599996E-3,719.999969006E-3,
,,,17.5799988E-3,719.999969006E-3,
,,,17.5999999E-3,719.999969006E-3,
,,,17.6199991E-3,719.999969006E-3,
,,,17.6400002E-3,719.999969006E-3,
,,,17.6599994E-3,719.999969006E-3,
,,,17.6799987E-3,719.999969006E-3,
,,,17.6999997E-3,719.999969006E-3,
,,,17.7199990E-3,719.999969006E-3,
,,,17.7400000E-3,719.999969006E-3,
,,,17.7599993E-3,799.999952316E-3,
,,,17.7800003E-3,719.999969006E-3,
,,,17.7999996E-3,719.999969006E-3,
,,,17.8199988E-3,719.999969006E-3,
,,,17.8399999E-3,719.999969006E-3,
,,,17.8599991E-3,719.999969006E-3,
,,,17.8800002E-3,719.999969006E-3,
,,,17.8999994E-3,719.999969006E-3,
,,,17.9199986E-3,719.999969006E-3,
,,,17.9399997E-3,719.999969006E-3,
,,,17.9599989E-3,719.999969006E-3,
,,,17.9800000E-3,719.999969006E-3,
,,,17.9999992E-3,719.999969006E-3,
,,,18.0200003E-3,719.999969006E-3,
,,,18.0399995E-3,719.999969006E-3,
,,,18.0599988E-3,719.999969006E-3,
,,,18.0799998E-3,719.999969006E-3,
,,,18.0999991E-3,719.999969006E-3,
,,,18.1200001E-3,719.999969006E-3,
,,,18.1399994E-3,719.999969006E-3,
,,,18.1599986E-3,719.999969006E-3,
,,,18.1799997E-3,719.999969006E-3,
,,,18.1999989E-3,719.999969006E-3,
,,,18.2200000E-3,719.999969006E-3,
,,,18.2399992E-3,719.999969006E-3,
,,,18.2600003E-3,719.999969006E-3,
,,,18.2799995E-3,719.999969006E-3,
,,,18.2999987E-3,719.999969006E-3,
,,,18.3199998E-3,719.999969006E-3,
,,,18.3399990E-3,719.999969006E-3,
,,,18.3600001E-3,719.999969006E-3,
,,,18.3799993E-3,719.999969006E-3,
,,,18.4000004E-3,719.999969006E-3,
,,,18.4199996E-3,719.999969006E-3,
,,,18.4399989E-3,719.999969006E-3,
,,,18.4599999E-3,719.999969006E-3,
,,,18.4799992E-3,719.999969006E-3,
,,,18.5000002E-3,719.999969006E-3,
,,,18.5199995E-3,719.999969006E-3,
,,,18.5399987E-3,719.999969006E-3,
,,,18.5599998E-3,719.999969006E-3,
,,,18.5799990E-3,719.999969006E-3,
,,,18.6000001E-3,0.0,
,,,18.6199993E-3,-7.11999989,
,,,18.6400004E-3,-6.63999987,
,,,18.6599996E-3,-6.15999985,
,,,18.6799988E-3,-5.67999983,
,,,18.6999999E-3,-5.27999973,
,,,18.7199991E-3,-4.79999971,
,,,18.7400002E-3,-4.48000002,
,,,18.7599994E-3,-4.07999992,
,,,18.7799986E-3,-3.83999991,
,,,18.7999997E-3,-3.51999998,
,,,18.8199989E-3,-3.19999981,
,,,18.8400000E-3,-2.96000004,
,,,18.8599993E-3,-2.72000003,
,,,18.8800003E-3,-2.5599999,
,,,18.8999996E-3,-2.3199999,
,,,18.9199988E-3,-2.0799999,
,,,18.9399999E-3,-2.0000000,
,,,18.9599991E-3,-1.8399999,
,,,18.9800002E-3,-1.6799999,
,,,18.9999994E-3,-1.5200000,
,,,19.0199986E-3,-1.3600000,
,,,19.0399997E-3,-1.2800000,
,,,19.0599989E-3,-1.1999999,
,,,19.0800000E-3,-1.1200000,
,,,19.0999992E-3,-1.0400000,
,,,19.1200003E-3,-959.999978542E-3,
,,,19.1399995E-3,-879.999995232E-3,
,,,19.1599987E-3,-879.999995232E-3,
,,,19.1799998E-3,-719.999969006E-3,
,,,19.1999990E-3,-639.999985695E-3,
,,,19.2200001E-3,-639.999985695E-3,
,,,19.2399994E-3,-560.000002384E-3,
,,,19.2599986E-3,-479.999989271E-3,
,,,19.2799997E-3,-479.999989271E-3,
,,,19.2999989E-3,-479.999989271E-3,
,,,19.3200000E-3,-399.99997616E-3,
,,,19.3399992E-3,-399.99997616E-3,
,,,19.3600003E-3,-319.99999285E-3,
,,,19.3799995E-3,-319.99999285E-3,
,,,19.3999987E-3,-239.99999464E-3,
,,,19.4199998E-3,-239.99999464E-3,
,,,19.4399990E-3,-239.99999464E-3,
,,,19.4600001E-3,-239.99999464E-3,
,,,19.4799993E-3,-159.99999642E-3,
,,,19.4999985E-3,-239.99999464E-3,
,,,19.5199996E-3,-159.99999642E-3,
,,,19.5399988E-3,-159.99999642E-3,
,,,19.5599999E-3,-159.99999642E-3,
,,,19.5799991E-3,-79.999998212E-3,
,,,19.6000002E-3,-159.99999642E-3,
,,,19.6199995E-3,-79.999998212E-3,
,,,19.6399987E-3,-79.999998212E-3,
,,,19.6599998E-3,-79.999998212E-3,
,,,19.6799990E-3,-159.99999642E-3,
,,,19.7000001E-3,-79.999998212E-3,
,,,19.7199993E-3,-79.999998212E-3,
,,,19.7400004E-3,-79.999998212E-3,
,,,19.7599996E-3,-79.999998212E-3,
,,,19.7799988E-3,0.0,
,,,19.7999999E-3,-79.999998212E-3,
,,,19.8199991E-3,0.0,
,,,19.8400002E-3,0.0,
,,,19.8599994E-3,0.0,
,,,19.8799986E-3,0.0,
,,,19.8999997E-3,-79.999998212E-3,
,,,19.9199989E-3,-79.999998212E-3,
,,,19.9400000E-3,0.0,
,,,19.9599992E-3,0.0,
,,,19.9800003E-3,0.0,
,,,19.9999996E-3,0.0,
,,,20.0199988E-3,0.0,
,,,20.0399999E-3,0.0,
,,,20.0599991E-3,0.0,
,,,20.0800002E-3,0.0,
,,,20.09999938E-3,0.0,
,,,20.11999860E-3,0.0,
,,,20.13999969E-3,0.0,
,,,20.15999891E-3,0.0,
,,,20.17999999E-3,0.0,
,,,20.19999921E-3,0.0,
,,,20.22000030E-3,0.0,
,,,20.23999952E-3,0.0,
,,,20.25999874E-3,0.0,
,,,20.27999982E-3,0.0,
,,,20.29999904E-3,0.0,
,,,20.32000013E-3,0.0,
,,,20.33999935E-3,0.0,
,,,20.35999857E-3,0.0,
,,,20.37999965E-3,0.0,
,,,20.39999887E-3,0.0,
,,,20.41999996E-3,0.0,
,,,20.43999918E-3,0.0,
,,,20.46000026E-3,0.0,
,,,20.47999948E-3,0.0,
,,,20.49999870E-3,0.0,
,,,20.51999979E-3,0.0,
,,,20.53999901E-3,0.0,
,,,20.56000009E-3,0.0,
,,,20.57999931E-3,0.0,
,,,20.59999853E-3,0.0,
,,,20.61999962E-3,0.0,
,,,20.63999884E-3,0.0,
,,,20.65999992E-3,0.0,
,,,20.67999914E-3,0.0,
,,,20.70000023E-3,0.0,
,,,20.71999945E-3,0.0,
,,,20.73999867E-3,0.0,
,,,20.75999975E-3,0.0,
,,,20.77999897E-3,0.0,
,,,20.80000006E-3,0.0,
,,,20.81999928E-3,0.0,
,,,20.84000036E-3,0.0,
,,,20.85999958E-3,0.0,
,,,20.87999880E-3,0.0,
,,,20.89999989E-3,0.0,
,,,20.91999911E-3,0.0,
,,,20.94000019E-3,0.0,
,,,20.95999941E-3,0.0,
,,,20.97999863E-3,0.0,
,,,20.99999972E-3,0.0,
,,,21.01999894E-3,0.0,
,,,21.04000002E-3,0.0,
,,,21.05999924E-3,0.0,
,,,21.08000033E-3,0.0,
,,,21.09999955E-3,0.0,
,,,21.11999877E-3,0.0,
,,,21.13999985E-3,0.0,
,,,21.15999907E-3,0.0,
,,,21.18000016E-3,0.0,
,,,21.19999938E-3,0.0,
,,,21.21999860E-3,0.0,
,,,21.23999968E-3,0.0,
,,,21.25999890E-3,0.0,
,,,21.27999999E-3,0.0,
,,,21.29999921E-3,0.0,
,,,21.32000029E-3,0.0,
,,,21.33999951E-3,0.0,
,,,21.35999873E-3,0.0,
,,,21.37999982E-3,0.0,
,,,21.39999904E-3,0.0,
,,,21.42000012E-3,0.0,
,,,21.43999934E-3,0.0,
,,,21.45999856E-3,0.0,
,,,21.47999965E-3,0.0,
,,,21.49999887E-3,0.0,
,,,21.51999995E-3,0.0,
,,,21.53999917E-3,0.0,
,,,21.56000026E-3,0.0,
,,,21.57999948E-3,0.0,
,,,21.59999870E-3,0.0,
,,,21.61999978E-3,0.0,
,,,21.63999900E-3,0.0,
,,,21.66000009E-3,0.0,
,,,21.67999931E-3,0.0,
,,,21.69999853E-3,0.0,
,,,21.71999961E-3,0.0,
,,,21.73999883E-3,0.0,
,,,21.75999992E-3,0.0,
,,,21.77999914E-3,0.0,
,,,21.80000022E-3,0.0,
,,,21.81999944E-3,0.0,
,,,21.83999866E-3,0.0,
,,,21.85999975E-3,0.0,
,,,21.87999897E-3,0.0,
,,,21.90000005E-3,0.0,
,,,21.91999927E-3,0.0,
,,,21.93999849E-3,0.0,
,,,21.95999958E-3,0.0,
,,,21.97999880E-3,0.0,
,,,21.99999988E-3,0.0,
,,,22.01999910E-3,0.0,
,,,22.04000019E-3,0.0,
,,,22.05999941E-3,0.0,
,,,22.07999863E-3,0.0,
,,,22.09999971E-3,0.0,
,,,22.11999893E-3,0.0,
,,,22.14000002E-3,0.0,
,,,22.15999924E-3,0.0,
,,,22.18000032E-3,0.0,
