Record Length,2500,Points,0.0,280.00000119E-3,
Sample Interval,2.0000000E-6,s,2.0000000E-6,140.0000006E-3,
Trigger Point,0.0,Samples,3.99999999E-6,140.0000006E-3,
,,,6.00000021E-6,140.0000006E-3,
,,,7.999999980E-6,140.0000006E-3,
,,,9.999999747E-6,159.99999642E-3,
Source,CH1,,12.0000004E-6,219.99999881E-3,
Vertical Units,Volts,,14.0000002E-6,239.99999464E-3,
Vertical Scale,499.999988824E-3,,16.0000000E-6,259.99999046E-3,
Vertical Offset,0,,18.0000006E-6,299.99998212E-3,
Horizontal Units,s,,19.9999995E-6,340.00000358E-3,
Horizontal Scale,499.999998738E-6,,22.00000017E-6,399.99997616E-3,
Pt Fmt,Y,,24.00000085E-6,439.999997616E-3,
Yzero,-1.2800000,,25.99999971E-6,459.999978542E-3,
Probe Atten,1.000000,,28.00000038E-6,459.999978542E-3,
,,,29.99999924E-6,459.999978542E-3,
Note,TBS 1052B-EDU - 10:15:05 a.m.   10/02/2016,,31.99999992E-6,500.000000000E-3,
,,,34.00000060E-6,539.999961853E-3,
,,,36.00000127E-6,599.999964237E-3,
,,,37.99999831E-6,620.000004768E-3,
,,,39.99999899E-6,659.999966621E-3,
,,,41.99999967E-6,680.000007153E-3,
,,,44.00000034E-6,699.999988079E-3,
,,,46.00000102E-6,719.999969006E-3,
,,,48.00000170E-6,740.000009537E-3,
,,,49.99999874E-6,759.999990463E-3,
,,,51.99999941E-6,779.999971390E-3,
,,,54.00000009E-6,819.999992847E-3,
,,,56.000000768E-6,859.999954700E-3,
,,,58.000001445E-6,899.999976158E-3,
,,,59.999998484E-6,919.999957085E-3,
,,,61.999999161E-6,919.999957085E-3,
,,,63.999999838E-6,939.999997616E-3,
,,,66.000000515E-6,959.999978542E-3,
,,,68.000001193E-6,979.999959469E-3,
,,,70.000001870E-6,1.000000,
,,,72.000002547E-6,1.0400000,
,,,74.000003224E-6,1.0599999,
,,,75.999996625E-6,1.1000000,
,,,77.999997302E-6,1.1200000,
,,,79.999997979E-6,1.1400000,
,,,81.999998656E-6,1.1400000,
,,,83.999999333E-6,1.1600000,
,,,86.000000010E-6,1.1600000,
,,,88.000000687E-6,1.1999999,
,,,90.000001364E-6,1.2200000,
,,,92.000002041E-6,1.2400000,
,,,94.000002719E-6,1.2600000,
,,,96.000003396E-6,1.2800000,
,,,97.999996797E-6,1.3000000,
,,,99.999997474E-6,1.3199999,
,,,101.9999982E-6,1.3199999,
,,,103.9999988E-6,1.3399999,
,,,105.9999995E-6,1.3600000,
,,,108.0000002E-6,1.3800000,
,,,110.0000009E-6,1.4000000,
,,,112.0000015E-6,1.4200000,
,,,114.0000022E-6,1.4399999,
,,,116.0000029E-6,1.4399999,
,,,117.9999963E-6,1.4599999,
,,,119.9999970E-6,1.4800000,
,,,121.9999976E-6,1.4800000,
,,,123.9999983E-6,1.5000000,
,,,125.9999990E-6,1.5200000,
,,,127.9999997E-6,1.5400000,
,,,130.0000004E-6,1.5599999,
,,,132.0000010E-6,1.5799999,
,,,134.0000017E-6,1.5799999,
,,,136.0000024E-6,1.5999999,
,,,138.0000031E-6,1.5999999,
,,,140.0000037E-6,1.5999999,
,,,142.0000044E-6,1.6200000,
,,,144.0000051E-6,1.6400000,
,,,146.0000058E-6,1.6400000,
,,,148.0000064E-6,1.6600000,
,,,149.99999257E-6,1.6799999,
,,,151.99999325E-6,1.6999999,
,,,153.99999393E-6,1.6999999,
,,,155.99999460E-6,1.6999999,
,,,157.99999528E-6,1.7199999,
,,,159.99999596E-6,1.7199999,
,,,161.99999664E-6,1.7400000,
,,,163.99999731E-6,1.7600000,
,,,165.99999799E-6,1.7600000,
,,,167.99999867E-6,1.7800000,
,,,169.99999934E-6,1.7800000,
,,,172.00000002E-6,1.8000000,
,,,174.00000070E-6,1.8000000,
,,,176.00000137E-6,1.8000000,
,,,178.00000205E-6,1.8199999,
,,,180.00000273E-6,1.8199999,
,,,182.00000341E-6,1.8399999,
,,,184.00000408E-6,1.8399999,
,,,186.00000476E-6,1.8600000,
,,,188.00000544E-6,1.8600000,
,,,190.00000611E-6,1.8600000,
,,,192.00000679E-6,1.8800000,
,,,193.99999292E-6,1.8800000,
,,,195.99999359E-6,1.8800000,
,,,197.99999427E-6,1.8800000,
,,,199.99999495E-6,1.9000000,
,,,201.99999562E-6,1.9000000,
,,,203.99999630E-6,1.9200000,
,,,205.99999698E-6,1.9399999,
,,,207.99999766E-6,1.9200000,
,,,209.99999833E-6,1.9200000,
,,,211.99999901E-6,1.9399999,
,,,213.99999969E-6,1.9399999,
,,,216.00000036E-6,1.9599999,
,,,218.00000104E-6,1.9599999,
,,,220.00000172E-6,1.9599999,
,,,222.00000240E-6,1.9599999,
,,,224.00000307E-6,1.9799999,
,,,226.00000375E-6,1.9799999,
,,,228.00000443E-6,1.9799999,
,,,230.00000510E-6,1.9799999,
,,,232.00000578E-6,1.9799999,
,,,234.00000646E-6,2.0000000,
,,,235.99999258E-6,2.0000000,
,,,237.99999326E-6,2.0000000,
,,,239.99999394E-6,2.0200000,
,,,241.99999461E-6,2.0200000,
,,,243.99999529E-6,2.0200000,
,,,246.00001052E-6,2.0200000,
,,,247.99999665E-6,2.0200000,
,,,250.00001187E-6,2.0200000,
,,,251.99999800E-6,2.0200000,
,,,254.00001323E-6,2.0400000,
,,,255.99999935E-6,2.0400000,
,,,257.99998548E-6,2.0400000,
,,,260.00000071E-6,2.0400000,
,,,261.99998683E-6,2.0400000,
,,,264.00000206E-6,2.0400000,
,,,265.99998819E-6,2.0400000,
,,,268.00000342E-6,2.0400000,
,,,269.99998954E-6,2.0599999,
,,,272.00000477E-6,2.0599999,
,,,273.99999090E-6,2.0599999,
,,,276.00000612E-6,2.0599999,
,,,277.99999225E-6,2.0599999,
,,,280.00000748E-6,2.0599999,
,,,281.99999360E-6,2.0599999,
,,,284.00000883E-6,2.0599999,
,,,285.99999496E-6,2.0599999,
,,,288.00001019E-6,2.0599999,
,,,289.99999631E-6,2.0599999,
,,,292.00001154E-6,2.0599999,
,,,293.99999767E-6,2.0799999,
,,,296.00001290E-6,2.0799999,
,,,297.99999902E-6,2.0799999,
,,,299.99998515E-6,2.0799999,
,,,302.00000037E-6,2.0799999,
,,,303.99998650E-6,2.0799999,
,,,306.00000173E-6,2.0799999,
,,,307.99998785E-6,2.0799999,
,,,310.00000308E-6,2.0799999,
,,,311.99998921E-6,2.0799999,
,,,314.00000444E-6,2.0799999,
,,,315.99999056E-6,2.0799999,
,,,318.00000579E-6,2.0799999,
,,,319.99999192E-6,2.0799999,
,,,322.00000715E-6,2.0799999,
,,,323.99999327E-6,2.0799999,
,,,326.00000850E-6,2.0799999,
,,,327.99999462E-6,2.0799999,
,,,330.00000985E-6,2.0799999,
,,,331.99999598E-6,2.0799999,
,,,334.00001121E-6,2.0799999,
,,,335.99999733E-6,2.0799999,
,,,338.00001256E-6,2.0799999,
,,,339.99999869E-6,2.0799999,
,,,341.99998481E-6,2.0599999,
,,,344.00000004E-6,2.0599999,
,,,345.99998617E-6,2.0599999,
,,,348.00000140E-6,2.0599999,
,,,349.99998752E-6,2.0599999,
,,,352.00000275E-6,2.0599999,
,,,353.99998887E-6,2.0599999,
,,,356.00000410E-6,2.0599999,
,,,357.99999023E-6,2.0599999,
,,,360.00000546E-6,2.0599999,
,,,361.99999158E-6,2.0599999,
,,,364.00000681E-6,2.0599999,
,,,365.99999294E-6,2.0400000,
,,,368.00000817E-6,2.0400000,
,,,369.99999429E-6,2.0400000,
,,,372.00000952E-6,2.0400000,
,,,373.99999565E-6,2.0400000,
,,,376.00001087E-6,2.0400000,
,,,377.99999700E-6,2.0400000,
,,,380.00001223E-6,2.0400000,
,,,381.99999835E-6,2.0400000,
,,,384.00001358E-6,2.0400000,
,,,385.99999971E-6,2.0400000,
,,,387.99998583E-6,2.0400000,
,,,390.00000106E-6,2.0400000,
,,,391.99998719E-6,2.0200000,
,,,394.00000242E-6,2.0200000,
,,,395.99998854E-6,2.0200000,
,,,398.00000377E-6,2.0200000,
,,,399.99998990E-6,2.0200000,
,,,402.00000512E-6,2.0200000,
,,,403.999991249E-6,2.0200000,
,,,406.000006478E-6,2.0000000,
,,,407.999992603E-6,2.0000000,
,,,410.000007832E-6,2.0000000,
,,,411.999993958E-6,2.0000000,
,,,414.000009187E-6,2.0000000,
,,,415.999995312E-6,2.0000000,
,,,418.000010541E-6,1.9799999,
,,,419.999996666E-6,1.9799999,
,,,422.000011895E-6,1.9799999,
,,,423.999998020E-6,1.9799999,
,,,426.000013249E-6,1.9799999,
,,,427.999999374E-6,1.9799999,
,,,429.999985499E-6,1.9599999,
,,,432.000000728E-6,1.9599999,
,,,433.999986853E-6,1.9599999,
,,,436.000002082E-6,1.9599999,
,,,437.999988208E-6,1.9599999,
,,,440.000003437E-6,1.9599999,
,,,441.999989562E-6,1.9599999,
,,,444.000004791E-6,1.9399999,
,,,445.999990916E-6,1.9399999,
,,,448.000006145E-6,1.9399999,
,,,449.999992270E-6,1.9399999,
,,,452.000007499E-6,1.9399999,
,,,453.999993624E-6,1.9399999,
,,,456.000008853E-6,1.9200000,
,,,457.999994978E-6,1.9200000,
,,,460.000010207E-6,1.9200000,
,,,461.999996332E-6,1.9200000,
,,,464.000011561E-6,1.9000000,
,,,465.999997687E-6,1.9000000,
,,,468.000012916E-6,1.9000000,
,,,469.999999041E-6,1.9000000,
,,,471.999985166E-6,1.9000000,
,,,474.000000395E-6,1.9000000,
,,,475.999986520E-6,1.9000000,
,,,478.000001749E-6,1.8800000,
,,,479.999987874E-6,1.8800000,
,,,482.000003103E-6,1.8800000,
,,,483.999989228E-6,1.8600000,
,,,486.000004457E-6,1.8600000,
,,,487.999990582E-6,1.8600000,
,,,490.000005811E-6,1.8600000,
,,,492.000021040E-6,1.8600000,
,,,493.999978062E-6,1.8600000,
,,,495.999993291E-6,1.8399999,
,,,498.000008520E-6,1.8399999,
,,,500.000023749E-6,1.8399999,
,,,501.999980770E-6,1.8399999,
,,,503.999995999E-6,1.8399999,
,,,506.000011228E-6,1.8399999,
,,,508.000026457E-6,1.8199999,
,,,509.999983478E-6,1.8199999,
,,,511.999998707E-6,1.8199999,
,,,514.000013936E-6,1.8000000,
,,,515.999970958E-6,1.8000000,
,,,517.999986187E-6,1.8000000,
,,,520.000001416E-6,1.8000000,
,,,522.000016645E-6,1.7800000,
,,,523.999973666E-6,1.8000000,
,,,525.999988895E-6,1.7800000,
,,,528.000004124E-6,1.7800000,
,,,530.000019353E-6,1.7800000,
,,,531.999976374E-6,1.7800000,
,,,533.999991603E-6,1.7600000,
,,,536.000006832E-6,1.7600000,
,,,538.000022061E-6,1.7600000,
,,,539.999979082E-6,1.7600000,
,,,541.999994311E-6,1.7400000,
,,,544.000009540E-6,1.7400000,
,,,546.000024769E-6,1.7400000,
,,,547.999981791E-6,1.7400000,
,,,549.999997020E-6,1.7199999,
,,,552.000012249E-6,1.7199999,
,,,554.000027478E-6,1.7199999,
,,,555.999984499E-6,1.7199999,
,,,557.999999728E-6,1.7199999,
,,,560.000014957E-6,1.6999999,
,,,561.999971978E-6,1.6999999,
,,,563.999987207E-6,1.6999999,
,,,566.000002436E-6,1.6999999,
,,,568.000017665E-6,1.6999999,
,,,569.999974687E-6,1.6799999,
,,,571.999989916E-6,1.6799999,
,,,574.000005145E-6,1.6600000,
,,,576.000020374E-6,1.6600000,
,,,577.999977395E-6,1.6600000,
,,,579.999992624E-6,1.6600000,
,,,582.000007853E-6,1.6600000,
,,,584.000023082E-6,1.6400000,
,,,585.999980103E-6,1.6400000,
,,,587.999995332E-6,1.6400000,
,,,590.000010561E-6,1.6400000,
,,,592.000025790E-6,1.6400000,
,,,593.999982812E-6,1.6200000,
,,,595.999998040E-6,1.6200000,
,,,598.000013269E-6,1.6200000,
,,,599.999970291E-6,1.5999999,
,,,601.999985520E-6,1.5999999,
,,,604.000000749E-6,1.5999999,
,,,606.000015978E-6,1.5999999,
,,,607.999972999E-6,1.5999999,
,,,609.999988228E-6,1.5799999,
,,,612.000003457E-6,1.5799999,
,,,614.000018686E-6,1.5799999,
,,,615.999975707E-6,1.5799999,
,,,617.999990936E-6,1.5799999,
,,,620.000006165E-6,1.5799999,
,,,622.000021394E-6,1.5599999,
,,,623.999978416E-6,1.5599999,
,,,625.999993645E-6,1.5400000,
,,,628.000008874E-6,1.5400000,
,,,630.000024103E-6,1.5400000,
,,,631.999981124E-6,1.5400000,
,,,633.999996353E-6,1.5200000,
,,,636.000011582E-6,1.5200000,
,,,638.000026811E-6,1.5200000,
,,,639.999983832E-6,1.5200000,
,,,641.999999061E-6,1.5200000,
,,,644.000014290E-6,1.5000000,
,,,645.999971312E-6,1.5000000,
,,,647.999986541E-6,1.5000000,
,,,650.000001770E-6,1.5000000,
,,,652.000016998E-6,1.5000000,
,,,653.999974020E-6,1.4800000,
,,,655.999989249E-6,1.4800000,
,,,658.000004478E-6,1.4800000,
,,,660.000019707E-6,1.4599999,
,,,661.999976728E-6,1.4599999,
,,,663.999991957E-6,1.4599999,
,,,666.000007186E-6,1.4599999,
,,,668.000022415E-6,1.4399999,
,,,669.999979436E-6,1.4399999,
,,,671.999994665E-6,1.4399999,
,,,674.000009894E-6,1.4399999,
,,,676.000025123E-6,1.4399999,
,,,677.999982145E-6,1.4200000,
,,,679.999997374E-6,1.4200000,
,,,682.000012603E-6,1.4200000,
,,,683.999969624E-6,1.4200000,
,,,685.999984853E-6,1.4000000,
,,,688.000000082E-6,1.4000000,
,,,690.000015311E-6,1.4000000,
,,,691.999972332E-6,1.3800000,
,,,693.999987561E-6,1.3800000,
,,,696.000002790E-6,1.3800000,
,,,698.000018019E-6,1.3800000,
,,,699.999975041E-6,1.3800000,
,,,701.999990270E-6,1.3600000,
,,,704.000005499E-6,1.3600000,
,,,706.000020728E-6,1.3600000,
,,,707.999977749E-6,1.3600000,
,,,709.999992978E-6,1.3399999,
,,,712.000008207E-6,1.3399999,
,,,714.000023436E-6,1.3199999,
,,,715.999980457E-6,1.3199999,
,,,717.999995686E-6,1.3199999,
,,,720.000010915E-6,1.3199999,
,,,722.000026144E-6,1.3199999,
,,,723.999983165E-6,1.3000000,
,,,725.999998394E-6,1.3000000,
,,,728.000013623E-6,1.3000000,
,,,729.999970645E-6,1.3000000,
,,,731.999985874E-6,1.3000000,
,,,734.000001103E-6,1.3000000,
,,,736.000016332E-6,1.2800000,
,,,737.999973353E-6,1.2800000,
,,,739.999988582E-6,1.2800000,
,,,742.000003811E-6,1.2600000,
,,,744.000019040E-6,1.2600000,
,,,745.999976061E-6,1.2600000,
,,,747.999991290E-6,1.2600000,
,,,750.000006519E-6,1.2600000,
,,,752.000021748E-6,1.2400000,
,,,753.999978770E-6,1.2400000,
,,,755.999993999E-6,1.2400000,
,,,758.000009228E-6,1.2400000,
,,,760.000024457E-6,1.2400000,
,,,761.999981478E-6,1.2400000,
,,,763.999996707E-6,1.2200000,
,,,766.000011936E-6,1.2200000,
,,,768.000027165E-6,1.2200000,
,,,769.999984186E-6,1.2200000,
,,,771.999999415E-6,1.1999999,
,,,774.000014644E-6,1.1999999,
,,,775.999971665E-6,1.1999999,
,,,777.999986894E-6,1.1999999,
,,,780.000002123E-6,1.1799999,
,,,782.000017352E-6,1.1799999,
,,,783.999974374E-6,1.1799999,
,,,785.999989603E-6,1.1799999,
,,,788.000004832E-6,1.1799999,
,,,790.000020061E-6,1.1799999,
,,,791.999977082E-6,1.1600000,
,,,793.999992311E-6,1.1600000,
,,,796.000007540E-6,1.1600000,
,,,798.000022769E-6,1.1600000,
,,,799.999979790E-6,1.1600000,
,,,801.999995019E-6,1.1400000,
,,,804.000010248E-6,1.1400000,
,,,806.000025477E-6,1.1200000,
,,,807.999982499E-6,1.1200000,
,,,809.999997728E-6,1.1200000,
,,,812.000012957E-6,1.1200000,
,,,813.999969978E-6,1.1200000,
,,,815.999985207E-6,1.1000000,
,,,818.000000436E-6,1.1000000,
,,,820.000015665E-6,1.1000000,
,,,821.999972686E-6,1.1000000,
,,,823.999987915E-6,1.0799999,
,,,826.000003144E-6,1.0799999,
,,,828.000018373E-6,1.0799999,
,,,829.999975394E-6,1.0799999,
,,,831.999990623E-6,1.0799999,
,,,834.000005852E-6,1.0799999,
,,,836.000021081E-6,1.0799999,
,,,837.999978103E-6,1.0599999,
,,,839.999993332E-6,1.0599999,
,,,842.000008561E-6,1.0599999,
,,,844.000023790E-6,1.0599999,
,,,845.999980811E-6,1.0400000,
,,,847.999996040E-6,1.0400000,
,,,850.000011269E-6,1.0400000,
,,,852.000026498E-6,1.0400000,
,,,853.999983519E-6,1.0400000,
,,,855.999998748E-6,1.0400000,
,,,858.000013977E-6,1.0200000,
,,,859.999970999E-6,1.0200000,
,,,861.999986228E-6,1.0200000,
,,,864.000001457E-6,1.0200000,
,,,866.000016686E-6,1.000000,
,,,867.999973707E-6,1.0200000,
,,,869.999988936E-6,1.000000,
,,,872.000004165E-6,1.000000,
,,,874.000019394E-6,1.000000,
,,,875.999976415E-6,1.000000,
,,,877.999991644E-6,1.000000,
,,,880.000006873E-6,979.999959469E-3,
,,,882.000022102E-6,979.999959469E-3,
,,,883.999979123E-6,979.999959469E-3,
,,,885.999994352E-6,979.999959469E-3,
,,,888.000009581E-6,959.999978542E-3,
,,,890.000024810E-6,959.999978542E-3,
,,,891.999981832E-6,959.999978542E-3,
,,,893.999997061E-6,959.999978542E-3,
,,,896.000012290E-6,959.999978542E-3,
,,,897.999969311E-6,939.999997616E-3,
,,,899.999984540E-6,939.999997616E-3,
,,,901.999999769E-6,939.999997616E-3,
,,,904.000014998E-6,939.999997616E-3,
,,,905.999972019E-6,939.999997616E-3,
,,,907.999987248E-6,919.999957085E-3,
,,,910.000002477E-6,919.999957085E-3,
,,,912.000017706E-6,919.999957085E-3,
,,,913.999974728E-6,919.999957085E-3,
,,,915.999989957E-6,919.999957085E-3,
,,,918.000005186E-6,919.999957085E-3,
,,,920.000020415E-6,899.999976158E-3,
,,,921.999977436E-6,899.999976158E-3,
,,,923.999992665E-6,899.999976158E-3,
,,,926.000007894E-6,899.999976158E-3,
,,,928.000023123E-6,879.999995232E-3,
,,,929.999980144E-6,899.999976158E-3,
,,,931.999995373E-6,879.999995232E-3,
,,,934.000010602E-6,879.999995232E-3,
,,,936.000025831E-6,879.999995232E-3,
,,,937.999982852E-6,879.999995232E-3,
,,,939.999998081E-6,879.999995232E-3,
,,,942.000013310E-6,879.999995232E-3,
,,,943.999970332E-6,859.999954700E-3,
,,,945.999985561E-6,859.999954700E-3,
,,,948.000000790E-6,859.999954700E-3,
,,,950.000016019E-6,859.999954700E-3,
,,,951.999973040E-6,859.999954700E-3,
,,,953.999988269E-6,839.999973774E-3,
,,,956.000003498E-6,839.999973774E-3,
,,,958.000018727E-6,839.999973774E-3,
,,,959.999975748E-6,839.999973774E-3,
,,,961.999990977E-6,839.999973774E-3,
,,,964.000006206E-6,839.999973774E-3,
,,,966.000021435E-6,819.999992847E-3,
,,,967.999978457E-6,819.999992847E-3,
,,,969.999993686E-6,819.999992847E-3,
,,,972.000008915E-6,819.999992847E-3,
,,,974.000024144E-6,799.999952316E-3,
,,,975.999981165E-6,799.999952316E-3,
,,,977.999996394E-6,799.999952316E-3,
,,,980.000011623E-6,799.999952316E-3,
,,,982.000026852E-6,799.999952316E-3,
,,,984.000042081E-6,799.999952316E-3,
,,,985.999940895E-6,779.999971390E-3,
,,,987.999956124E-6,779.999971390E-3,
,,,989.999971353E-6,799.999952316E-3,
,,,991.999986582E-6,779.999971390E-3,
,,,994.000001810E-6,779.999971390E-3,
,,,996.000017039E-6,779.999971390E-3,
,,,998.000032268E-6,759.999990463E-3,
,,,1.0000000E-3,759.999990463E-3,
,,,1.0019999E-3,759.999990463E-3,
,,,1.0040000E-3,759.999990463E-3,
,,,1.0060000E-3,759.999990463E-3,
,,,1.0080000E-3,759.999990463E-3,
,,,1.0100000E-3,759.999990463E-3,
,,,1.0120000E-3,740.000009537E-3,
,,,1.0140000E-3,759.999990463E-3,
,,,1.0160001E-3,759.999990463E-3,
,,,1.0180000E-3,759.999990463E-3,
,,,1.0200000E-3,740.000009537E-3,
,,,1.0220000E-3,740.000009537E-3,
,,,1.0240000E-3,740.000009537E-3,
,,,1.0260000E-3,719.999969006E-3,
,,,1.0280000E-3,719.999969006E-3,
,,,1.0300000E-3,719.999969006E-3,
,,,1.0319999E-3,719.999969006E-3,
,,,1.0340000E-3,719.999969006E-3,
,,,1.0360000E-3,719.999969006E-3,
,,,1.0380000E-3,699.999988079E-3,
,,,1.0400000E-3,699.999988079E-3,
,,,1.0420000E-3,699.999988079E-3,
,,,1.0440000E-3,699.999988079E-3,
,,,1.0460000E-3,699.999988079E-3,
,,,1.0479999E-3,699.999988079E-3,
,,,1.0500000E-3,699.999988079E-3,
,,,1.0520000E-3,680.000007153E-3,
,,,1.0540000E-3,680.000007153E-3,
,,,1.0560000E-3,680.000007153E-3,
,,,1.0580000E-3,680.000007153E-3,
,,,1.0600000E-3,680.000007153E-3,
,,,1.0620001E-3,680.000007153E-3,
,,,1.0640000E-3,659.999966621E-3,
,,,1.0660000E-3,659.999966621E-3,
,,,1.0680000E-3,659.999966621E-3,
,,,1.0700000E-3,659.999966621E-3,
,,,1.0720000E-3,659.999966621E-3,
,,,1.0740000E-3,659.999966621E-3,
,,,1.0760000E-3,659.999966621E-3,
,,,1.0779999E-3,659.999966621E-3,
,,,1.0800000E-3,639.999985695E-3,
,,,1.0820000E-3,639.999985695E-3,
,,,1.0840000E-3,639.999985695E-3,
,,,1.0860000E-3,639.999985695E-3,
,,,1.0880000E-3,639.999985695E-3,
,,,1.0900000E-3,639.999985695E-3,
,,,1.0920000E-3,620.000004768E-3,
,,,1.0939999E-3,620.000004768E-3,
,,,1.0960000E-3,620.000004768E-3,
,,,1.0980000E-3,620.000004768E-3,
,,,1.1000000E-3,620.000004768E-3,
,,,1.1020000E-3,620.000004768E-3,
,,,1.1040000E-3,620.000004768E-3,
,,,1.1060000E-3,620.000004768E-3,
,,,1.1080001E-3,599.999964237E-3,
,,,1.1100000E-3,620.000004768E-3,
,,,1.1120000E-3,599.999964237E-3,
,,,1.1140000E-3,599.999964237E-3,
,,,1.1160000E-3,599.999964237E-3,
,,,1.1180000E-3,599.999964237E-3,
,,,1.1200000E-3,579.999983311E-3,
,,,1.1220000E-3,579.999983311E-3,
,,,1.1239999E-3,579.999983311E-3,
,,,1.1260000E-3,579.999983311E-3,
,,,1.1280000E-3,579.999983311E-3,
,,,1.1300000E-3,579.999983311E-3,
,,,1.1320000E-3,560.000002384E-3,
,,,1.1340000E-3,560.000002384E-3,
,,,1.1360000E-3,560.000002384E-3,
,,,1.1380001E-3,560.000002384E-3,
,,,1.1399999E-3,560.000002384E-3,
,,,1.1420000E-3,560.000002384E-3,
,,,1.1440000E-3,560.000002384E-3,
,,,1.1460000E-3,539.999961853E-3,
,,,1.1480000E-3,539.999961853E-3,
,,,1.1500000E-3,539.999961853E-3,
,,,1.1520000E-3,539.999961853E-3,
,,,1.1539999E-3,539.999961853E-3,
,,,1.1560000E-3,539.999961853E-3,
,,,1.1580000E-3,539.999961853E-3,
,,,1.1600000E-3,539.999961853E-3,
,,,1.1620000E-3,539.999961853E-3,
,,,1.1640000E-3,539.999961853E-3,
,,,1.1660000E-3,539.999961853E-3,
,,,1.1680000E-3,539.999961853E-3,
,,,1.1699999E-3,519.999980927E-3,
,,,1.1720000E-3,519.999980927E-3,
,,,1.1740000E-3,519.999980927E-3,
,,,1.1760000E-3,519.999980927E-3,
,,,1.1780000E-3,519.999980927E-3,
,,,1.1800000E-3,519.999980927E-3,
,,,1.1820000E-3,500.000000000E-3,
,,,1.1840001E-3,500.000000000E-3,
,,,1.1860000E-3,519.999980927E-3,
,,,1.1880000E-3,500.000000000E-3,
,,,1.1900000E-3,500.000000000E-3,
,,,1.1920000E-3,519.999980927E-3,
,,,1.1940000E-3,500.000000000E-3,
,,,1.1960000E-3,500.000000000E-3,
,,,1.1980000E-3,500.000000000E-3,
,,,1.1999999E-3,500.000000000E-3,
,,,1.2020000E-3,500.000000000E-3,
,,,1.2040000E-3,479.999989271E-3,
,,,1.2060000E-3,479.999989271E-3,
,,,1.2080000E-3,479.999989271E-3,
,,,1.2100000E-3,479.999989271E-3,
,,,1.2120000E-3,479.999989271E-3,
,,,1.2140000E-3,479.999989271E-3,
,,,1.2159999E-3,479.999989271E-3,
,,,1.2180000E-3,459.999978542E-3,
,,,1.2200000E-3,479.999989271E-3,
,,,1.2220000E-3,459.999978542E-3,
,,,1.2240000E-3,459.999978542E-3,
,,,1.2260000E-3,459.999978542E-3,
,,,1.2280000E-3,459.999978542E-3,
,,,1.2300001E-3,459.999978542E-3,
,,,1.2320000E-3,459.999978542E-3,
,,,1.2340000E-3,459.999978542E-3,
,,,1.2360000E-3,459.999978542E-3,
,,,1.2380000E-3,439.999997616E-3,
,,,1.2400000E-3,439.999997616E-3,
,,,1.2420000E-3,439.999997616E-3,
,,,1.2440000E-3,439.999997616E-3,
,,,1.2459999E-3,439.999997616E-3,
,,,1.2480000E-3,439.999997616E-3,
,,,1.2500000E-3,439.999997616E-3,
,,,1.2520000E-3,439.999997616E-3,
,,,1.2540000E-3,439.999997616E-3,
,,,1.2560000E-3,419.999986887E-3,
,,,1.2580000E-3,439.999997616E-3,
,,,1.2600000E-3,419.999986887E-3,
,,,1.2619999E-3,419.999986887E-3,
,,,1.2640000E-3,419.999986887E-3,
,,,1.2660000E-3,419.999986887E-3,
,,,1.2680000E-3,419.999986887E-3,
,,,1.2700000E-3,419.999986887E-3,
,,,1.2720000E-3,419.999986887E-3,
,,,1.2740000E-3,419.999986887E-3,
,,,1.2760001E-3,419.999986887E-3,
,,,1.2780000E-3,419.999986887E-3,
,,,1.2800000E-3,419.999986887E-3,
,,,1.2820000E-3,399.99997616E-3,
,,,1.2840000E-3,399.99997616E-3,
,,,1.2860000E-3,399.99997616E-3,
,,,1.2880000E-3,399.99997616E-3,
,,,1.2900000E-3,399.99997616E-3,
,,,1.2919999E-3,399.99997616E-3,
,,,1.2940000E-3,399.99997616E-3,
,,,1.2960000E-3,399.99997616E-3,
,,,1.2980000E-3,379.99999523E-3,
,,,1.3000000E-3,379.99999523E-3,
,,,1.3020000E-3,379.99999523E-3,
,,,1.3040000E-3,379.99999523E-3,
,,,1.3060000E-3,379.99999523E-3,
,,,1.3079999E-3,379.99999523E-3,
,,,1.3100000E-3,379.99999523E-3,
,,,1.3120000E-3,379.99999523E-3,
,,,1.3140000E-3,379.99999523E-3,
,,,1.3160000E-3,379.99999523E-3,
,,,1.3180000E-3,359.99998450E-3,
,,,1.3200000E-3,379.99999523E-3,
,,,1.3220001E-3,379.99999523E-3,
,,,1.3240000E-3,359.99998450E-3,
,,,1.3260000E-3,359.99998450E-3,
,,,1.3280000E-3,359.99998450E-3,
,,,1.3300000E-3,359.99998450E-3,
,,,1.3320000E-3,359.99998450E-3,
,,,1.3340000E-3,359.99998450E-3,
,,,1.3360000E-3,359.99998450E-3,
,,,1.3379999E-3,359.99998450E-3,
,,,1.3400000E-3,340.00000358E-3,
,,,1.3420000E-3,359.99998450E-3,
,,,1.3440000E-3,340.00000358E-3,
,,,1.3460000E-3,340.00000358E-3,
,,,1.3480000E-3,340.00000358E-3,
,,,1.3500000E-3,340.00000358E-3,
,,,1.3520001E-3,340.00000358E-3,
,,,1.3539999E-3,340.00000358E-3,
,,,1.3560000E-3,340.00000358E-3,
,,,1.3580000E-3,340.00000358E-3,
,,,1.3600000E-3,340.00000358E-3,
,,,1.3620000E-3,340.00000358E-3,
,,,1.3640000E-3,340.00000358E-3,
,,,1.3660000E-3,340.00000358E-3,
,,,1.3679999E-3,340.00000358E-3,
,,,1.3700000E-3,340.00000358E-3,
,,,1.3720000E-3,319.99999285E-3,
,,,1.3740000E-3,319.99999285E-3,
,,,1.3760000E-3,319.99999285E-3,
,,,1.3780000E-3,319.99999285E-3,
,,,1.3800000E-3,319.99999285E-3,
,,,1.3820000E-3,319.99999285E-3,
,,,1.3839999E-3,319.99999285E-3,
,,,1.3860000E-3,319.99999285E-3,
,,,1.3880000E-3,319.99999285E-3,
,,,1.3900000E-3,299.99998212E-3,
,,,1.3920000E-3,299.99998212E-3,
,,,1.3940000E-3,319.99999285E-3,
,,,1.3960000E-3,319.99999285E-3,
,,,1.3980001E-3,299.99998212E-3,
,,,1.4000000E-3,299.99998212E-3,
,,,1.4020000E-3,299.99998212E-3,
,,,1.4040000E-3,299.99998212E-3,
,,,1.4060000E-3,299.99998212E-3,
,,,1.4080000E-3,299.99998212E-3,
,,,1.4100000E-3,299.99998212E-3,
,,,1.4120000E-3,299.99998212E-3,
,,,1.4139999E-3,299.99998212E-3,
,,,1.4160000E-3,299.99998212E-3,
,,,1.4180000E-3,299.99998212E-3,
,,,1.4200000E-3,299.99998212E-3,
,,,1.4220000E-3,299.99998212E-3,
,,,1.4240000E-3,299.99998212E-3,
,,,1.4260000E-3,280.00000119E-3,
,,,1.4280000E-3,280.00000119E-3,
,,,1.4299999E-3,299.99998212E-3,
,,,1.4320000E-3,280.00000119E-3,
,,,1.4340000E-3,280.00000119E-3,
,,,1.4360000E-3,280.00000119E-3,
,,,1.4380000E-3,280.00000119E-3,
,,,1.4400000E-3,280.00000119E-3,
,,,1.4420000E-3,280.00000119E-3,
,,,1.4440001E-3,280.00000119E-3,
,,,1.4460000E-3,280.00000119E-3,
,,,1.4480000E-3,280.00000119E-3,
,,,1.4500000E-3,280.00000119E-3,
,,,1.4520000E-3,280.00000119E-3,
,,,1.4540000E-3,280.00000119E-3,
,,,1.4560000E-3,280.00000119E-3,
,,,1.4580000E-3,280.00000119E-3,
,,,1.4599999E-3,259.99999046E-3,
,,,1.4620000E-3,259.99999046E-3,
,,,1.4640000E-3,259.99999046E-3,
,,,1.4660000E-3,259.99999046E-3,
,,,1.4680000E-3,259.99999046E-3,
,,,1.4700000E-3,259.99999046E-3,
,,,1.4720000E-3,259.99999046E-3,
,,,1.4740000E-3,259.99999046E-3,
,,,1.4759999E-3,259.99999046E-3,
,,,1.4780000E-3,239.99999464E-3,
,,,1.4800000E-3,259.99999046E-3,
,,,1.4820000E-3,259.99999046E-3,
,,,1.4840000E-3,259.99999046E-3,
,,,1.4860000E-3,239.99999464E-3,
,,,1.4880000E-3,239.99999464E-3,
,,,1.4900001E-3,239.99999464E-3,
,,,1.4920000E-3,239.99999464E-3,
,,,1.4940000E-3,239.99999464E-3,
,,,1.4960000E-3,239.99999464E-3,
,,,1.4980000E-3,239.99999464E-3,
,,,1.5000000E-3,259.99999046E-3,
,,,1.5020000E-3,239.99999464E-3,
,,,1.5040000E-3,239.99999464E-3,
,,,1.5059999E-3,239.99999464E-3,
,,,1.5080000E-3,239.99999464E-3,
,,,1.5100000E-3,239.99999464E-3,
,,,1.5120000E-3,239.99999464E-3,
,,,1.5140000E-3,239.99999464E-3,
,,,1.5160000E-3,239.99999464E-3,
,,,1.5180000E-3,219.99999881E-3,
,,,1.5200000E-3,239.99999464E-3,
,,,1.5219999E-3,219.99999881E-3,
,,,1.5240000E-3,219.99999881E-3,
,,,1.5260000E-3,219.99999881E-3,
,,,1.5280000E-3,219.99999881E-3,
,,,1.5300000E-3,219.99999881E-3,
,,,1.5320000E-3,219.99999881E-3,
,,,1.5340000E-3,219.99999881E-3,
,,,1.5360001E-3,219.99999881E-3,
,,,1.5380000E-3,219.99999881E-3,
,,,1.5400000E-3,219.99999881E-3,
,,,1.5420000E-3,219.99999881E-3,
,,,1.5440000E-3,219.99999881E-3,
,,,1.5460000E-3,219.99999881E-3,
,,,1.5480000E-3,219.99999881E-3,
,,,1.5500000E-3,219.99999881E-3,
,,,1.5519999E-3,219.99999881E-3,
,,,1.5540000E-3,219.99999881E-3,
,,,1.5560000E-3,219.99999881E-3,
,,,1.5580000E-3,219.99999881E-3,
,,,1.5600000E-3,199.99998808E-3,
,,,1.5620000E-3,219.99999881E-3,
,,,1.5640000E-3,219.99999881E-3,
,,,1.5660000E-3,199.99998808E-3,
,,,1.5679999E-3,199.99998808E-3,
,,,1.5700000E-3,199.99998808E-3,
,,,1.5720000E-3,199.99998808E-3,
,,,1.5740000E-3,199.99998808E-3,
,,,1.5760000E-3,199.99998808E-3,
,,,1.5780000E-3,199.99998808E-3,
,,,1.5800000E-3,199.99998808E-3,
,,,1.5819999E-3,199.99998808E-3,
,,,1.5840000E-3,199.99998808E-3,
,,,1.5860000E-3,199.99998808E-3,
,,,1.5880000E-3,199.99998808E-3,
,,,1.5900000E-3,199.99998808E-3,
,,,1.5920000E-3,199.99998808E-3,
,,,1.5940000E-3,199.99998808E-3,
,,,1.5960000E-3,199.99998808E-3,
,,,1.5979999E-3,199.99998808E-3,
,,,1.6000000E-3,199.99998808E-3,
,,,1.6020000E-3,179.99999225E-3,
,,,1.6040000E-3,199.99998808E-3,
,,,1.6060000E-3,179.99999225E-3,
,,,1.6080000E-3,179.99999225E-3,
,,,1.6100000E-3,179.99999225E-3,
,,,1.6120001E-3,179.99999225E-3,
,,,1.6139999E-3,179.99999225E-3,
,,,1.6160000E-3,179.99999225E-3,
,,,1.6180000E-3,179.99999225E-3,
,,,1.6200000E-3,179.99999225E-3,
,,,1.6220000E-3,179.99999225E-3,
,,,1.6240000E-3,179.99999225E-3,
,,,1.6260000E-3,179.99999225E-3,
,,,1.6279999E-3,179.99999225E-3,
,,,1.6300000E-3,179.99999225E-3,
,,,1.6320000E-3,179.99999225E-3,
,,,1.6340000E-3,179.99999225E-3,
,,,1.6360000E-3,179.99999225E-3,
,,,1.6380000E-3,179.99999225E-3,
,,,1.6400000E-3,159.99999642E-3,
,,,1.6420000E-3,179.99999225E-3,
,,,1.6439999E-3,179.99999225E-3,
,,,1.6460000E-3,179.99999225E-3,
,,,1.6480000E-3,179.99999225E-3,
,,,1.6500000E-3,179.99999225E-3,
,,,1.6520000E-3,179.99999225E-3,
,,,1.6540000E-3,159.99999642E-3,
,,,1.6560000E-3,159.99999642E-3,
,,,1.6580001E-3,159.99999642E-3,
,,,1.6600000E-3,159.99999642E-3,
,,,1.6620000E-3,159.99999642E-3,
,,,1.6640000E-3,159.99999642E-3,
,,,1.6660000E-3,159.99999642E-3,
,,,1.6680000E-3,159.99999642E-3,
,,,1.6700000E-3,159.99999642E-3,
,,,1.6720000E-3,159.99999642E-3,
,,,1.6739999E-3,159.99999642E-3,
,,,1.6760000E-3,159.99999642E-3,
,,,1.6780000E-3,159.99999642E-3,
,,,1.6800000E-3,159.99999642E-3,
,,,1.6820000E-3,159.99999642E-3,
,,,1.6840000E-3,159.99999642E-3,
,,,1.6860000E-3,159.99999642E-3,
,,,1.6880000E-3,159.99999642E-3,
,,,1.6899999E-3,159.99999642E-3,
,,,1.6920000E-3,140.0000006E-3,
,,,1.6940000E-3,159.99999642E-3,
,,,1.6960000E-3,140.0000006E-3,
,,,1.6980000E-3,140.0000006E-3,
,,,1.7000000E-3,159.99999642E-3,
,,,1.7020000E-3,140.0000006E-3,
,,,1.7040001E-3,140.0000006E-3,
,,,1.7060000E-3,159.99999642E-3,
,,,1.7080000E-3,140.0000006E-3,
,,,1.7100000E-3,140.0000006E-3,
,,,1.7120000E-3,140.0000006E-3,
,,,1.7140000E-3,159.99999642E-3,
,,,1.7160000E-3,140.0000006E-3,
,,,1.7180000E-3,140.0000006E-3,
,,,1.7199999E-3,140.0000006E-3,
,,,1.7220000E-3,140.0000006E-3,
,,,1.7240000E-3,140.0000006E-3,
,,,1.7260000E-3,140.0000006E-3,
,,,1.7280000E-3,140.0000006E-3,
,,,1.7300000E-3,140.0000006E-3,
,,,1.7320000E-3,140.0000006E-3,
,,,1.7340000E-3,140.0000006E-3,
,,,1.7359999E-3,140.0000006E-3,
,,,1.7380000E-3,140.0000006E-3,
,,,1.7400000E-3,140.0000006E-3,
,,,1.7420000E-3,140.0000006E-3,
,,,1.7440000E-3,140.0000006E-3,
,,,1.7460000E-3,140.0000006E-3,
,,,1.7480000E-3,140.0000006E-3,
,,,1.7499999E-3,140.0000006E-3,
,,,1.7520000E-3,119.9999973E-3,
,,,1.7540000E-3,119.9999973E-3,
,,,1.7560000E-3,119.9999973E-3,
,,,1.7580000E-3,140.0000006E-3,
,,,1.7600000E-3,119.9999973E-3,
,,,1.7620000E-3,140.0000006E-3,
,,,1.7640000E-3,140.0000006E-3,
,,,1.7659999E-3,119.9999973E-3,
,,,1.7680000E-3,119.9999973E-3,
,,,1.7700000E-3,119.9999973E-3,
,,,1.7720000E-3,119.9999973E-3,
,,,1.7740000E-3,119.9999973E-3,
,,,1.7760000E-3,119.9999973E-3,
,,,1.7780000E-3,119.9999973E-3,
,,,1.7800000E-3,119.9999973E-3,
,,,1.7819999E-3,119.9999973E-3,
,,,1.7840000E-3,119.9999973E-3,
,,,1.7860000E-3,119.9999973E-3,
,,,1.7880000E-3,119.9999973E-3,
,,,1.7900000E-3,119.9999973E-3,
,,,1.7920000E-3,119.9999973E-3,
,,,1.7940000E-3,119.9999973E-3,
,,,1.7959999E-3,119.9999973E-3,
,,,1.7980000E-3,119.9999973E-3,
,,,1.8000000E-3,119.9999973E-3,
,,,1.8020000E-3,119.9999973E-3,
,,,1.8040000E-3,119.9999973E-3,
,,,1.8060000E-3,119.9999973E-3,
,,,1.8080000E-3,119.9999973E-3,
,,,1.8100000E-3,119.9999973E-3,
,,,1.8119999E-3,119.9999973E-3,
,,,1.8140000E-3,119.9999973E-3,
,,,1.8160000E-3,119.9999973E-3,
,,,1.8180000E-3,119.9999973E-3,
,,,1.8200000E-3,119.9999973E-3,
,,,1.8220000E-3,119.9999973E-3,
,,,1.8240000E-3,119.9999973E-3,
,,,1.8260001E-3,119.9999973E-3,
,,,1.8279999E-3,119.9999973E-3,
,,,1.8300000E-3,119.9999973E-3,
,,,1.8320000E-3,119.9999973E-3,
,,,1.8340000E-3,99.999994040E-3,
,,,1.8360000E-3,99.999994040E-3,
,,,1.8380000E-3,99.999994040E-3,
,,,1.8400000E-3,99.999994040E-3,
,,,1.8419999E-3,99.999994040E-3,
,,,1.8440000E-3,99.999994040E-3,
,,,1.8460000E-3,99.999994040E-3,
,,,1.8480000E-3,99.999994040E-3,
,,,1.8500000E-3,99.999994040E-3,
,,,1.8520000E-3,99.999994040E-3,
,,,1.8540000E-3,99.999994040E-3,
,,,1.8560000E-3,99.999994040E-3,
,,,1.8579999E-3,99.999994040E-3,
,,,1.8600000E-3,99.999994040E-3,
,,,1.8620000E-3,99.999994040E-3,
,,,1.8640000E-3,99.999994040E-3,
,,,1.8660000E-3,99.999994040E-3,
,,,1.8680000E-3,99.999994040E-3,
,,,1.8700000E-3,99.999994040E-3,
,,,1.8720001E-3,99.999994040E-3,
,,,1.8740000E-3,99.999994040E-3,
,,,1.8760000E-3,99.999994040E-3,
,,,1.8780000E-3,99.999994040E-3,
,,,1.8800000E-3,99.999994040E-3,
,,,1.8820000E-3,99.999994040E-3,
,,,1.8840000E-3,99.999994040E-3,
,,,1.8860000E-3,99.999994040E-3,
,,,1.8879999E-3,99.999994040E-3,
,,,1.8900000E-3,99.999994040E-3,
,,,1.8920000E-3,99.999994040E-3,
,,,1.8940000E-3,99.999994040E-3,
,,,1.8960000E-3,99.999994040E-3,
,,,1.8980000E-3,99.999994040E-3,
,,,1.9000000E-3,99.999994040E-3,
,,,1.9020000E-3,99.999994040E-3,
,,,1.9039999E-3,99.999994040E-3,
,,,1.9060000E-3,99.999994040E-3,
,,,1.9080000E-3,79.999998212E-3,
,,,1.9100000E-3,99.999994040E-3,
,,,1.9120000E-3,79.999998212E-3,
,,,1.9140000E-3,99.999994040E-3,
,,,1.9160000E-3,99.999994040E-3,
,,,1.9180001E-3,99.999994040E-3,
,,,1.9200000E-3,99.999994040E-3,
,,,1.9220000E-3,79.999998212E-3,
,,,1.9240000E-3,79.999998212E-3,
,,,1.9260000E-3,79.999998212E-3,
,,,1.9280000E-3,79.999998212E-3,
,,,1.9300000E-3,79.999998212E-3,
,,,1.9320000E-3,79.999998212E-3,
,,,1.9339999E-3,99.999994040E-3,
,,,1.9360000E-3,79.999998212E-3,
,,,1.9380000E-3,79.999998212E-3,
,,,1.9400000E-3,79.999998212E-3,
,,,1.9420000E-3,79.999998212E-3,
,,,1.9440000E-3,79.999998212E-3,
,,,1.9460000E-3,79.999998212E-3,
,,,1.9480000E-3,79.999998212E-3,
,,,1.9499999E-3,79.999998212E-3,
,,,1.9520000E-3,99.999994040E-3,
,,,1.9540000E-3,79.999998212E-3,
,,,1.9560000E-3,79.999998212E-3,
,,,1.9580000E-3,79.999998212E-3,
,,,1.9600000E-3,79.999998212E-3,
,,,1.9620000E-3,99.999994040E-3,
,,,1.9640001E-3,79.999998212E-3,
,,,1.9660001E-3,79.999998212E-3,
,,,1.9680001E-3,79.999998212E-3,
,,,1.9700001E-3,79.999998212E-3,
,,,1.9719999E-3,79.999998212E-3,
,,,1.9739999E-3,79.999998212E-3,
,,,1.9759999E-3,79.999998212E-3,
,,,1.9779999E-3,79.999998212E-3,
,,,1.9799999E-3,79.999998212E-3,
,,,1.9820000E-3,79.999998212E-3,
,,,1.9840000E-3,79.999998212E-3,
,,,1.9860000E-3,79.999998212E-3,
,,,1.9880000E-3,79.999998212E-3,
,,,1.9900000E-3,79.999998212E-3,
,,,1.9920000E-3,79.999998212E-3,
,,,1.9940000E-3,79.999998212E-3,
,,,1.9960001E-3,79.999998212E-3,
,,,1.9980001E-3,79.999998212E-3,
,,,2.0000001E-3,79.999998212E-3,
,,,2.0020001E-3,79.999998212E-3,
,,,2.0039999E-3,59.999998659E-3,
,,,2.0059999E-3,79.999998212E-3,
,,,2.0079999E-3,79.999998212E-3,
,,,2.0099999E-3,79.999998212E-3,
,,,2.0120000E-3,79.999998212E-3,
,,,2.0140000E-3,79.999998212E-3,
,,,2.0160000E-3,79.999998212E-3,
,,,2.0180000E-3,79.999998212E-3,
,,,2.0200000E-3,79.999998212E-3,
,,,2.0220000E-3,79.999998212E-3,
,,,2.0240000E-3,79.999998212E-3,
,,,2.0260001E-3,79.999998212E-3,
,,,2.0280001E-3,59.999998659E-3,
,,,2.0300001E-3,79.999998212E-3,
,,,2.0320001E-3,79.999998212E-3,
,,,2.0339999E-3,79.999998212E-3,
,,,2.0359999E-3,59.999998659E-3,
,,,2.0379999E-3,59.999998659E-3,
,,,2.0399999E-3,59.999998659E-3,
,,,2.0419999E-3,59.999998659E-3,
,,,2.0440000E-3,79.999998212E-3,
,,,2.0460000E-3,79.999998212E-3,
,,,2.0480000E-3,79.999998212E-3,
,,,2.0500000E-3,59.999998659E-3,
,,,2.0520000E-3,59.999998659E-3,
,,,2.0540000E-3,59.999998659E-3,
,,,2.0560001E-3,79.999998212E-3,
,,,2.0580001E-3,79.999998212E-3,
,,,2.0600001E-3,79.999998212E-3,
,,,2.0620001E-3,79.999998212E-3,
,,,2.0639999E-3,59.999998659E-3,
,,,2.0659999E-3,59.999998659E-3,
,,,2.0679999E-3,59.999998659E-3,
,,,2.0699999E-3,59.999998659E-3,
,,,2.0719999E-3,59.999998659E-3,
,,,2.0740000E-3,59.999998659E-3,
,,,2.0760000E-3,79.999998212E-3,
,,,2.0780000E-3,59.999998659E-3,
,,,2.0800000E-3,59.999998659E-3,
,,,2.0820000E-3,79.999998212E-3,
,,,2.0840000E-3,59.999998659E-3,
,,,2.0860001E-3,59.999998659E-3,
,,,2.0880001E-3,59.999998659E-3,
,,,2.0900001E-3,59.999998659E-3,
,,,2.0920001E-3,59.999998659E-3,
,,,2.0939999E-3,59.999998659E-3,
,,,2.0959999E-3,59.999998659E-3,
,,,2.0979999E-3,59.999998659E-3,
,,,2.0999999E-3,59.999998659E-3,
,,,2.1019999E-3,59.999998659E-3,
,,,2.1040000E-3,59.999998659E-3,
,,,2.1060000E-3,59.999998659E-3,
,,,2.1080000E-3,59.999998659E-3,
,,,2.1100000E-3,59.999998659E-3,
,,,2.1120000E-3,59.999998659E-3,
,,,2.1140000E-3,59.999998659E-3,
,,,2.1160000E-3,59.999998659E-3,
,,,2.1180001E-3,59.999998659E-3,
,,,2.1200001E-3,59.999998659E-3,
,,,2.1220001E-3,59.999998659E-3,
,,,2.1240001E-3,59.999998659E-3,
,,,2.1259999E-3,59.999998659E-3,
,,,2.1279999E-3,59.999998659E-3,
,,,2.1299999E-3,59.999998659E-3,
,,,2.1319999E-3,59.999998659E-3,
,,,2.1340000E-3,59.999998659E-3,
,,,2.1360000E-3,59.999998659E-3,
,,,2.1380000E-3,59.999998659E-3,
,,,2.1400000E-3,59.999998659E-3,
,,,2.1420000E-3,59.999998659E-3,
,,,2.1440000E-3,59.999998659E-3,
,,,2.1460000E-3,59.999998659E-3,
,,,2.1480001E-3,59.999998659E-3,
,,,2.1500001E-3,59.999998659E-3,
,,,2.1520001E-3,59.999998659E-3,
,,,2.1540001E-3,59.999998659E-3,
,,,2.1559999E-3,59.999998659E-3,
,,,2.1579999E-3,39.99999911E-3,
,,,2.1599999E-3,39.99999911E-3,
,,,2.1619999E-3,39.99999911E-3,
,,,2.1639999E-3,59.999998659E-3,
,,,2.1660000E-3,59.999998659E-3,
,,,2.1680000E-3,59.999998659E-3,
,,,2.1700000E-3,59.999998659E-3,
,,,2.1720000E-3,59.999998659E-3,
,,,2.1740000E-3,59.999998659E-3,
,,,2.1760000E-3,59.999998659E-3,
,,,2.1780001E-3,59.999998659E-3,
,,,2.1800001E-3,39.99999911E-3,
,,,2.1820001E-3,39.99999911E-3,
,,,2.1840001E-3,59.999998659E-3,
,,,2.1859999E-3,39.99999911E-3,
,,,2.1879999E-3,59.999998659E-3,
,,,2.1899999E-3,59.999998659E-3,
,,,2.1919999E-3,59.999998659E-3,
,,,2.1939999E-3,39.99999911E-3,
,,,2.1960000E-3,59.999998659E-3,
,,,2.1980000E-3,39.99999911E-3,
,,,2.2000000E-3,59.999998659E-3,
,,,2.2020000E-3,59.999998659E-3,
,,,2.2040000E-3,59.999998659E-3,
,,,2.2060000E-3,59.999998659E-3,
,,,2.2080000E-3,39.99999911E-3,
,,,2.2100001E-3,59.999998659E-3,
,,,2.2120001E-3,39.99999911E-3,
,,,2.2140001E-3,39.99999911E-3,
,,,2.2160001E-3,39.99999911E-3,
,,,2.2179999E-3,39.99999911E-3,
,,,2.2199999E-3,59.999998659E-3,
,,,2.2219999E-3,39.99999911E-3,
,,,2.2239999E-3,59.999998659E-3,
,,,2.2260000E-3,39.99999911E-3,
,,,2.2280000E-3,59.999998659E-3,
,,,2.2300000E-3,59.999998659E-3,
,,,2.2320000E-3,39.99999911E-3,
,,,2.2340000E-3,39.99999911E-3,
,,,2.2360000E-3,39.99999911E-3,
,,,2.2380000E-3,39.99999911E-3,
,,,2.2400001E-3,39.99999911E-3,
,,,2.2420001E-3,39.99999911E-3,
,,,2.2440001E-3,39.99999911E-3,
,,,2.2460001E-3,39.99999911E-3,
,,,2.2479999E-3,39.99999911E-3,
,,,2.2499999E-3,39.99999911E-3,
,,,2.2519999E-3,39.99999911E-3,
,,,2.2539999E-3,39.99999911E-3,
,,,2.2559999E-3,39.99999911E-3,
,,,2.2580000E-3,39.99999911E-3,
,,,2.2600000E-3,39.99999911E-3,
,,,2.2620000E-3,39.99999911E-3,
,,,2.2640000E-3,39.99999911E-3,
,,,2.2660000E-3,39.99999911E-3,
,,,2.2680000E-3,39.99999911E-3,
,,,2.2700001E-3,39.99999911E-3,
,,,2.2720001E-3,39.99999911E-3,
,,,2.2740001E-3,39.99999911E-3,
,,,2.2760001E-3,39.99999911E-3,
,,,2.2779999E-3,39.99999911E-3,
,,,2.2799999E-3,39.99999911E-3,
,,,2.2819999E-3,39.99999911E-3,
,,,2.2839999E-3,39.99999911E-3,
,,,2.2859999E-3,39.99999911E-3,
,,,2.2880000E-3,39.99999911E-3,
,,,2.2900000E-3,39.99999911E-3,
,,,2.2920000E-3,39.99999911E-3,
,,,2.2940000E-3,39.99999911E-3,
,,,2.2960000E-3,39.99999911E-3,
,,,2.2980000E-3,39.99999911E-3,
,,,2.3000001E-3,39.99999911E-3,
,,,2.3020001E-3,39.99999911E-3,
,,,2.3040001E-3,39.99999911E-3,
,,,2.3060001E-3,39.99999911E-3,
,,,2.3079999E-3,39.99999911E-3,
,,,2.3099999E-3,39.99999911E-3,
,,,2.3119999E-3,39.99999911E-3,
,,,2.3139999E-3,39.99999911E-3,
,,,2.3159999E-3,39.99999911E-3,
,,,2.3180000E-3,39.99999911E-3,
,,,2.3200000E-3,39.99999911E-3,
,,,2.3220000E-3,39.99999911E-3,
,,,2.3240000E-3,39.99999911E-3,
,,,2.3260000E-3,39.99999911E-3,
,,,2.3280000E-3,39.99999911E-3,
,,,2.3300000E-3,39.99999911E-3,
,,,2.3320001E-3,39.99999911E-3,
,,,2.3340001E-3,39.99999911E-3,
,,,2.3360001E-3,39.99999911E-3,
,,,2.3380001E-3,39.99999911E-3,
,,,2.3399999E-3,39.99999911E-3,
,,,2.3419999E-3,39.99999911E-3,
,,,2.3439999E-3,39.99999911E-3,
,,,2.3459999E-3,39.99999911E-3,
,,,2.3480000E-3,39.99999911E-3,
,,,2.3500000E-3,39.99999911E-3,
,,,2.3520000E-3,39.99999911E-3,
,,,2.3540000E-3,39.99999911E-3,
,,,2.3560000E-3,39.99999911E-3,
,,,2.3580000E-3,39.99999911E-3,
,,,2.3600000E-3,39.99999911E-3,
,,,2.3620001E-3,39.99999911E-3,
,,,2.3640001E-3,39.99999911E-3,
,,,2.3660001E-3,39.99999911E-3,
,,,2.3680001E-3,39.99999911E-3,
,,,2.3699999E-3,39.99999911E-3,
,,,2.3719999E-3,39.99999911E-3,
,,,2.3739999E-3,39.99999911E-3,
,,,2.3759999E-3,39.99999911E-3,
,,,2.3779999E-3,39.99999911E-3,
,,,2.3800000E-3,39.99999911E-3,
,,,2.3820000E-3,39.99999911E-3,
,,,2.3840000E-3,39.99999911E-3,
,,,2.3860000E-3,19.9999996E-3,
,,,2.3880000E-3,39.99999911E-3,
,,,2.3900000E-3,39.99999911E-3,
,,,2.3920001E-3,39.99999911E-3,
,,,2.3940001E-3,39.99999911E-3,
,,,2.3960001E-3,39.99999911E-3,
,,,2.3980001E-3,39.99999911E-3,
,,,2.3999999E-3,39.99999911E-3,
,,,2.4019999E-3,39.99999911E-3,
,,,2.4039999E-3,39.99999911E-3,
,,,2.4059999E-3,39.99999911E-3,
,,,2.4079999E-3,39.99999911E-3,
,,,2.4100000E-3,39.99999911E-3,
,,,2.4120000E-3,39.99999911E-3,
,,,2.4140000E-3,39.99999911E-3,
,,,2.4160000E-3,39.99999911E-3,
,,,2.4180000E-3,19.9999996E-3,
,,,2.4200000E-3,39.99999911E-3,
,,,2.4220000E-3,39.99999911E-3,
,,,2.4240001E-3,39.99999911E-3,
,,,2.4260001E-3,39.99999911E-3,
,,,2.4280001E-3,39.99999911E-3,
,,,2.4300001E-3,39.99999911E-3,
,,,2.4319999E-3,39.99999911E-3,
,,,2.4339999E-3,39.99999911E-3,
,,,2.4359999E-3,19.9999996E-3,
,,,2.4379999E-3,39.99999911E-3,
,,,2.4400000E-3,39.99999911E-3,
,,,2.4420000E-3,39.99999911E-3,
,,,2.4440000E-3,39.99999911E-3,
,,,2.4460000E-3,19.9999996E-3,
,,,2.4480000E-3,39.99999911E-3,
,,,2.4500000E-3,39.99999911E-3,
,,,2.4520000E-3,39.99999911E-3,
,,,2.4540001E-3,39.99999911E-3,
,,,2.4560001E-3,39.99999911E-3,
,,,2.4580001E-3,19.9999996E-3,
,,,2.4600001E-3,19.9999996E-3,
,,,2.4619999E-3,19.9999996E-3,
,,,2.4639999E-3,39.99999911E-3,
,,,2.4659999E-3,39.99999911E-3,
,,,2.4679999E-3,19.9999996E-3,
,,,2.4699999E-3,19.9999996E-3,
,,,2.4720000E-3,19.9999996E-3,
,,,2.4740000E-3,39.99999911E-3,
,,,2.4760000E-3,19.9999996E-3,
,,,2.4780000E-3,19.9999996E-3,
,,,2.4800000E-3,39.99999911E-3,
,,,2.4820000E-3,39.99999911E-3,
,,,2.4840001E-3,19.9999996E-3,
,,,2.4860001E-3,19.9999996E-3,
,,,2.4880001E-3,39.99999911E-3,
,,,2.4900001E-3,19.9999996E-3,
,,,2.4919999E-3,19.9999996E-3,
,,,2.4939999E-3,19.9999996E-3,
,,,2.4959999E-3,39.99999911E-3,
,,,2.4979999E-3,19.9999996E-3,
,,,2.4999999E-3,19.9999996E-3,
,,,2.5020000E-3,39.99999911E-3,
,,,2.5040000E-3,39.99999911E-3,
,,,2.5060000E-3,19.9999996E-3,
,,,2.5080000E-3,19.9999996E-3,
,,,2.5100000E-3,39.99999911E-3,
,,,2.5120000E-3,39.99999911E-3,
,,,2.5140001E-3,19.9999996E-3,
,,,2.5160001E-3,39.99999911E-3,
,,,2.5180001E-3,19.9999996E-3,
,,,2.5200001E-3,19.9999996E-3,
,,,2.5219999E-3,39.99999911E-3,
,,,2.5239999E-3,19.9999996E-3,
,,,2.5259999E-3,19.9999996E-3,
,,,2.5279999E-3,19.9999996E-3,
,,,2.5299999E-3,39.99999911E-3,
,,,2.5320000E-3,19.9999996E-3,
,,,2.5340000E-3,39.99999911E-3,
,,,2.5360000E-3,39.99999911E-3,
,,,2.5380000E-3,19.9999996E-3,
,,,2.5400000E-3,39.99999911E-3,
,,,2.5420000E-3,19.9999996E-3,
,,,2.5440000E-3,19.9999996E-3,
,,,2.5460001E-3,19.9999996E-3,
,,,2.5480001E-3,39.99999911E-3,
,,,2.5500001E-3,39.99999911E-3,
,,,2.5520001E-3,19.9999996E-3,
,,,2.5539999E-3,39.99999911E-3,
,,,2.5559999E-3,19.9999996E-3,
,,,2.5579999E-3,19.9999996E-3,
,,,2.5599999E-3,19.9999996E-3,
,,,2.5620000E-3,39.99999911E-3,
,,,2.5640000E-3,19.9999996E-3,
,,,2.5660000E-3,19.9999996E-3,
,,,2.5680000E-3,39.99999911E-3,
,,,2.5700000E-3,19.9999996E-3,
,,,2.5720000E-3,19.9999996E-3,
,,,2.5740000E-3,19.9999996E-3,
,,,2.5760001E-3,19.9999996E-3,
,,,2.5780001E-3,19.9999996E-3,
,,,2.5800001E-3,19.9999996E-3,
,,,2.5820001E-3,19.9999996E-3,
,,,2.5839999E-3,19.9999996E-3,
,,,2.5859999E-3,19.9999996E-3,
,,,2.5879999E-3,19.9999996E-3,
,,,2.5899999E-3,19.9999996E-3,
,,,2.5919999E-3,19.9999996E-3,
,,,2.5940000E-3,19.9999996E-3,
,,,2.5960000E-3,19.9999996E-3,
,,,2.5980000E-3,19.9999996E-3,
,,,2.6000000E-3,19.9999996E-3,
,,,2.6020000E-3,19.9999996E-3,
,,,2.6040000E-3,19.9999996E-3,
,,,2.6060001E-3,19.9999996E-3,
,,,2.6080001E-3,19.9999996E-3,
,,,2.6100001E-3,19.9999996E-3,
,,,2.6120001E-3,19.9999996E-3,
,,,2.6139999E-3,19.9999996E-3,
,,,2.6159999E-3,19.9999996E-3,
,,,2.6179999E-3,19.9999996E-3,
,,,2.6199999E-3,19.9999996E-3,
,,,2.6219999E-3,19.9999996E-3,
,,,2.6240000E-3,39.99999911E-3,
,,,2.6260000E-3,19.9999996E-3,
,,,2.6280000E-3,39.99999911E-3,
,,,2.6300000E-3,39.99999911E-3,
,,,2.6320000E-3,19.9999996E-3,
,,,2.6340000E-3,19.9999996E-3,
,,,2.6360000E-3,19.9999996E-3,
,,,2.6380001E-3,19.9999996E-3,
,,,2.6400001E-3,19.9999996E-3,
,,,2.6420001E-3,39.99999911E-3,
,,,2.6440001E-3,19.9999996E-3,
,,,2.6459999E-3,19.9999996E-3,
,,,2.6479999E-3,19.9999996E-3,
,,,2.6499999E-3,19.9999996E-3,
,,,2.6519999E-3,19.9999996E-3,
,,,2.6540000E-3,19.9999996E-3,
,,,2.6560000E-3,19.9999996E-3,
,,,2.6580000E-3,19.9999996E-3,
,,,2.6600000E-3,19.9999996E-3,
,,,2.6620000E-3,19.9999996E-3,
,,,2.6640000E-3,19.9999996E-3,
,,,2.6660000E-3,19.9999996E-3,
,,,2.6680001E-3,19.9999996E-3,
,,,2.6700001E-3,19.9999996E-3,
,,,2.6720001E-3,19.9999996E-3,
,,,2.6740001E-3,19.9999996E-3,
,,,2.6759999E-3,19.9999996E-3,
,,,2.6779999E-3,19.9999996E-3,
,,,2.6799999E-3,19.9999996E-3,
,,,2.6819999E-3,19.9999996E-3,
,,,2.6839999E-3,19.9999996E-3,
,,,2.6860000E-3,19.9999996E-3,
,,,2.6880000E-3,19.9999996E-3,
,,,2.6900000E-3,39.99999911E-3,
,,,2.6920000E-3,19.9999996E-3,
,,,2.6940000E-3,19.9999996E-3,
,,,2.6960000E-3,19.9999996E-3,
,,,2.6980001E-3,19.9999996E-3,
,,,2.7000001E-3,19.9999996E-3,
,,,2.7020001E-3,19.9999996E-3,
,,,2.7040001E-3,39.99999911E-3,
,,,2.7059999E-3,19.9999996E-3,
,,,2.7079999E-3,19.9999996E-3,
,,,2.7099999E-3,19.9999996E-3,
,,,2.7119999E-3,19.9999996E-3,
,,,2.7139999E-3,19.9999996E-3,
,,,2.7160000E-3,19.9999996E-3,
,,,2.7180000E-3,19.9999996E-3,
,,,2.71999999E-3,19.9999996E-3,
,,,2.72200000E-3,19.9999996E-3,
,,,2.72400002E-3,19.9999996E-3,
,,,2.72600004E-3,0.0,
,,,2.72800005E-3,19.9999996E-3,
,,,2.73000007E-3,19.9999996E-3,
,,,2.73200008E-3,19.9999996E-3,
,,,2.73400010E-3,19.9999996E-3,
,,,2.73599988E-3,19.9999996E-3,
,,,2.73799989E-3,19.9999996E-3,
,,,2.73999991E-3,19.9999996E-3,
,,,2.74199992E-3,19.9999996E-3,
,,,2.74399994E-3,19.9999996E-3,
,,,2.74599995E-3,19.9999996E-3,
,,,2.74799997E-3,19.9999996E-3,
,,,2.74999999E-3,19.9999996E-3,
,,,2.75200000E-3,19.9999996E-3,
,,,2.75400002E-3,19.9999996E-3,
,,,2.75600003E-3,19.9999996E-3,
,,,2.75800005E-3,19.9999996E-3,
,,,2.76000006E-3,19.9999996E-3,
,,,2.76200008E-3,19.9999996E-3,
,,,2.76400009E-3,19.9999996E-3,
,,,2.76600011E-3,19.9999996E-3,
,,,2.76799989E-3,19.9999996E-3,
,,,2.76999990E-3,19.9999996E-3,
,,,2.77199992E-3,19.9999996E-3,
,,,2.77399994E-3,39.99999911E-3,
,,,2.77599995E-3,19.9999996E-3,
,,,2.77799997E-3,19.9999996E-3,
,,,2.77999998E-3,19.9999996E-3,
,,,2.78200000E-3,19.9999996E-3,
,,,2.78400001E-3,19.9999996E-3,
,,,2.78600003E-3,19.9999996E-3,
,,,2.78800004E-3,19.9999996E-3,
,,,2.79000006E-3,19.9999996E-3,
,,,2.79200007E-3,19.9999996E-3,
,,,2.79400009E-3,39.99999911E-3,
,,,2.79600010E-3,19.9999996E-3,
,,,2.79799988E-3,19.9999996E-3,
,,,2.79999990E-3,19.9999996E-3,
,,,2.80199992E-3,19.9999996E-3,
,,,2.80399993E-3,19.9999996E-3,
,,,2.80599995E-3,19.9999996E-3,
,,,2.80799996E-3,19.9999996E-3,
,,,2.80999998E-3,19.9999996E-3,
,,,2.81199999E-3,19.9999996E-3,
,,,2.81400001E-3,19.9999996E-3,
,,,2.81600002E-3,19.9999996E-3,
,,,2.81800004E-3,19.9999996E-3,
,,,2.82000005E-3,19.9999996E-3,
,,,2.82200007E-3,19.9999996E-3,
,,,2.82400008E-3,19.9999996E-3,
,,,2.82600010E-3,19.9999996E-3,
,,,2.82799988E-3,19.9999996E-3,
,,,2.82999990E-3,19.9999996E-3,
,,,2.83199991E-3,19.9999996E-3,
,,,2.83399993E-3,19.9999996E-3,
,,,2.83599994E-3,19.9999996E-3,
,,,2.83799996E-3,19.9999996E-3,
,,,2.83999997E-3,19.9999996E-3,
,,,2.84199999E-3,19.9999996E-3,
,,,2.84400000E-3,19.9999996E-3,
,,,2.84600002E-3,19.9999996E-3,
,,,2.84800003E-3,19.9999996E-3,
,,,2.85000005E-3,19.9999996E-3,
,,,2.85200006E-3,19.9999996E-3,
,,,2.85400008E-3,19.9999996E-3,
,,,2.85600009E-3,19.9999996E-3,
,,,2.85800011E-3,19.9999996E-3,
,,,2.85999989E-3,19.9999996E-3,
,,,2.86199991E-3,19.9999996E-3,
,,,2.86399992E-3,19.9999996E-3,
,,,2.86599994E-3,19.9999996E-3,
,,,2.86799995E-3,19.9999996E-3,
,,,2.86999997E-3,0.0,
,,,2.87199998E-3,19.9999996E-3,
,,,2.87400000E-3,19.9999996E-3,
,,,2.87600001E-3,19.9999996E-3,
,,,2.87800003E-3,19.9999996E-3,
,,,2.88000004E-3,19.9999996E-3,
,,,2.88200006E-3,19.9999996E-3,
,,,2.88400007E-3,19.9999996E-3,
,,,2.88600009E-3,19.9999996E-3,
,,,2.88800010E-3,19.9999996E-3,
,,,2.88999989E-3,19.9999996E-3,
,,,2.89199990E-3,19.9999996E-3,
,,,2.89399992E-3,19.9999996E-3,
,,,2.89599993E-3,19.9999996E-3,
,,,2.89799995E-3,19.9999996E-3,
,,,2.89999996E-3,19.9999996E-3,
,,,2.90199998E-3,19.9999996E-3,
,,,2.90399999E-3,19.9999996E-3,
,,,2.90600001E-3,0.0,
,,,2.90800002E-3,19.9999996E-3,
,,,2.91000004E-3,19.9999996E-3,
,,,2.91200005E-3,19.9999996E-3,
,,,2.91400007E-3,19.9999996E-3,
,,,2.91600008E-3,19.9999996E-3,
,,,2.91800010E-3,19.9999996E-3,
,,,2.91999988E-3,19.9999996E-3,
,,,2.92199990E-3,19.9999996E-3,
,,,2.92399991E-3,19.9999996E-3,
,,,2.92599993E-3,19.9999996E-3,
,,,2.92799994E-3,19.9999996E-3,
,,,2.92999996E-3,19.9999996E-3,
,,,2.93199997E-3,19.9999996E-3,
,,,2.93399999E-3,19.9999996E-3,
,,,2.93600000E-3,19.9999996E-3,
,,,2.93800002E-3,19.9999996E-3,
,,,2.94000003E-3,19.9999996E-3,
,,,2.94200005E-3,19.9999996E-3,
,,,2.94400007E-3,19.9999996E-3,
,,,2.94600008E-3,19.9999996E-3,
,,,2.94800010E-3,19.9999996E-3,
,,,2.94999988E-3,19.9999996E-3,
,,,2.95199989E-3,19.9999996E-3,
,,,2.95399991E-3,19.9999996E-3,
,,,2.95599992E-3,19.9999996E-3,
,,,2.95799994E-3,19.9999996E-3,
,,,2.95999995E-3,19.9999996E-3,
,,,2.96199997E-3,19.9999996E-3,
,,,2.96399998E-3,19.9999996E-3,
,,,2.96600000E-3,0.0,
,,,2.96800002E-3,0.0,
,,,2.97000003E-3,19.9999996E-3,
,,,2.97200005E-3,19.9999996E-3,
,,,2.97400006E-3,19.9999996E-3,
,,,2.97600008E-3,0.0,
,,,2.97800009E-3,19.9999996E-3,
,,,2.98000011E-3,19.9999996E-3,
,,,2.98199989E-3,19.9999996E-3,
,,,2.98399990E-3,19.9999996E-3,
,,,2.98599992E-3,19.9999996E-3,
,,,2.98799993E-3,19.9999996E-3,
,,,2.98999995E-3,19.9999996E-3,
,,,2.99199997E-3,19.9999996E-3,
,,,2.99399998E-3,19.9999996E-3,
,,,2.99600000E-3,19.9999996E-3,
,,,2.99800001E-3,19.9999996E-3,
,,,3.00000003E-3,19.9999996E-3,
,,,3.00200004E-3,19.9999996E-3,
,,,3.00400006E-3,19.9999996E-3,
,,,3.00600007E-3,19.9999996E-3,
,,,3.00800009E-3,19.9999996E-3,
,,,3.01000010E-3,19.9999996E-3,
,,,3.01199988E-3,19.9999996E-3,
,,,3.01399990E-3,19.9999996E-3,
,,,3.01599992E-3,19.9999996E-3,
,,,3.01799993E-3,19.9999996E-3,
,,,3.01999995E-3,19.9999996E-3,
,,,3.02199996E-3,19.9999996E-3,
,,,3.02399998E-3,19.9999996E-3,
,,,3.02599999E-3,19.9999996E-3,
,,,3.02800001E-3,19.9999996E-3,
,,,3.03000002E-3,19.9999996E-3,
,,,3.03200004E-3,19.9999996E-3,
,,,3.03400005E-3,19.9999996E-3,
,,,3.03600007E-3,19.9999996E-3,
,,,3.03800008E-3,19.9999996E-3,
,,,3.04000010E-3,19.9999996E-3,
,,,3.04199988E-3,19.9999996E-3,
,,,3.04399990E-3,19.9999996E-3,
,,,3.04599991E-3,19.9999996E-3,
,,,3.04799993E-3,19.9999996E-3,
,,,3.04999994E-3,19.9999996E-3,
,,,3.05199996E-3,19.9999996E-3,
,,,3.05399997E-3,19.9999996E-3,
,,,3.05599999E-3,19.9999996E-3,
,,,3.05800000E-3,19.9999996E-3,
,,,3.06000002E-3,19.9999996E-3,
,,,3.06200003E-3,19.9999996E-3,
,,,3.06400005E-3,19.9999996E-3,
,,,3.06600006E-3,0.0,
,,,3.06800008E-3,19.9999996E-3,
,,,3.07000009E-3,0.0,
,,,3.07200011E-3,0.0,
,,,3.07399989E-3,19.9999996E-3,
,,,3.07599991E-3,19.9999996E-3,
,,,3.07799992E-3,19.9999996E-3,
,,,3.07999994E-3,19.9999996E-3,
,,,3.08199995E-3,19.9999996E-3,
,,,3.08399997E-3,19.9999996E-3,
,,,3.08599998E-3,19.9999996E-3,
,,,3.08800000E-3,19.9999996E-3,
,,,3.09000001E-3,19.9999996E-3,
,,,3.09200003E-3,19.9999996E-3,
,,,3.09400004E-3,19.9999996E-3,
,,,3.09600006E-3,19.9999996E-3,
,,,3.09800007E-3,19.9999996E-3,
,,,3.10000009E-3,19.9999996E-3,
,,,3.10200010E-3,19.9999996E-3,
,,,3.10399989E-3,19.9999996E-3,
,,,3.10599990E-3,19.9999996E-3,
,,,3.10799992E-3,19.9999996E-3,
,,,3.10999993E-3,19.9999996E-3,
,,,3.11199995E-3,19.9999996E-3,
,,,3.11399996E-3,19.9999996E-3,
,,,3.11599998E-3,19.9999996E-3,
,,,3.11799999E-3,19.9999996E-3,
,,,3.12000001E-3,19.9999996E-3,
,,,3.12200002E-3,19.9999996E-3,
,,,3.12400004E-3,19.9999996E-3,
,,,3.12600005E-3,19.9999996E-3,
,,,3.12800007E-3,19.9999996E-3,
,,,3.13000008E-3,19.9999996E-3,
,,,3.13200010E-3,0.0,
,,,3.13399988E-3,19.9999996E-3,
,,,3.13599990E-3,19.9999996E-3,
,,,3.13799991E-3,19.9999996E-3,
,,,3.13999993E-3,19.9999996E-3,
,,,3.14199994E-3,19.9999996E-3,
,,,3.14399996E-3,19.9999996E-3,
,,,3.14599997E-3,19.9999996E-3,
,,,3.14799999E-3,0.0,
,,,3.15000000E-3,19.9999996E-3,
,,,3.15200002E-3,0.0,
,,,3.15400003E-3,19.9999996E-3,
,,,3.15600005E-3,19.9999996E-3,
,,,3.15800007E-3,19.9999996E-3,
,,,3.16000008E-3,0.0,
,,,3.16200010E-3,19.9999996E-3,
,,,3.16399988E-3,0.0,
,,,3.16599989E-3,0.0,
,,,3.16799991E-3,19.9999996E-3,
,,,3.16999992E-3,19.9999996E-3,
,,,3.17199994E-3,19.9999996E-3,
,,,3.17399995E-3,19.9999996E-3,
,,,3.17599997E-3,19.9999996E-3,
,,,3.17799998E-3,19.9999996E-3,
,,,3.18000000E-3,19.9999996E-3,
,,,3.18200001E-3,19.9999996E-3,
,,,3.18400003E-3,19.9999996E-3,
,,,3.18600005E-3,19.9999996E-3,
,,,3.18800006E-3,19.9999996E-3,
,,,3.19000008E-3,19.9999996E-3,
,,,3.19200009E-3,19.9999996E-3,
,,,3.19400011E-3,19.9999996E-3,
,,,3.19599989E-3,19.9999996E-3,
,,,3.19799990E-3,19.9999996E-3,
,,,3.19999992E-3,19.9999996E-3,
,,,3.20199993E-3,19.9999996E-3,
,,,3.20399995E-3,19.9999996E-3,
,,,3.20599996E-3,19.9999996E-3,
,,,3.20799998E-3,19.9999996E-3,
,,,3.21000000E-3,19.9999996E-3,
,,,3.21200001E-3,19.9999996E-3,
,,,3.21400003E-3,19.9999996E-3,
,,,3.21600004E-3,19.9999996E-3,
,,,3.21800006E-3,19.9999996E-3,
,,,3.22000007E-3,19.9999996E-3,
,,,3.22200009E-3,19.9999996E-3,
,,,3.22400010E-3,19.9999996E-3,
,,,3.22599988E-3,19.9999996E-3,
,,,3.22799990E-3,19.9999996E-3,
,,,3.22999991E-3,19.9999996E-3,
,,,3.23199993E-3,19.9999996E-3,
,,,3.23399995E-3,19.9999996E-3,
,,,3.23599996E-3,19.9999996E-3,
,,,3.23799998E-3,19.9999996E-3,
,,,3.23999999E-3,19.9999996E-3,
,,,3.24200001E-3,19.9999996E-3,
,,,3.24400002E-3,19.9999996E-3,
,,,3.24600004E-3,0.0,
,,,3.24800005E-3,19.9999996E-3,
,,,3.25000007E-3,0.0,
,,,3.25200008E-3,19.9999996E-3,
,,,3.25400010E-3,19.9999996E-3,
,,,3.25599988E-3,19.9999996E-3,
,,,3.25799990E-3,19.9999996E-3,
,,,3.25999991E-3,19.9999996E-3,
,,,3.26199993E-3,19.9999996E-3,
,,,3.26399994E-3,19.9999996E-3,
,,,3.26599996E-3,19.9999996E-3,
,,,3.26799997E-3,19.9999996E-3,
,,,3.26999999E-3,19.9999996E-3,
,,,3.27200000E-3,0.0,
,,,3.27400002E-3,19.9999996E-3,
,,,3.27600003E-3,19.9999996E-3,
,,,3.27800005E-3,19.9999996E-3,
,,,3.28000006E-3,19.9999996E-3,
,,,3.28200008E-3,19.9999996E-3,
,,,3.28400009E-3,19.9999996E-3,
,,,3.28599988E-3,0.0,
,,,3.28799989E-3,19.9999996E-3,
,,,3.28999991E-3,19.9999996E-3,
,,,3.29199992E-3,19.9999996E-3,
,,,3.29399994E-3,19.9999996E-3,
,,,3.29599995E-3,19.9999996E-3,
,,,3.29799997E-3,0.0,
,,,3.29999998E-3,0.0,
,,,3.30200000E-3,19.9999996E-3,
,,,3.30400001E-3,19.9999996E-3,
,,,3.30600003E-3,19.9999996E-3,
,,,3.30800004E-3,19.9999996E-3,
,,,3.31000006E-3,0.0,
,,,3.31200007E-3,19.9999996E-3,
,,,3.31400009E-3,19.9999996E-3,
,,,3.31600010E-3,19.9999996E-3,
,,,3.31799989E-3,19.9999996E-3,
,,,3.31999990E-3,19.9999996E-3,
,,,3.32199992E-3,19.9999996E-3,
,,,3.32399993E-3,0.0,
,,,3.32599995E-3,0.0,
,,,3.32799996E-3,19.9999996E-3,
,,,3.32999998E-3,19.9999996E-3,
,,,3.33199999E-3,19.9999996E-3,
,,,3.33400001E-3,0.0,
,,,3.33600002E-3,0.0,
,,,3.33800004E-3,19.9999996E-3,
,,,3.34000005E-3,19.9999996E-3,
,,,3.34200007E-3,0.0,
,,,3.34400008E-3,19.9999996E-3,
,,,3.34600010E-3,19.9999996E-3,
,,,3.34799988E-3,19.9999996E-3,
,,,3.34999990E-3,19.9999996E-3,
,,,3.35199991E-3,19.9999996E-3,
,,,3.35399993E-3,19.9999996E-3,
,,,3.35599994E-3,19.9999996E-3,
,,,3.35799996E-3,19.9999996E-3,
,,,3.35999997E-3,19.9999996E-3,
,,,3.36199999E-3,19.9999996E-3,
,,,3.36400000E-3,19.9999996E-3,
,,,3.36600002E-3,0.0,
,,,3.36800003E-3,19.9999996E-3,
,,,3.37000005E-3,19.9999996E-3,
,,,3.37200006E-3,19.9999996E-3,
,,,3.37400008E-3,19.9999996E-3,
,,,3.37600010E-3,19.9999996E-3,
,,,3.37799988E-3,19.9999996E-3,
,,,3.37999989E-3,0.0,
,,,3.38199991E-3,19.9999996E-3,
,,,3.38399992E-3,19.9999996E-3,
,,,3.38599994E-3,19.9999996E-3,
,,,3.38799995E-3,19.9999996E-3,
,,,3.38999997E-3,19.9999996E-3,
,,,3.39199998E-3,19.9999996E-3,
,,,3.39400000E-3,0.0,
,,,3.39600001E-3,19.9999996E-3,
,,,3.39800003E-3,0.0,
,,,3.40000005E-3,19.9999996E-3,
,,,3.40200006E-3,19.9999996E-3,
,,,3.40400008E-3,19.9999996E-3,
,,,3.40600009E-3,19.9999996E-3,
,,,3.40800011E-3,19.9999996E-3,
,,,3.40999989E-3,19.9999996E-3,
,,,3.41199990E-3,19.9999996E-3,
,,,3.41399992E-3,19.9999996E-3,
,,,3.41599993E-3,19.9999996E-3,
,,,3.41799995E-3,19.9999996E-3,
,,,3.41999996E-3,19.9999996E-3,
,,,3.42199998E-3,19.9999996E-3,
,,,3.42399999E-3,19.9999996E-3,
,,,3.42600001E-3,19.9999996E-3,
,,,3.42800003E-3,19.9999996E-3,
,,,3.43000004E-3,19.9999996E-3,
,,,3.43200006E-3,19.9999996E-3,
,,,3.43400007E-3,19.9999996E-3,
,,,3.43600009E-3,19.9999996E-3,
,,,3.43800010E-3,19.9999996E-3,
,,,3.43999988E-3,19.9999996E-3,
,,,3.44199990E-3,19.9999996E-3,
,,,3.44399991E-3,19.9999996E-3,
,,,3.44599993E-3,0.0,
,,,3.44799994E-3,0.0,
,,,3.44999996E-3,19.9999996E-3,
,,,3.45199998E-3,0.0,
,,,3.45399999E-3,19.9999996E-3,
,,,3.45600001E-3,0.0,
,,,3.45800002E-3,19.9999996E-3,
,,,3.46000004E-3,0.0,
,,,3.46200005E-3,19.9999996E-3,
,,,3.46400007E-3,19.9999996E-3,
,,,3.46600008E-3,0.0,
,,,3.46800010E-3,19.9999996E-3,
,,,3.46999988E-3,19.9999996E-3,
,,,3.47199989E-3,19.9999996E-3,
,,,3.47399991E-3,19.9999996E-3,
,,,3.47599993E-3,19.9999996E-3,
,,,3.47799994E-3,19.9999996E-3,
,,,3.47999996E-3,0.0,
,,,3.48199997E-3,19.9999996E-3,
,,,3.48399999E-3,19.9999996E-3,
,,,3.48600000E-3,19.9999996E-3,
,,,3.48800002E-3,19.9999996E-3,
,,,3.49000003E-3,19.9999996E-3,
,,,3.49200005E-3,0.0,
,,,3.49400006E-3,0.0,
,,,3.49600008E-3,19.9999996E-3,
,,,3.49800009E-3,19.9999996E-3,
,,,3.49999988E-3,19.9999996E-3,
,,,3.50199989E-3,19.9999996E-3,
,,,3.50399991E-3,19.9999996E-3,
,,,3.50599992E-3,19.9999996E-3,
,,,3.50799994E-3,19.9999996E-3,
,,,3.50999995E-3,19.9999996E-3,
,,,3.51199997E-3,19.9999996E-3,
,,,3.51399998E-3,19.9999996E-3,
,,,3.51600000E-3,19.9999996E-3,
,,,3.51800001E-3,19.9999996E-3,
,,,3.52000003E-3,19.9999996E-3,
,,,3.52200004E-3,19.9999996E-3,
,,,3.52400006E-3,19.9999996E-3,
,,,3.52600007E-3,19.9999996E-3,
,,,3.52800009E-3,19.9999996E-3,
,,,3.53000010E-3,19.9999996E-3,
,,,3.53199989E-3,0.0,
,,,3.53399990E-3,19.9999996E-3,
,,,3.53599992E-3,0.0,
,,,3.53799993E-3,19.9999996E-3,
,,,3.53999995E-3,0.0,
,,,3.54199996E-3,0.0,
,,,3.54399998E-3,19.9999996E-3,
,,,3.54599999E-3,0.0,
,,,3.54800001E-3,19.9999996E-3,
,,,3.55000002E-3,0.0,
,,,3.55200004E-3,19.9999996E-3,
,,,3.55400005E-3,0.0,
,,,3.55600007E-3,19.9999996E-3,
,,,3.55800008E-3,0.0,
,,,3.56000010E-3,19.9999996E-3,
,,,3.56199988E-3,0.0,
,,,3.56399990E-3,19.9999996E-3,
,,,3.56599991E-3,19.9999996E-3,
,,,3.56799993E-3,19.9999996E-3,
,,,3.56999994E-3,19.9999996E-3,
,,,3.57199996E-3,19.9999996E-3,
,,,3.57399997E-3,19.9999996E-3,
,,,3.57599999E-3,19.9999996E-3,
,,,3.57800000E-3,19.9999996E-3,
,,,3.58000002E-3,19.9999996E-3,
,,,3.58200003E-3,19.9999996E-3,
,,,3.58400005E-3,19.9999996E-3,
,,,3.58600006E-3,19.9999996E-3,
,,,3.58800008E-3,19.9999996E-3,
,,,3.59000009E-3,19.9999996E-3,
,,,3.59199988E-3,19.9999996E-3,
,,,3.59399989E-3,19.9999996E-3,
,,,3.59599991E-3,19.9999996E-3,
,,,3.59799992E-3,19.9999996E-3,
,,,3.59999994E-3,19.9999996E-3,
,,,3.60199995E-3,19.9999996E-3,
,,,3.60399997E-3,19.9999996E-3,
,,,3.60599998E-3,19.9999996E-3,
,,,3.60800000E-3,19.9999996E-3,
,,,3.61000001E-3,0.0,
,,,3.61200003E-3,0.0,
,,,3.61400004E-3,19.9999996E-3,
,,,3.61600006E-3,0.0,
,,,3.61800008E-3,0.0,
,,,3.62000009E-3,19.9999996E-3,
,,,3.62200011E-3,19.9999996E-3,
,,,3.62399989E-3,19.9999996E-3,
,,,3.62599990E-3,0.0,
,,,3.62799992E-3,19.9999996E-3,
,,,3.62999993E-3,19.9999996E-3,
,,,3.63199995E-3,0.0,
,,,3.63399996E-3,19.9999996E-3,
,,,3.63599998E-3,0.0,
,,,3.63799999E-3,19.9999996E-3,
,,,3.64000001E-3,0.0,
,,,3.64200003E-3,19.9999996E-3,
,,,3.64400004E-3,19.9999996E-3,
,,,3.64600006E-3,19.9999996E-3,
,,,3.64800007E-3,19.9999996E-3,
,,,3.65000009E-3,19.9999996E-3,
,,,3.65200010E-3,19.9999996E-3,
,,,3.65399988E-3,0.0,
,,,3.65599990E-3,19.9999996E-3,
,,,3.65799991E-3,19.9999996E-3,
,,,3.65999993E-3,19.9999996E-3,
,,,3.66199994E-3,19.9999996E-3,
,,,3.66399996E-3,19.9999996E-3,
,,,3.66599998E-3,19.9999996E-3,
,,,3.66799999E-3,19.9999996E-3,
,,,3.67000001E-3,19.9999996E-3,
,,,3.67200002E-3,19.9999996E-3,
,,,3.67400004E-3,19.9999996E-3,
,,,3.67600005E-3,19.9999996E-3,
,,,3.67800007E-3,19.9999996E-3,
,,,3.68000008E-3,0.0,
,,,3.68200010E-3,19.9999996E-3,
,,,3.68399988E-3,19.9999996E-3,
,,,3.68599989E-3,0.0,
,,,3.68799991E-3,19.9999996E-3,
,,,3.68999992E-3,19.9999996E-3,
,,,3.69199994E-3,19.9999996E-3,
,,,3.69399996E-3,19.9999996E-3,
,,,3.69599997E-3,19.9999996E-3,
,,,3.69799999E-3,19.9999996E-3,
,,,3.70000000E-3,0.0,
,,,3.70200002E-3,19.9999996E-3,
,,,3.70400003E-3,19.9999996E-3,
,,,3.70600005E-3,0.0,
,,,3.70800006E-3,0.0,
,,,3.71000008E-3,19.9999996E-3,
,,,3.71200009E-3,0.0,
,,,3.71399987E-3,0.0,
,,,3.71599989E-3,19.9999996E-3,
,,,3.71799991E-3,0.0,
,,,3.71999992E-3,19.9999996E-3,
,,,3.72199994E-3,0.0,
,,,3.72399995E-3,19.9999996E-3,
,,,3.72599997E-3,0.0,
,,,3.72799998E-3,19.9999996E-3,
,,,3.73000000E-3,19.9999996E-3,
,,,3.73200001E-3,19.9999996E-3,
,,,3.73400003E-3,19.9999996E-3,
,,,3.73600004E-3,0.0,
,,,3.73800006E-3,19.9999996E-3,
,,,3.74000007E-3,19.9999996E-3,
,,,3.74200009E-3,19.9999996E-3,
,,,3.74400010E-3,19.9999996E-3,
,,,3.74599989E-3,19.9999996E-3,
,,,3.74799990E-3,19.9999996E-3,
,,,3.74999992E-3,19.9999996E-3,
,,,3.75199993E-3,19.9999996E-3,
,,,3.75399995E-3,19.9999996E-3,
,,,3.75599996E-3,19.9999996E-3,
,,,3.75799998E-3,19.9999996E-3,
,,,3.75999999E-3,19.9999996E-3,
,,,3.76200001E-3,19.9999996E-3,
,,,3.76400002E-3,19.9999996E-3,
,,,3.76600004E-3,19.9999996E-3,
,,,3.76800005E-3,19.9999996E-3,
,,,3.77000007E-3,19.9999996E-3,
,,,3.77200008E-3,0.0,
,,,3.77400010E-3,19.9999996E-3,
,,,3.77599988E-3,0.0,
,,,3.77799990E-3,19.9999996E-3,
,,,3.77999991E-3,0.0,
,,,3.78199993E-3,0.0,
,,,3.78399994E-3,0.0,
,,,3.78599996E-3,19.9999996E-3,
,,,3.78799997E-3,0.0,
,,,3.78999999E-3,19.9999996E-3,
,,,3.79200000E-3,0.0,
,,,3.79400002E-3,0.0,
,,,3.79600003E-3,0.0,
,,,3.79800005E-3,19.9999996E-3,
,,,3.80000006E-3,0.0,
,,,3.80200008E-3,19.9999996E-3,
,,,3.80400009E-3,19.9999996E-3,
,,,3.80599988E-3,19.9999996E-3,
,,,3.80799989E-3,19.9999996E-3,
,,,3.80999991E-3,0.0,
,,,3.81199992E-3,19.9999996E-3,
,,,3.81399994E-3,0.0,
,,,3.81599995E-3,19.9999996E-3,
,,,3.81799997E-3,19.9999996E-3,
,,,3.81999998E-3,19.9999996E-3,
,,,3.82200000E-3,19.9999996E-3,
,,,3.82400001E-3,19.9999996E-3,
,,,3.82600003E-3,0.0,
,,,3.82800004E-3,19.9999996E-3,
,,,3.83000006E-3,19.9999996E-3,
,,,3.83200007E-3,19.9999996E-3,
,,,3.83400009E-3,19.9999996E-3,
,,,3.83600011E-3,19.9999996E-3,
,,,3.83799989E-3,0.0,
,,,3.83999990E-3,0.0,
,,,3.84199992E-3,19.9999996E-3,
,,,3.84399993E-3,19.9999996E-3,
,,,3.84599995E-3,0.0,
,,,3.84799996E-3,19.9999996E-3,
,,,3.84999998E-3,19.9999996E-3,
,,,3.85199999E-3,19.9999996E-3,
,,,3.85400001E-3,0.0,
,,,3.85600002E-3,19.9999996E-3,
,,,3.85800004E-3,0.0,
,,,3.86000006E-3,19.9999996E-3,
,,,3.86200007E-3,19.9999996E-3,
,,,3.86400009E-3,0.0,
,,,3.86600010E-3,19.9999996E-3,
,,,3.86799988E-3,0.0,
,,,3.86999990E-3,0.0,
,,,3.87199991E-3,19.9999996E-3,
,,,3.87399993E-3,0.0,
,,,3.87599994E-3,19.9999996E-3,
,,,3.87799996E-3,19.9999996E-3,
,,,3.87999997E-3,19.9999996E-3,
,,,3.88199999E-3,0.0,
,,,3.88400001E-3,19.9999996E-3,
,,,3.88600002E-3,0.0,
,,,3.88800004E-3,19.9999996E-3,
,,,3.89000005E-3,19.9999996E-3,
,,,3.89200007E-3,19.9999996E-3,
,,,3.89400008E-3,19.9999996E-3,
,,,3.89600010E-3,19.9999996E-3,
,,,3.89799988E-3,19.9999996E-3,
,,,3.89999989E-3,19.9999996E-3,
,,,3.90199991E-3,19.9999996E-3,
,,,3.90399992E-3,19.9999996E-3,
,,,3.90599994E-3,19.9999996E-3,
,,,3.90799996E-3,19.9999996E-3,
,,,3.90999997E-3,19.9999996E-3,
,,,3.91199999E-3,19.9999996E-3,
,,,3.91400000E-3,19.9999996E-3,
,,,3.91600002E-3,19.9999996E-3,
,,,3.91800003E-3,0.0,
,,,3.92000005E-3,0.0,
,,,3.92200006E-3,19.9999996E-3,
,,,3.92400008E-3,19.9999996E-3,
,,,3.92600009E-3,19.9999996E-3,
,,,3.92800011E-3,0.0,
,,,3.93000012E-3,0.0,
,,,3.93200014E-3,0.0,
,,,3.93400015E-3,19.9999996E-3,
,,,3.93600017E-3,19.9999996E-3,
,,,3.93800018E-3,19.9999996E-3,
,,,3.94000020E-3,0.0,
,,,3.94200021E-3,19.9999996E-3,
,,,3.94399976E-3,19.9999996E-3,
,,,3.94599978E-3,19.9999996E-3,
,,,3.94799979E-3,19.9999996E-3,
,,,3.94999981E-3,0.0,
,,,3.95199982E-3,19.9999996E-3,
,,,3.95399984E-3,19.9999996E-3,
,,,3.95599985E-3,19.9999996E-3,
,,,3.95799987E-3,19.9999996E-3,
,,,3.95999989E-3,0.0,
,,,3.96199990E-3,19.9999996E-3,
,,,3.96399992E-3,19.9999996E-3,
,,,3.96599993E-3,19.9999996E-3,
,,,3.96799995E-3,19.9999996E-3,
,,,3.96999996E-3,19.9999996E-3,
,,,3.97199998E-3,19.9999996E-3,
,,,3.97399999E-3,19.9999996E-3,
,,,3.97600001E-3,19.9999996E-3,
,,,3.97800002E-3,19.9999996E-3,
,,,3.98000004E-3,19.9999996E-3,
,,,3.98200005E-3,19.9999996E-3,
,,,3.98400007E-3,19.9999996E-3,
,,,3.98600008E-3,19.9999996E-3,
,,,3.98800010E-3,0.0,
,,,3.99000011E-3,19.9999996E-3,
,,,3.99200013E-3,0.0,
,,,3.99400014E-3,0.0,
,,,3.99600016E-3,0.0,
,,,3.99800017E-3,0.0,
,,,4.00000019E-3,19.9999996E-3,
,,,4.00200021E-3,0.0,
,,,4.00400022E-3,19.9999996E-3,
,,,4.00599977E-3,0.0,
,,,4.00799979E-3,0.0,
,,,4.00999980E-3,19.9999996E-3,
,,,4.01199982E-3,0.0,
,,,4.01399983E-3,0.0,
,,,4.01599985E-3,19.9999996E-3,
,,,4.01799986E-3,19.9999996E-3,
,,,4.01999988E-3,0.0,
,,,4.02199989E-3,0.0,
,,,4.02399991E-3,0.0,
,,,4.02599992E-3,0.0,
,,,4.02799994E-3,19.9999996E-3,
,,,4.02999995E-3,19.9999996E-3,
,,,4.03199997E-3,0.0,
,,,4.03399998E-3,0.0,
,,,4.03600000E-3,19.9999996E-3,
,,,4.03800001E-3,19.9999996E-3,
,,,4.04000003E-3,19.9999996E-3,
,,,4.04200004E-3,19.9999996E-3,
,,,4.04400006E-3,19.9999996E-3,
,,,4.04600007E-3,0.0,
,,,4.04800009E-3,19.9999996E-3,
,,,4.05000011E-3,19.9999996E-3,
,,,4.05200012E-3,19.9999996E-3,
,,,4.05400014E-3,19.9999996E-3,
,,,4.05600015E-3,0.0,
,,,4.05800017E-3,0.0,
,,,4.06000018E-3,19.9999996E-3,
,,,4.06200020E-3,19.9999996E-3,
,,,4.06400021E-3,19.9999996E-3,
,,,4.06599976E-3,19.9999996E-3,
,,,4.06799978E-3,19.9999996E-3,
,,,4.06999979E-3,0.0,
,,,4.07199981E-3,19.9999996E-3,
,,,4.07399982E-3,19.9999996E-3,
,,,4.07599984E-3,19.9999996E-3,
,,,4.07799985E-3,0.0,
,,,4.07999987E-3,19.9999996E-3,
,,,4.08199988E-3,0.0,
,,,4.08399990E-3,0.0,
,,,4.08599991E-3,19.9999996E-3,
,,,4.08799993E-3,0.0,
,,,4.08999994E-3,19.9999996E-3,
,,,4.09199996E-3,19.9999996E-3,
,,,4.09399997E-3,19.9999996E-3,
,,,4.09599999E-3,0.0,
,,,4.09800000E-3,19.9999996E-3,
,,,4.10000002E-3,0.0,
,,,4.10200004E-3,0.0,
,,,4.10400005E-3,19.9999996E-3,
,,,4.10600007E-3,0.0,
,,,4.10800008E-3,19.9999996E-3,
,,,4.11000010E-3,19.9999996E-3,
,,,4.11200011E-3,19.9999996E-3,
,,,4.11400013E-3,0.0,
,,,4.11600014E-3,19.9999996E-3,
,,,4.11800016E-3,19.9999996E-3,
,,,4.12000017E-3,19.9999996E-3,
,,,4.12200019E-3,19.9999996E-3,
,,,4.12400020E-3,19.9999996E-3,
,,,4.12600022E-3,0.0,
,,,4.12799977E-3,19.9999996E-3,
,,,4.12999978E-3,19.9999996E-3,
,,,4.13199980E-3,19.9999996E-3,
,,,4.13399981E-3,19.9999996E-3,
,,,4.13599983E-3,19.9999996E-3,
,,,4.13799984E-3,19.9999996E-3,
,,,4.13999986E-3,19.9999996E-3,
,,,4.14199987E-3,19.9999996E-3,
,,,4.14399989E-3,19.9999996E-3,
,,,4.14599990E-3,19.9999996E-3,
,,,4.14799992E-3,19.9999996E-3,
,,,4.14999994E-3,19.9999996E-3,
,,,4.15199995E-3,0.0,
,,,4.15399997E-3,19.9999996E-3,
,,,4.15599998E-3,19.9999996E-3,
,,,4.15800000E-3,19.9999996E-3,
,,,4.16000001E-3,0.0,
,,,4.16200003E-3,0.0,
,,,4.16400004E-3,0.0,
,,,4.16600006E-3,0.0,
,,,4.16800007E-3,19.9999996E-3,
,,,4.17000009E-3,0.0,
,,,4.17200010E-3,0.0,
,,,4.17400012E-3,19.9999996E-3,
,,,4.17600013E-3,19.9999996E-3,
,,,4.17800015E-3,19.9999996E-3,
,,,4.18000016E-3,19.9999996E-3,
,,,4.18200018E-3,19.9999996E-3,
,,,4.18400019E-3,19.9999996E-3,
,,,4.18600021E-3,0.0,
,,,4.18799976E-3,0.0,
,,,4.18999977E-3,0.0,
,,,4.19199979E-3,19.9999996E-3,
,,,4.19399980E-3,0.0,
,,,4.19599982E-3,19.9999996E-3,
,,,4.19799984E-3,19.9999996E-3,
,,,4.19999985E-3,0.0,
,,,4.20199987E-3,0.0,
,,,4.20399988E-3,19.9999996E-3,
,,,4.20599990E-3,19.9999996E-3,
,,,4.20799991E-3,19.9999996E-3,
,,,4.20999993E-3,19.9999996E-3,
,,,4.21199994E-3,19.9999996E-3,
,,,4.21399996E-3,19.9999996E-3,
,,,4.21599997E-3,19.9999996E-3,
,,,4.21799999E-3,19.9999996E-3,
,,,4.22000000E-3,19.9999996E-3,
,,,4.22200002E-3,19.9999996E-3,
,,,4.22400003E-3,19.9999996E-3,
,,,4.22600005E-3,19.9999996E-3,
,,,4.22800006E-3,19.9999996E-3,
,,,4.23000008E-3,19.9999996E-3,
,,,4.23200009E-3,0.0,
,,,4.23400011E-3,0.0,
,,,4.23600012E-3,19.9999996E-3,
,,,4.23800014E-3,19.9999996E-3,
,,,4.24000015E-3,0.0,
,,,4.24200017E-3,0.0,
,,,4.24400019E-3,0.0,
,,,4.24600020E-3,19.9999996E-3,
,,,4.24800022E-3,0.0,
,,,4.24999977E-3,19.9999996E-3,
,,,4.25199978E-3,0.0,
,,,4.25399980E-3,0.0,
,,,4.25599981E-3,0.0,
,,,4.25799983E-3,19.9999996E-3,
,,,4.25999984E-3,19.9999996E-3,
,,,4.26199986E-3,19.9999996E-3,
,,,4.26399987E-3,19.9999996E-3,
,,,4.26599989E-3,19.9999996E-3,
,,,4.26799990E-3,19.9999996E-3,
,,,4.26999992E-3,0.0,
,,,4.27199993E-3,19.9999996E-3,
,,,4.27399995E-3,19.9999996E-3,
,,,4.27599996E-3,19.9999996E-3,
,,,4.27799998E-3,19.9999996E-3,
,,,4.27999999E-3,19.9999996E-3,
,,,4.28200001E-3,0.0,
,,,4.28400002E-3,19.9999996E-3,
,,,4.28600004E-3,19.9999996E-3,
,,,4.28800005E-3,19.9999996E-3,
,,,4.29000007E-3,19.9999996E-3,
,,,4.29200009E-3,19.9999996E-3,
,,,4.29400010E-3,19.9999996E-3,
,,,4.29600012E-3,19.9999996E-3,
,,,4.29800013E-3,19.9999996E-3,
,,,4.30000015E-3,19.9999996E-3,
,,,4.30200016E-3,19.9999996E-3,
,,,4.30400018E-3,0.0,
,,,4.30600019E-3,19.9999996E-3,
,,,4.30800021E-3,0.0,
,,,4.30999976E-3,19.9999996E-3,
,,,4.31199977E-3,19.9999996E-3,
,,,4.31399979E-3,19.9999996E-3,
,,,4.31599980E-3,19.9999996E-3,
,,,4.31799982E-3,19.9999996E-3,
,,,4.31999983E-3,19.9999996E-3,
,,,4.32199985E-3,0.0,
,,,4.32399986E-3,19.9999996E-3,
,,,4.32599988E-3,0.0,
,,,4.32799989E-3,0.0,
,,,4.32999991E-3,19.9999996E-3,
,,,4.33199992E-3,19.9999996E-3,
,,,4.33399994E-3,0.0,
,,,4.33599995E-3,19.9999996E-3,
,,,4.33799997E-3,0.0,
,,,4.33999998E-3,19.9999996E-3,
,,,4.34200000E-3,19.9999996E-3,
,,,4.34400002E-3,19.9999996E-3,
,,,4.34600003E-3,19.9999996E-3,
,,,4.34800005E-3,0.0,
,,,4.35000006E-3,19.9999996E-3,
,,,4.35200008E-3,0.0,
,,,4.35400009E-3,19.9999996E-3,
,,,4.35600011E-3,19.9999996E-3,
,,,4.35800012E-3,19.9999996E-3,
,,,4.36000014E-3,19.9999996E-3,
,,,4.36200015E-3,19.9999996E-3,
,,,4.36400017E-3,19.9999996E-3,
,,,4.36600018E-3,0.0,
,,,4.36800020E-3,19.9999996E-3,
,,,4.37000021E-3,19.9999996E-3,
,,,4.37199976E-3,19.9999996E-3,
,,,4.37399978E-3,19.9999996E-3,
,,,4.37599979E-3,19.9999996E-3,
,,,4.37799981E-3,19.9999996E-3,
,,,4.37999982E-3,19.9999996E-3,
,,,4.38199984E-3,19.9999996E-3,
,,,4.38399985E-3,19.9999996E-3,
,,,4.38599987E-3,19.9999996E-3,
,,,4.38799988E-3,19.9999996E-3,
,,,4.38999990E-3,0.0,
,,,4.39199992E-3,19.9999996E-3,
,,,4.39399993E-3,0.0,
,,,4.39599995E-3,0.0,
,,,4.39799996E-3,0.0,
,,,4.39999998E-3,19.9999996E-3,
,,,4.40199999E-3,0.0,
,,,4.40400001E-3,19.9999996E-3,
,,,4.40600002E-3,0.0,
,,,4.40800004E-3,19.9999996E-3,
,,,4.41000005E-3,19.9999996E-3,
,,,4.41200007E-3,19.9999996E-3,
,,,4.41400008E-3,0.0,
,,,4.41600010E-3,0.0,
,,,4.41800011E-3,19.9999996E-3,
,,,4.42000013E-3,0.0,
,,,4.42200014E-3,19.9999996E-3,
,,,4.42400016E-3,19.9999996E-3,
,,,4.42600017E-3,19.9999996E-3,
,,,4.42800019E-3,0.0,
,,,4.43000020E-3,19.9999996E-3,
,,,4.43200022E-3,0.0,
,,,4.43399977E-3,19.9999996E-3,
,,,4.43599978E-3,19.9999996E-3,
,,,4.43799980E-3,19.9999996E-3,
,,,4.43999982E-3,19.9999996E-3,
,,,4.44199983E-3,0.0,
,,,4.44399985E-3,19.9999996E-3,
,,,4.44599986E-3,0.0,
,,,4.44799988E-3,19.9999996E-3,
,,,4.44999989E-3,19.9999996E-3,
,,,4.45199991E-3,19.9999996E-3,
,,,4.45399992E-3,19.9999996E-3,
,,,4.45599994E-3,0.0,
,,,4.45799995E-3,19.9999996E-3,
,,,4.45999997E-3,0.0,
,,,4.46199998E-3,19.9999996E-3,
,,,4.46400000E-3,19.9999996E-3,
,,,4.46600001E-3,0.0,
,,,4.46800003E-3,19.9999996E-3,
,,,4.47000004E-3,0.0,
,,,4.47200006E-3,0.0,
,,,4.47400007E-3,0.0,
,,,4.47600009E-3,19.9999996E-3,
,,,4.47800010E-3,19.9999996E-3,
,,,4.48000012E-3,0.0,
,,,4.48200013E-3,19.9999996E-3,
,,,4.48400015E-3,0.0,
,,,4.48600017E-3,19.9999996E-3,
,,,4.48800018E-3,0.0,
,,,4.49000020E-3,0.0,
,,,4.49200021E-3,0.0,
,,,4.49399976E-3,0.0,
,,,4.49599978E-3,19.9999996E-3,
,,,4.49799979E-3,0.0,
,,,4.49999981E-3,19.9999996E-3,
,,,4.50199982E-3,0.0,
,,,4.50399984E-3,19.9999996E-3,
,,,4.50599985E-3,19.9999996E-3,
,,,4.50799987E-3,0.0,
,,,4.50999988E-3,19.9999996E-3,
,,,4.51199990E-3,19.9999996E-3,
,,,4.51399991E-3,19.9999996E-3,
,,,4.51599993E-3,19.9999996E-3,
,,,4.51799994E-3,19.9999996E-3,
,,,4.51999996E-3,19.9999996E-3,
,,,4.52199997E-3,19.9999996E-3,
,,,4.52399999E-3,19.9999996E-3,
,,,4.52600000E-3,19.9999996E-3,
,,,4.52800002E-3,19.9999996E-3,
,,,4.53000003E-3,19.9999996E-3,
,,,4.53200005E-3,19.9999996E-3,
,,,4.53400007E-3,19.9999996E-3,
,,,4.53600008E-3,19.9999996E-3,
,,,4.53800010E-3,19.9999996E-3,
,,,4.54000011E-3,19.9999996E-3,
,,,4.54200013E-3,19.9999996E-3,
,,,4.54400014E-3,19.9999996E-3,
,,,4.54600016E-3,0.0,
,,,4.54800017E-3,0.0,
,,,4.55000019E-3,0.0,
,,,4.55200020E-3,0.0,
,,,4.55400022E-3,0.0,
,,,4.55599977E-3,19.9999996E-3,
,,,4.55799978E-3,0.0,
,,,4.55999980E-3,0.0,
,,,4.56199981E-3,19.9999996E-3,
,,,4.56399983E-3,0.0,
,,,4.56599984E-3,0.0,
,,,4.56799986E-3,0.0,
,,,4.56999987E-3,19.9999996E-3,
,,,4.57199989E-3,0.0,
,,,4.57399990E-3,19.9999996E-3,
,,,4.57599992E-3,0.0,
,,,4.57799993E-3,0.0,
,,,4.57999995E-3,0.0,
,,,4.58199997E-3,19.9999996E-3,
,,,4.58399998E-3,0.0,
,,,4.58600000E-3,0.0,
,,,4.58800001E-3,19.9999996E-3,
,,,4.59000003E-3,0.0,
,,,4.59200004E-3,19.9999996E-3,
,,,4.59400006E-3,19.9999996E-3,
,,,4.59600007E-3,19.9999996E-3,
,,,4.59800009E-3,19.9999996E-3,
,,,4.60000010E-3,19.9999996E-3,
,,,4.60200012E-3,19.9999996E-3,
,,,4.60400013E-3,19.9999996E-3,
,,,4.60600015E-3,19.9999996E-3,
,,,4.60800016E-3,19.9999996E-3,
,,,4.61000018E-3,19.9999996E-3,
,,,4.61200019E-3,19.9999996E-3,
,,,4.61400021E-3,19.9999996E-3,
,,,4.61599976E-3,19.9999996E-3,
,,,4.61799977E-3,19.9999996E-3,
,,,4.61999979E-3,19.9999996E-3,
,,,4.62199980E-3,19.9999996E-3,
,,,4.62399982E-3,19.9999996E-3,
,,,4.62599983E-3,19.9999996E-3,
,,,4.62799985E-3,0.0,
,,,4.62999986E-3,0.0,
,,,4.63199988E-3,19.9999996E-3,
,,,4.63399990E-3,19.9999996E-3,
,,,4.63599991E-3,0.0,
,,,4.63799993E-3,0.0,
,,,4.63999994E-3,0.0,
,,,4.64199996E-3,0.0,
,,,4.64399997E-3,19.9999996E-3,
,,,4.64599999E-3,0.0,
,,,4.64800000E-3,19.9999996E-3,
,,,4.65000002E-3,0.0,
,,,4.65200003E-3,19.9999996E-3,
,,,4.65400005E-3,0.0,
,,,4.65600006E-3,19.9999996E-3,
,,,4.65800008E-3,19.9999996E-3,
,,,4.66000009E-3,0.0,
,,,4.66200011E-3,0.0,
,,,4.66400012E-3,0.0,
,,,4.66600014E-3,0.0,
,,,4.66800015E-3,19.9999996E-3,
,,,4.67000017E-3,19.9999996E-3,
,,,4.67200018E-3,0.0,
,,,4.67400020E-3,19.9999996E-3,
,,,4.67600022E-3,19.9999996E-3,
,,,4.67799976E-3,19.9999996E-3,
,,,4.67999978E-3,19.9999996E-3,
,,,4.68199980E-3,19.9999996E-3,
,,,4.68399981E-3,19.9999996E-3,
,,,4.68599983E-3,19.9999996E-3,
,,,4.68799984E-3,19.9999996E-3,
,,,4.68999986E-3,19.9999996E-3,
,,,4.69199987E-3,19.9999996E-3,
,,,4.69399989E-3,19.9999996E-3,
,,,4.69599990E-3,19.9999996E-3,
,,,4.69799992E-3,19.9999996E-3,
,,,4.69999993E-3,19.9999996E-3,
,,,4.70199995E-3,19.9999996E-3,
,,,4.70399996E-3,0.0,
,,,4.70599998E-3,19.9999996E-3,
,,,4.70799999E-3,19.9999996E-3,
,,,4.71000001E-3,19.9999996E-3,
,,,4.71200002E-3,19.9999996E-3,
,,,4.71400004E-3,0.0,
,,,4.71600005E-3,0.0,
,,,4.71800007E-3,0.0,
,,,4.72000008E-3,19.9999996E-3,
,,,4.72200010E-3,19.9999996E-3,
,,,4.72400011E-3,19.9999996E-3,
,,,4.72600013E-3,0.0,
,,,4.72800015E-3,0.0,
,,,4.73000016E-3,0.0,
,,,4.73200018E-3,19.9999996E-3,
,,,4.73400019E-3,0.0,
,,,4.73600021E-3,0.0,
,,,4.73799976E-3,19.9999996E-3,
,,,4.73999977E-3,0.0,
,,,4.74199979E-3,19.9999996E-3,
,,,4.74399980E-3,0.0,
,,,4.74599982E-3,19.9999996E-3,
,,,4.74799983E-3,0.0,
,,,4.74999985E-3,19.9999996E-3,
,,,4.75199986E-3,19.9999996E-3,
,,,4.75399988E-3,19.9999996E-3,
,,,4.75599989E-3,19.9999996E-3,
,,,4.75799991E-3,19.9999996E-3,
,,,4.75999992E-3,19.9999996E-3,
,,,4.76199994E-3,19.9999996E-3,
,,,4.76399995E-3,19.9999996E-3,
,,,4.76599997E-3,19.9999996E-3,
,,,4.76799998E-3,19.9999996E-3,
,,,4.77000000E-3,19.9999996E-3,
,,,4.77200001E-3,0.0,
,,,4.77400003E-3,19.9999996E-3,
,,,4.77600005E-3,19.9999996E-3,
,,,4.77800006E-3,19.9999996E-3,
,,,4.78000008E-3,19.9999996E-3,
,,,4.78200009E-3,0.0,
,,,4.78400011E-3,19.9999996E-3,
,,,4.78600012E-3,0.0,
,,,4.78800014E-3,19.9999996E-3,
,,,4.79000015E-3,0.0,
,,,4.79200017E-3,19.9999996E-3,
,,,4.79400018E-3,19.9999996E-3,
,,,4.79600020E-3,0.0,
,,,4.79800021E-3,19.9999996E-3,
,,,4.79999976E-3,0.0,
,,,4.80199978E-3,0.0,
,,,4.80399979E-3,19.9999996E-3,
,,,4.80599981E-3,19.9999996E-3,
,,,4.80799982E-3,19.9999996E-3,
,,,4.80999984E-3,0.0,
,,,4.81199985E-3,19.9999996E-3,
,,,4.81399987E-3,0.0,
,,,4.81599988E-3,19.9999996E-3,
,,,4.81799990E-3,19.9999996E-3,
,,,4.81999991E-3,19.9999996E-3,
,,,4.82199993E-3,19.9999996E-3,
,,,4.82399995E-3,19.9999996E-3,
,,,4.82599996E-3,19.9999996E-3,
,,,4.82799998E-3,19.9999996E-3,
,,,4.82999999E-3,19.9999996E-3,
,,,4.83200001E-3,19.9999996E-3,
,,,4.83400002E-3,19.9999996E-3,
,,,4.83600004E-3,19.9999996E-3,
,,,4.83800005E-3,19.9999996E-3,
,,,4.84000007E-3,19.9999996E-3,
,,,4.84200008E-3,19.9999996E-3,
,,,4.84400010E-3,19.9999996E-3,
,,,4.84600011E-3,19.9999996E-3,
,,,4.84800013E-3,19.9999996E-3,
,,,4.85000014E-3,0.0,
,,,4.85200016E-3,0.0,
,,,4.85400017E-3,19.9999996E-3,
,,,4.85600019E-3,19.9999996E-3,
,,,4.85800020E-3,0.0,
,,,4.86000022E-3,0.0,
,,,4.86199977E-3,19.9999996E-3,
,,,4.86399978E-3,0.0,
,,,4.86599980E-3,0.0,
,,,4.86799981E-3,0.0,
,,,4.86999983E-3,19.9999996E-3,
,,,4.87199984E-3,19.9999996E-3,
,,,4.87399986E-3,19.9999996E-3,
,,,4.87599988E-3,19.9999996E-3,
,,,4.87799989E-3,19.9999996E-3,
,,,4.87999991E-3,0.0,
,,,4.88199992E-3,19.9999996E-3,
,,,4.88399994E-3,19.9999996E-3,
,,,4.88599995E-3,0.0,
,,,4.88799997E-3,19.9999996E-3,
,,,4.88999998E-3,19.9999996E-3,
,,,4.89200000E-3,0.0,
,,,4.89400001E-3,19.9999996E-3,
,,,4.89600003E-3,0.0,
,,,4.89800004E-3,19.9999996E-3,
,,,4.90000006E-3,19.9999996E-3,
,,,4.90200007E-3,19.9999996E-3,
,,,4.90400009E-3,19.9999996E-3,
,,,4.90600010E-3,19.9999996E-3,
,,,4.90800012E-3,19.9999996E-3,
,,,4.91000013E-3,0.0,
,,,4.91200015E-3,19.9999996E-3,
,,,4.91400016E-3,19.9999996E-3,
,,,4.91600018E-3,19.9999996E-3,
,,,4.91800020E-3,19.9999996E-3,
,,,4.92000021E-3,0.0,
,,,4.92199976E-3,19.9999996E-3,
,,,4.92399978E-3,0.0,
,,,4.92599979E-3,19.9999996E-3,
,,,4.92799981E-3,19.9999996E-3,
,,,4.92999982E-3,19.9999996E-3,
,,,4.93199984E-3,19.9999996E-3,
,,,4.93399985E-3,0.0,
,,,4.93599987E-3,19.9999996E-3,
,,,4.93799988E-3,19.9999996E-3,
,,,4.93999990E-3,0.0,
,,,4.94199991E-3,0.0,
,,,4.94399993E-3,0.0,
,,,4.94599994E-3,19.9999996E-3,
,,,4.94799996E-3,0.0,
,,,4.94999997E-3,19.9999996E-3,
,,,4.95199999E-3,19.9999996E-3,
,,,4.95400000E-3,19.9999996E-3,
,,,4.95600002E-3,19.9999996E-3,
,,,4.95800003E-3,19.9999996E-3,
,,,4.96000005E-3,19.9999996E-3,
,,,4.96200006E-3,0.0,
,,,4.96400008E-3,19.9999996E-3,
,,,4.96600010E-3,0.0,
,,,4.96800011E-3,19.9999996E-3,
,,,4.97000013E-3,19.9999996E-3,
,,,4.97200014E-3,19.9999996E-3,
,,,4.97400016E-3,19.9999996E-3,
,,,4.97600017E-3,19.9999996E-3,
,,,4.97800019E-3,19.9999996E-3,
,,,4.98000020E-3,0.0,
,,,4.98200022E-3,19.9999996E-3,
,,,4.98399977E-3,19.9999996E-3,
,,,4.98599978E-3,0.0,
,,,4.98799980E-3,0.0,
,,,4.98999981E-3,19.9999996E-3,
,,,4.99199983E-3,19.9999996E-3,
,,,4.99399984E-3,19.9999996E-3,
,,,4.99599986E-3,19.9999996E-3,
,,,4.99799987E-3,19.9999996E-3,
