Record Length,2500,Points,9.988000616E-3,-19.9999996E-3,
Sample Interval,400.00000467E-9,s,9.988400154E-3,19.9999996E-3,
Trigger Point,-24.97000244E3,Samples,9.988800623E-3,-19.9999996E-3,
,,,9.989200160E-3,0.0,
,,,9.989600629E-3,39.99999911E-3,
,,,9.990000166E-3,-19.9999996E-3,
Source,CH1,,9.990400635E-3,-19.9999996E-3,
Vertical Units,Volts,,9.990800172E-3,19.9999996E-3,
Vertical Scale,499.999988824E-3,,9.991200641E-3,0.0,
Vertical Offset,0,,9.991600178E-3,19.9999996E-3,
Horizontal Units,s,,9.992000647E-3,-19.9999996E-3,
Horizontal Scale,100.0000012E-6,,9.992400184E-3,0.0,
Pt Fmt,Y,,9.992800653E-3,19.9999996E-3,
Yzero,-1.000000,,9.993200190E-3,-19.9999996E-3,
Probe Atten,1.000000,,9.993600659E-3,-19.9999996E-3,
,,,9.994000196E-3,19.9999996E-3,
Note,TBS 1052B-EDU - 09:58:48 a.m.   10/02/2016,,9.994400665E-3,0.0,
,,,9.994800203E-3,0.0,
,,,9.995200671E-3,19.9999996E-3,
,,,9.995600209E-3,19.9999996E-3,
,,,9.996000677E-3,0.0,
,,,9.996400215E-3,-19.9999996E-3,
,,,9.996800683E-3,-19.9999996E-3,
,,,9.997200221E-3,0.0,
,,,9.997600690E-3,19.9999996E-3,
,,,9.998000227E-3,19.9999996E-3,
,,,9.998400696E-3,-19.9999996E-3,
,,,9.998800233E-3,19.9999996E-3,
,,,9.999200702E-3,19.9999996E-3,
,,,9.999600239E-3,-39.99999911E-3,
,,,10.0000007E-3,0.0,
,,,10.0004002E-3,0.0,
,,,10.0008007E-3,19.9999996E-3,
,,,10.0012003E-3,19.9999996E-3,
,,,10.0016007E-3,-19.9999996E-3,
,,,10.0020003E-3,0.0,
,,,10.0024007E-3,0.0,
,,,10.0028003E-3,399.99997616E-3,
,,,10.0032007E-3,219.99999881E-3,
,,,10.0036003E-3,239.99999464E-3,
,,,10.0040007E-3,299.99998212E-3,
,,,10.0044003E-3,359.99998450E-3,
,,,10.0048007E-3,359.99998450E-3,
,,,10.0052003E-3,439.999997616E-3,
,,,10.0056008E-3,439.999997616E-3,
,,,10.0060003E-3,459.999978542E-3,
,,,10.0064008E-3,459.999978542E-3,
,,,10.0068003E-3,439.999997616E-3,
,,,10.0072008E-3,500.000000000E-3,
,,,10.0076003E-3,459.999978542E-3,
,,,10.0080008E-3,459.999978542E-3,
,,,10.0084003E-3,519.999980927E-3,
,,,10.0088008E-3,479.999989271E-3,
,,,10.0092003E-3,500.000000000E-3,
,,,10.0096008E-3,519.999980927E-3,
,,,10.0100003E-3,539.999961853E-3,
,,,10.0104008E-3,620.000004768E-3,
,,,10.0108003E-3,639.999985695E-3,
,,,10.0112008E-3,699.999988079E-3,
,,,10.0116003E-3,759.999990463E-3,
,,,10.0120008E-3,819.999992847E-3,
,,,10.0124003E-3,899.999976158E-3,
,,,10.0128008E-3,939.999997616E-3,
,,,10.0132003E-3,959.999978542E-3,
,,,10.0136008E-3,1.000000,
,,,10.0140003E-3,1.0599999,
,,,10.0144008E-3,1.1000000,
,,,10.0148004E-3,1.1200000,
,,,10.0152008E-3,1.1400000,
,,,10.0156004E-3,1.1400000,
,,,10.0160008E-3,1.1799999,
,,,10.0164004E-3,1.1999999,
,,,10.0168008E-3,1.1799999,
,,,10.0172004E-3,1.2200000,
,,,10.0176008E-3,1.2200000,
,,,10.0180004E-3,1.1999999,
,,,10.0184008E-3,1.2200000,
,,,10.0188004E-3,1.2600000,
,,,10.0192009E-3,1.2400000,
,,,10.0196004E-3,1.2800000,
,,,10.0200009E-3,1.2800000,
,,,10.0204004E-3,1.3199999,
,,,10.0208009E-3,1.3800000,
,,,10.0212004E-3,1.3399999,
,,,10.0216009E-3,1.3800000,
,,,10.0220004E-3,1.4399999,
,,,10.0224009E-3,1.4599999,
,,,10.0228004E-3,1.5000000,
,,,10.0232009E-3,1.5200000,
,,,10.0236004E-3,1.5200000,
,,,10.0240009E-3,1.5599999,
,,,10.0244004E-3,1.5799999,
,,,10.0248009E-3,1.6200000,
,,,10.0252004E-3,1.5999999,
,,,10.0256009E-3,1.6200000,
,,,10.0260004E-3,1.6799999,
,,,10.0264009E-3,1.6799999,
,,,10.0268004E-3,1.6600000,
,,,10.0272009E-3,1.6600000,
,,,10.0276005E-3,1.6999999,
,,,10.0280009E-3,1.6999999,
,,,10.0284005E-3,1.6999999,
,,,10.0288009E-3,1.6999999,
,,,10.0292005E-3,1.7199999,
,,,10.0296009E-3,1.6999999,
,,,10.0300005E-3,1.7400000,
,,,10.0304009E-3,1.7400000,
,,,10.0308005E-3,1.7800000,
,,,10.0312009E-3,1.7600000,
,,,10.0316005E-3,1.7800000,
,,,10.0320010E-3,1.8000000,
,,,10.0324005E-3,1.8000000,
,,,10.0328010E-3,1.8399999,
,,,10.0332005E-3,1.8800000,
,,,10.0336010E-3,1.8399999,
,,,10.0340005E-3,1.9000000,
,,,10.0344010E-3,1.9000000,
,,,10.0348005E-3,1.8800000,
,,,10.0352010E-3,1.9200000,
,,,10.0356005E-3,1.9599999,
,,,10.0360010E-3,1.8800000,
,,,10.0364005E-3,1.9200000,
,,,10.0368010E-3,1.9200000,
,,,10.0372005E-3,1.9399999,
,,,10.0376010E-3,1.9399999,
,,,10.0380005E-3,1.9599999,
,,,10.0384010E-3,1.9599999,
,,,10.0388005E-3,1.9599999,
,,,10.0392010E-3,1.9599999,
,,,10.0396005E-3,2.0000000,
,,,10.0400010E-3,1.9799999,
,,,10.0404005E-3,2.0000000,
,,,10.0408010E-3,2.0000000,
,,,10.0412006E-3,1.9799999,
,,,10.0416010E-3,2.0200000,
,,,10.0420006E-3,2.0200000,
,,,10.0424010E-3,2.0200000,
,,,10.0428006E-3,2.0200000,
,,,10.0432010E-3,2.0200000,
,,,10.0436006E-3,2.0200000,
,,,10.0440010E-3,2.0400000,
,,,10.0444006E-3,2.0400000,
,,,10.0448010E-3,2.0799999,
,,,10.0452006E-3,2.0400000,
,,,10.0456011E-3,2.0799999,
,,,10.0460006E-3,2.0200000,
,,,10.0464011E-3,2.0799999,
,,,10.0468006E-3,2.0999999,
,,,10.0472011E-3,2.0599999,
,,,10.0476006E-3,2.0799999,
,,,10.0480011E-3,2.0999999,
,,,10.0484006E-3,2.0599999,
,,,10.0488011E-3,2.0599999,
,,,10.0492006E-3,2.0599999,
,,,10.0496002E-3,2.0799999,
,,,10.0500006E-3,2.0999999,
,,,10.0504002E-3,2.0999999,
,,,10.0508006E-3,2.0799999,
,,,10.0512002E-3,2.0799999,
,,,10.0516006E-3,2.0799999,
,,,10.0520002E-3,2.1199999,
,,,10.0524006E-3,2.1199999,
,,,10.0528002E-3,2.0999999,
,,,10.0532006E-3,2.0999999,
,,,10.0536002E-3,2.0799999,
,,,10.0540007E-3,2.1199999,
,,,10.0544002E-3,2.0999999,
,,,10.0548007E-3,2.0999999,
,,,10.0552002E-3,2.0799999,
,,,10.0556007E-3,2.0999999,
,,,10.0560002E-3,2.1199999,
,,,10.0564007E-3,2.0999999,
,,,10.0568002E-3,2.1199999,
,,,10.0572007E-3,2.1399999,
,,,10.0576002E-3,2.0999999,
,,,10.0580007E-3,2.0999999,
,,,10.0584002E-3,2.0999999,
,,,10.0588007E-3,2.0799999,
,,,10.0592002E-3,2.1199999,
,,,10.0596007E-3,2.1199999,
,,,10.0600002E-3,2.0799999,
,,,10.0604007E-3,2.0799999,
,,,10.0608002E-3,2.0799999,
,,,10.0612007E-3,2.0999999,
,,,10.0616002E-3,2.1199999,
,,,10.0620007E-3,2.0999999,
,,,10.0624003E-3,2.0799999,
,,,10.0628007E-3,2.0599999,
,,,10.0632003E-3,2.0999999,
,,,10.0636007E-3,2.0599999,
,,,10.0640003E-3,2.0599999,
,,,10.0644007E-3,2.0799999,
,,,10.0648003E-3,2.0599999,
,,,10.0652007E-3,2.0799999,
,,,10.0656003E-3,2.0799999,
,,,10.0660007E-3,2.0599999,
,,,10.0664003E-3,2.0799999,
,,,10.0668008E-3,2.0799999,
,,,10.0672003E-3,2.0599999,
,,,10.0676008E-3,2.0599999,
,,,10.0680003E-3,2.0599999,
,,,10.0684008E-3,2.0400000,
,,,10.0688003E-3,2.0599999,
,,,10.0692008E-3,2.0599999,
,,,10.0696003E-3,2.0599999,
,,,10.0700008E-3,2.0599999,
,,,10.0704003E-3,2.0400000,
,,,10.0708008E-3,2.0200000,
,,,10.0712003E-3,2.0200000,
,,,10.0716008E-3,2.0200000,
,,,10.0720003E-3,2.0400000,
,,,10.0724008E-3,2.0000000,
,,,10.0728003E-3,2.0200000,
,,,10.0732008E-3,2.0200000,
,,,10.0736003E-3,2.0200000,
,,,10.0740008E-3,2.0000000,
,,,10.0744003E-3,2.0200000,
,,,10.0748008E-3,2.0000000,
,,,10.0752003E-3,2.0200000,
,,,10.0756008E-3,2.0000000,
,,,10.0760004E-3,2.0000000,
,,,10.0764008E-3,2.0000000,
,,,10.0768004E-3,1.9599999,
,,,10.0772008E-3,1.9599999,
,,,10.0776004E-3,1.9799999,
,,,10.0780008E-3,2.0000000,
,,,10.0784004E-3,1.9599999,
,,,10.0788008E-3,2.0000000,
,,,10.0792004E-3,1.9799999,
,,,10.0796008E-3,1.9399999,
,,,10.0800004E-3,1.9599999,
,,,10.0804009E-3,1.9399999,
,,,10.0808004E-3,1.9599999,
,,,10.0812009E-3,1.9799999,
,,,10.0816004E-3,1.9399999,
,,,10.0820009E-3,1.9200000,
,,,10.0824004E-3,1.8800000,
,,,10.0828009E-3,1.9399999,
,,,10.0832004E-3,1.9399999,
,,,10.0836009E-3,1.9399999,
,,,10.0840004E-3,1.9399999,
,,,10.0844009E-3,1.9200000,
,,,10.0848004E-3,1.9000000,
,,,10.0852009E-3,1.9399999,
,,,10.0856004E-3,1.8800000,
,,,10.0860009E-3,1.9200000,
,,,10.0864004E-3,1.9000000,
,,,10.0868009E-3,1.8600000,
,,,10.0872004E-3,1.8399999,
,,,10.0876009E-3,1.8800000,
,,,10.0880004E-3,1.8600000,
,,,10.0884009E-3,1.9000000,
,,,10.0888005E-3,1.8600000,
,,,10.0892009E-3,1.8800000,
,,,10.0896005E-3,1.8399999,
,,,10.0900009E-3,1.8399999,
,,,10.0904005E-3,1.8000000,
,,,10.0908009E-3,1.8399999,
,,,10.0912005E-3,1.8199999,
,,,10.0916009E-3,1.7800000,
,,,10.0920005E-3,1.8199999,
,,,10.0924009E-3,1.8199999,
,,,10.0928005E-3,1.8399999,
,,,10.0932010E-3,1.8000000,
,,,10.0936005E-3,1.7600000,
,,,10.0940010E-3,1.8000000,
,,,10.0944005E-3,1.7800000,
,,,10.0948010E-3,1.8199999,
,,,10.0952005E-3,1.7800000,
,,,10.0956010E-3,1.7600000,
,,,10.0960005E-3,1.7800000,
,,,10.0964010E-3,1.7400000,
,,,10.0968005E-3,1.7800000,
,,,10.0972010E-3,1.7600000,
,,,10.0976005E-3,1.7400000,
,,,10.0980010E-3,1.7600000,
,,,10.0984005E-3,1.7600000,
,,,10.0988010E-3,1.7400000,
,,,10.0992005E-3,1.7400000,
,,,10.0996010E-3,1.7199999,
,,,10.1000005E-3,1.7199999,
,,,10.1004010E-3,1.6999999,
,,,10.1008005E-3,1.6999999,
,,,10.1012010E-3,1.6600000,
,,,10.1016006E-3,1.6999999,
,,,10.1020010E-3,1.6799999,
,,,10.1024006E-3,1.6799999,
,,,10.1028010E-3,1.6799999,
,,,10.1032006E-3,1.6600000,
,,,10.1036010E-3,1.6799999,
,,,10.1040006E-3,1.6600000,
,,,10.1044010E-3,1.6400000,
,,,10.1048006E-3,1.6799999,
,,,10.1052010E-3,1.6200000,
,,,10.1056006E-3,1.6200000,
,,,10.1060010E-3,1.6600000,
,,,10.1064006E-3,1.6200000,
,,,10.1068011E-3,1.6400000,
,,,10.1072006E-3,1.6400000,
,,,10.1076011E-3,1.6200000,
,,,10.1080006E-3,1.5999999,
,,,10.1084011E-3,1.6200000,
,,,10.1088006E-3,1.5999999,
,,,10.1092011E-3,1.5599999,
,,,10.1096006E-3,1.5999999,
,,,10.1100011E-3,1.5999999,
,,,10.1104006E-3,1.5599999,
,,,10.1108002E-3,1.5799999,
,,,10.1112006E-3,1.5400000,
,,,10.1116002E-3,1.5599999,
,,,10.1120006E-3,1.5400000,
,,,10.1124002E-3,1.5400000,
,,,10.1128006E-3,1.5400000,
,,,10.1132002E-3,1.4800000,
,,,10.1136006E-3,1.5200000,
,,,10.1140002E-3,1.5400000,
,,,10.1144006E-3,1.5599999,
,,,10.1148002E-3,1.5200000,
,,,10.1152007E-3,1.5000000,
,,,10.1156002E-3,1.5000000,
,,,10.1160007E-3,1.4800000,
,,,10.1164002E-3,1.5000000,
,,,10.1168007E-3,1.4800000,
,,,10.1172002E-3,1.5000000,
,,,10.1176007E-3,1.4800000,
,,,10.1180002E-3,1.4800000,
,,,10.1184007E-3,1.5000000,
,,,10.1188002E-3,1.5000000,
,,,10.1192007E-3,1.4399999,
,,,10.1196002E-3,1.4399999,
,,,10.1200007E-3,1.4399999,
,,,10.1204002E-3,1.4399999,
,,,10.1208007E-3,1.4200000,
,,,10.1212002E-3,1.4399999,
,,,10.1216007E-3,1.4200000,
,,,10.1220002E-3,1.4200000,
,,,10.1224007E-3,1.4200000,
,,,10.1228002E-3,1.4000000,
,,,10.1232007E-3,1.4200000,
,,,10.1236003E-3,1.3800000,
,,,10.1240007E-3,1.3800000,
,,,10.1244003E-3,1.4200000,
,,,10.1248007E-3,1.3600000,
,,,10.1252003E-3,1.3600000,
,,,10.1256007E-3,1.3600000,
,,,10.1260003E-3,1.3800000,
,,,10.1264007E-3,1.3800000,
,,,10.1268003E-3,1.3600000,
,,,10.1272007E-3,1.3399999,
,,,10.1276003E-3,1.3399999,
,,,10.1280008E-3,1.3399999,
,,,10.1284003E-3,1.3199999,
,,,10.1288008E-3,1.3199999,
,,,10.1292003E-3,1.3000000,
,,,10.1296008E-3,1.3399999,
,,,10.1300003E-3,1.3000000,
,,,10.1304008E-3,1.3000000,
,,,10.1308003E-3,1.3000000,
,,,10.1312008E-3,1.2800000,
,,,10.1316003E-3,1.3199999,
,,,10.1320008E-3,1.2600000,
,,,10.1324003E-3,1.3000000,
,,,10.1328008E-3,1.2600000,
,,,10.1332003E-3,1.2800000,
,,,10.1336008E-3,1.3000000,
,,,10.1340003E-3,1.2600000,
,,,10.1344008E-3,1.2600000,
,,,10.1348003E-3,1.2400000,
,,,10.1352008E-3,1.2400000,
,,,10.1356003E-3,1.2600000,
,,,10.1360008E-3,1.2800000,
,,,10.1364003E-3,1.2200000,
,,,10.1368008E-3,1.2200000,
,,,10.1372004E-3,1.2600000,
,,,10.1376008E-3,1.2200000,
,,,10.1380004E-3,1.2400000,
,,,10.1384008E-3,1.2600000,
,,,10.1388004E-3,1.1999999,
,,,10.1392008E-3,1.1999999,
,,,10.1396004E-3,1.2200000,
,,,10.1400008E-3,1.1799999,
,,,10.1404004E-3,1.1799999,
,,,10.1408008E-3,1.1799999,
,,,10.1412004E-3,1.1799999,
,,,10.1416009E-3,1.1600000,
,,,10.1420004E-3,1.1799999,
,,,10.1424009E-3,1.1400000,
,,,10.1428004E-3,1.1600000,
,,,10.1432009E-3,1.1799999,
,,,10.1436004E-3,1.1600000,
,,,10.1440009E-3,1.1600000,
,,,10.1444004E-3,1.1000000,
,,,10.1448009E-3,1.1200000,
,,,10.1452004E-3,1.1400000,
,,,10.1456009E-3,1.1400000,
,,,10.1460004E-3,1.1600000,
,,,10.1464009E-3,1.1200000,
,,,10.1468004E-3,1.1200000,
,,,10.1472009E-3,1.1200000,
,,,10.1476004E-3,1.1000000,
,,,10.1480009E-3,1.1400000,
,,,10.1484004E-3,1.0799999,
,,,10.1488009E-3,1.1000000,
,,,10.1492004E-3,1.0799999,
,,,10.1496009E-3,1.0799999,
,,,10.1500005E-3,1.0799999,
,,,10.1504009E-3,1.0799999,
,,,10.1508005E-3,1.0400000,
,,,10.1512009E-3,1.0599999,
,,,10.1516005E-3,1.0400000,
,,,10.1520009E-3,1.0599999,
,,,10.1524005E-3,1.0599999,
,,,10.1528009E-3,1.0599999,
,,,10.1532005E-3,1.0400000,
,,,10.1536009E-3,1.0200000,
,,,10.1540005E-3,1.0599999,
,,,10.1544010E-3,1.0400000,
,,,10.1548005E-3,1.0200000,
,,,10.1552010E-3,1.0200000,
,,,10.1556005E-3,1.0200000,
,,,10.1560010E-3,1.000000,
,,,10.1564005E-3,979.999959469E-3,
,,,10.1568010E-3,1.0200000,
,,,10.1572005E-3,1.000000,
,,,10.1576010E-3,1.0200000,
,,,10.1580005E-3,979.999959469E-3,
,,,10.1584010E-3,979.999959469E-3,
,,,10.1588005E-3,959.999978542E-3,
,,,10.1592010E-3,1.000000,
,,,10.1596005E-3,1.000000,
,,,10.1600010E-3,979.999959469E-3,
,,,10.1604005E-3,959.999978542E-3,
,,,10.1608010E-3,939.999997616E-3,
,,,10.1612005E-3,959.999978542E-3,
,,,10.1616010E-3,959.999978542E-3,
,,,10.1620005E-3,919.999957085E-3,
,,,10.1624010E-3,959.999978542E-3,
,,,10.1628006E-3,959.999978542E-3,
,,,10.1632010E-3,919.999957085E-3,
,,,10.1636006E-3,959.999978542E-3,
,,,10.1640010E-3,919.999957085E-3,
,,,10.1644006E-3,919.999957085E-3,
,,,10.1648010E-3,919.999957085E-3,
,,,10.1652006E-3,899.999976158E-3,
,,,10.1656010E-3,939.999997616E-3,
,,,10.1660006E-3,919.999957085E-3,
,,,10.1664010E-3,879.999995232E-3,
,,,10.1668006E-3,939.999997616E-3,
,,,10.1672010E-3,899.999976158E-3,
,,,10.1676006E-3,879.999995232E-3,
,,,10.1680011E-3,899.999976158E-3,
,,,10.1684006E-3,899.999976158E-3,
,,,10.1688011E-3,879.999995232E-3,
,,,10.1692006E-3,899.999976158E-3,
,,,10.1696011E-3,859.999954700E-3,
,,,10.1700006E-3,859.999954700E-3,
,,,10.1704011E-3,859.999954700E-3,
,,,10.1708006E-3,879.999995232E-3,
,,,10.1712011E-3,879.999995232E-3,
,,,10.1716006E-3,859.999954700E-3,
,,,10.1720002E-3,819.999992847E-3,
,,,10.1724006E-3,819.999992847E-3,
,,,10.1728002E-3,859.999954700E-3,
,,,10.1732006E-3,839.999973774E-3,
,,,10.1736002E-3,819.999992847E-3,
,,,10.1740006E-3,839.999973774E-3,
,,,10.1744002E-3,819.999992847E-3,
,,,10.1748006E-3,839.999973774E-3,
,,,10.1752002E-3,859.999954700E-3,
,,,10.1756006E-3,819.999992847E-3,
,,,10.1760002E-3,819.999992847E-3,
,,,10.1764007E-3,819.999992847E-3,
,,,10.1768002E-3,799.999952316E-3,
,,,10.1772007E-3,839.999973774E-3,
,,,10.1776002E-3,779.999971390E-3,
,,,10.1780007E-3,799.999952316E-3,
,,,10.1784002E-3,799.999952316E-3,
,,,10.1788007E-3,759.999990463E-3,
,,,10.1792002E-3,819.999992847E-3,
,,,10.1796007E-3,759.999990463E-3,
,,,10.1800002E-3,799.999952316E-3,
,,,10.1804007E-3,779.999971390E-3,
,,,10.1808002E-3,779.999971390E-3,
,,,10.1812007E-3,759.999990463E-3,
,,,10.1816002E-3,759.999990463E-3,
,,,10.1820007E-3,759.999990463E-3,
,,,10.1824002E-3,740.000009537E-3,
,,,10.1828007E-3,740.000009537E-3,
,,,10.1832002E-3,740.000009537E-3,
,,,10.1836007E-3,719.999969006E-3,
,,,10.1840002E-3,740.000009537E-3,
,,,10.1844007E-3,699.999988079E-3,
,,,10.1848003E-3,759.999990463E-3,
,,,10.1852007E-3,740.000009537E-3,
,,,10.1856003E-3,719.999969006E-3,
,,,10.1860007E-3,719.999969006E-3,
,,,10.1864003E-3,719.999969006E-3,
,,,10.1868007E-3,740.000009537E-3,
,,,10.1872003E-3,699.999988079E-3,
,,,10.1876007E-3,719.999969006E-3,
,,,10.1880003E-3,699.999988079E-3,
,,,10.1884007E-3,719.999969006E-3,
,,,10.1888003E-3,719.999969006E-3,
,,,10.1892008E-3,699.999988079E-3,
,,,10.1896003E-3,699.999988079E-3,
,,,10.1900008E-3,680.000007153E-3,
,,,10.1904003E-3,659.999966621E-3,
,,,10.1908008E-3,719.999969006E-3,
,,,10.1912003E-3,659.999966621E-3,
,,,10.1916008E-3,680.000007153E-3,
,,,10.1920003E-3,680.000007153E-3,
,,,10.1924008E-3,639.999985695E-3,
,,,10.1928003E-3,680.000007153E-3,
,,,10.1932008E-3,659.999966621E-3,
,,,10.1936003E-3,699.999988079E-3,
,,,10.1940008E-3,680.000007153E-3,
,,,10.1944003E-3,659.999966621E-3,
,,,10.1948008E-3,639.999985695E-3,
,,,10.1952003E-3,639.999985695E-3,
,,,10.1956008E-3,659.999966621E-3,
,,,10.1960003E-3,659.999966621E-3,
,,,10.1964008E-3,620.000004768E-3,
,,,10.1968003E-3,659.999966621E-3,
,,,10.1972008E-3,599.999964237E-3,
,,,10.1976003E-3,620.000004768E-3,
,,,10.1980008E-3,639.999985695E-3,
,,,10.1984004E-3,659.999966621E-3,
,,,10.1988008E-3,620.000004768E-3,
,,,10.1992004E-3,620.000004768E-3,
,,,10.1996008E-3,639.999985695E-3,
,,,10.2000004E-3,639.999985695E-3,
,,,10.2004008E-3,599.999964237E-3,
,,,10.2008004E-3,620.000004768E-3,
,,,10.2012008E-3,599.999964237E-3,
,,,10.2016004E-3,620.000004768E-3,
,,,10.2020008E-3,599.999964237E-3,
,,,10.2024004E-3,599.999964237E-3,
,,,10.2028009E-3,620.000004768E-3,
,,,10.2032004E-3,560.000002384E-3,
,,,10.2036009E-3,620.000004768E-3,
,,,10.2040004E-3,599.999964237E-3,
,,,10.2044009E-3,579.999983311E-3,
,,,10.2048004E-3,560.000002384E-3,
,,,10.2052009E-3,599.999964237E-3,
,,,10.2056004E-3,560.000002384E-3,
,,,10.2060009E-3,579.999983311E-3,
,,,10.2064004E-3,599.999964237E-3,
,,,10.2068009E-3,579.999983311E-3,
,,,10.2072004E-3,579.999983311E-3,
,,,10.2076009E-3,579.999983311E-3,
,,,10.2080004E-3,560.000002384E-3,
,,,10.2084009E-3,599.999964237E-3,
,,,10.2088004E-3,579.999983311E-3,
,,,10.2092009E-3,500.000000000E-3,
,,,10.2096004E-3,560.000002384E-3,
,,,10.2100009E-3,539.999961853E-3,
,,,10.2104004E-3,539.999961853E-3,
,,,10.2108009E-3,539.999961853E-3,
,,,10.2112005E-3,539.999961853E-3,
,,,10.2116009E-3,560.000002384E-3,
,,,10.2120005E-3,560.000002384E-3,
,,,10.2124009E-3,539.999961853E-3,
,,,10.2128005E-3,539.999961853E-3,
,,,10.2132009E-3,539.999961853E-3,
,,,10.2136005E-3,519.999980927E-3,
,,,10.2140009E-3,539.999961853E-3,
,,,10.2144005E-3,539.999961853E-3,
,,,10.2148009E-3,519.999980927E-3,
,,,10.2152005E-3,519.999980927E-3,
,,,10.2156010E-3,539.999961853E-3,
,,,10.2160005E-3,500.000000000E-3,
,,,10.2164010E-3,519.999980927E-3,
,,,10.2168005E-3,519.999980927E-3,
,,,10.2172010E-3,479.999989271E-3,
,,,10.2176005E-3,539.999961853E-3,
,,,10.2180010E-3,500.000000000E-3,
,,,10.2184005E-3,479.999989271E-3,
,,,10.2188010E-3,539.999961853E-3,
,,,10.2192005E-3,479.999989271E-3,
,,,10.2196010E-3,479.999989271E-3,
,,,10.2200005E-3,519.999980927E-3,
,,,10.2204010E-3,459.999978542E-3,
,,,10.2208005E-3,479.999989271E-3,
,,,10.2212010E-3,500.000000000E-3,
,,,10.2216005E-3,500.000000000E-3,
,,,10.2220010E-3,500.000000000E-3,
,,,10.2224005E-3,479.999989271E-3,
,,,10.2228010E-3,479.999989271E-3,
,,,10.2232005E-3,479.999989271E-3,
,,,10.2236010E-3,479.999989271E-3,
,,,10.2240006E-3,459.999978542E-3,
,,,10.2244010E-3,479.999989271E-3,
,,,10.2248006E-3,459.999978542E-3,
,,,10.2252010E-3,459.999978542E-3,
,,,10.2256006E-3,459.999978542E-3,
,,,10.2260010E-3,479.999989271E-3,
,,,10.2264006E-3,439.999997616E-3,
,,,10.2268010E-3,459.999978542E-3,
,,,10.2272006E-3,459.999978542E-3,
,,,10.2276010E-3,439.999997616E-3,
,,,10.2280006E-3,459.999978542E-3,
,,,10.2284010E-3,459.999978542E-3,
,,,10.2288006E-3,419.999986887E-3,
,,,10.2292011E-3,419.999986887E-3,
,,,10.2296006E-3,419.999986887E-3,
,,,10.2300011E-3,439.999997616E-3,
,,,10.2304006E-3,419.999986887E-3,
,,,10.2308011E-3,419.999986887E-3,
,,,10.2312006E-3,419.999986887E-3,
,,,10.2316011E-3,419.999986887E-3,
,,,10.2320006E-3,419.999986887E-3,
,,,10.2324011E-3,419.999986887E-3,
,,,10.2328006E-3,439.999997616E-3,
,,,10.2332002E-3,419.999986887E-3,
,,,10.2336006E-3,439.999997616E-3,
,,,10.2340002E-3,379.99999523E-3,
,,,10.2344006E-3,419.999986887E-3,
,,,10.2348002E-3,399.99997616E-3,
,,,10.2352006E-3,399.99997616E-3,
,,,10.2356002E-3,399.99997616E-3,
,,,10.2360006E-3,399.99997616E-3,
,,,10.2364002E-3,399.99997616E-3,
,,,10.2368006E-3,399.99997616E-3,
,,,10.2372002E-3,419.999986887E-3,
,,,10.2376007E-3,419.999986887E-3,
,,,10.2380002E-3,379.99999523E-3,
,,,10.2384007E-3,419.999986887E-3,
,,,10.2388002E-3,379.99999523E-3,
,,,10.2392007E-3,359.99998450E-3,
,,,10.2396002E-3,419.999986887E-3,
,,,10.2400007E-3,399.99997616E-3,
,,,10.2404002E-3,379.99999523E-3,
,,,10.2408007E-3,379.99999523E-3,
,,,10.2412002E-3,379.99999523E-3,
,,,10.2416007E-3,379.99999523E-3,
,,,10.2420002E-3,399.99997616E-3,
,,,10.2424007E-3,379.99999523E-3,
,,,10.2428002E-3,359.99998450E-3,
,,,10.2432007E-3,359.99998450E-3,
,,,10.2436002E-3,379.99999523E-3,
,,,10.2440007E-3,359.99998450E-3,
,,,10.2444002E-3,359.99998450E-3,
,,,10.2448007E-3,379.99999523E-3,
,,,10.2452002E-3,379.99999523E-3,
,,,10.2456007E-3,379.99999523E-3,
,,,10.2460003E-3,359.99998450E-3,
,,,10.2464007E-3,379.99999523E-3,
,,,10.2468003E-3,399.99997616E-3,
,,,10.2472007E-3,340.00000358E-3,
,,,10.2476003E-3,399.99997616E-3,
,,,10.2480007E-3,340.00000358E-3,
,,,10.2484003E-3,319.99999285E-3,
,,,10.2488007E-3,340.00000358E-3,
,,,10.2492003E-3,340.00000358E-3,
,,,10.2496007E-3,340.00000358E-3,
,,,10.2500003E-3,319.99999285E-3,
,,,10.2504008E-3,340.00000358E-3,
,,,10.2508003E-3,340.00000358E-3,
,,,10.2512008E-3,359.99998450E-3,
,,,10.2516003E-3,319.99999285E-3,
,,,10.2520008E-3,319.99999285E-3,
,,,10.2524003E-3,340.00000358E-3,
,,,10.2528008E-3,280.00000119E-3,
,,,10.2532003E-3,299.99998212E-3,
,,,10.2536008E-3,340.00000358E-3,
,,,10.2540003E-3,319.99999285E-3,
,,,10.2544008E-3,319.99999285E-3,
,,,10.2548003E-3,340.00000358E-3,
,,,10.2552008E-3,299.99998212E-3,
,,,10.2556003E-3,319.99999285E-3,
,,,10.2560008E-3,319.99999285E-3,
,,,10.2564003E-3,280.00000119E-3,
,,,10.2568008E-3,299.99998212E-3,
,,,10.2572003E-3,379.99999523E-3,
,,,10.2576008E-3,299.99998212E-3,
,,,10.2580003E-3,319.99999285E-3,
,,,10.2584008E-3,319.99999285E-3,
,,,10.2588004E-3,319.99999285E-3,
,,,10.2592008E-3,340.00000358E-3,
,,,10.2596004E-3,299.99998212E-3,
,,,10.2600008E-3,299.99998212E-3,
,,,10.2604004E-3,299.99998212E-3,
,,,10.2608008E-3,299.99998212E-3,
,,,10.2612004E-3,299.99998212E-3,
,,,10.2616008E-3,239.99999464E-3,
,,,10.2620004E-3,299.99998212E-3,
,,,10.2624008E-3,299.99998212E-3,
,,,10.2628004E-3,299.99998212E-3,
,,,10.2632008E-3,299.99998212E-3,
,,,10.2636004E-3,280.00000119E-3,
,,,10.2640009E-3,280.00000119E-3,
,,,10.2644004E-3,299.99998212E-3,
,,,10.2648009E-3,280.00000119E-3,
,,,10.2652004E-3,280.00000119E-3,
,,,10.2656009E-3,299.99998212E-3,
,,,10.2660004E-3,299.99998212E-3,
,,,10.2664009E-3,280.00000119E-3,
,,,10.2668004E-3,299.99998212E-3,
,,,10.2672009E-3,259.99999046E-3,
,,,10.2676004E-3,259.99999046E-3,
,,,10.2680009E-3,280.00000119E-3,
,,,10.2684004E-3,299.99998212E-3,
,,,10.2688009E-3,259.99999046E-3,
,,,10.2692004E-3,259.99999046E-3,
,,,10.2696009E-3,239.99999464E-3,
,,,10.2700004E-3,259.99999046E-3,
,,,10.2704009E-3,280.00000119E-3,
,,,10.2708004E-3,259.99999046E-3,
,,,10.2712009E-3,239.99999464E-3,
,,,10.2716004E-3,259.99999046E-3,
,,,10.2720009E-3,259.99999046E-3,
,,,10.2724005E-3,280.00000119E-3,
,,,10.2728009E-3,280.00000119E-3,
,,,10.2732005E-3,259.99999046E-3,
,,,10.2736009E-3,219.99999881E-3,
,,,10.2740005E-3,259.99999046E-3,
,,,10.2744009E-3,239.99999464E-3,
,,,10.2748005E-3,259.99999046E-3,
,,,10.2752009E-3,239.99999464E-3,
,,,10.2756005E-3,219.99999881E-3,
,,,10.2760009E-3,239.99999464E-3,
,,,10.2764005E-3,239.99999464E-3,
,,,10.2768010E-3,239.99999464E-3,
,,,10.2772005E-3,239.99999464E-3,
,,,10.2776010E-3,259.99999046E-3,
,,,10.2780005E-3,239.99999464E-3,
,,,10.2784010E-3,219.99999881E-3,
,,,10.2788005E-3,219.99999881E-3,
,,,10.2792010E-3,219.99999881E-3,
,,,10.2796005E-3,219.99999881E-3,
,,,10.2800010E-3,219.99999881E-3,
,,,10.2804005E-3,219.99999881E-3,
,,,10.2808010E-3,259.99999046E-3,
,,,10.2812005E-3,219.99999881E-3,
,,,10.2816010E-3,219.99999881E-3,
,,,10.2820005E-3,239.99999464E-3,
,,,10.2824010E-3,219.99999881E-3,
,,,10.2828005E-3,239.99999464E-3,
,,,10.2832010E-3,239.99999464E-3,
,,,10.2836005E-3,219.99999881E-3,
,,,10.2840010E-3,239.99999464E-3,
,,,10.2844005E-3,259.99999046E-3,
,,,10.2848010E-3,239.99999464E-3,
,,,10.2852006E-3,219.99999881E-3,
,,,10.2856010E-3,239.99999464E-3,
,,,10.2860006E-3,239.99999464E-3,
,,,10.2864010E-3,219.99999881E-3,
,,,10.2868006E-3,219.99999881E-3,
,,,10.2872010E-3,219.99999881E-3,
,,,10.2876006E-3,239.99999464E-3,
,,,10.2880010E-3,219.99999881E-3,
,,,10.2884006E-3,199.99998808E-3,
,,,10.2888010E-3,199.99998808E-3,
,,,10.2892006E-3,239.99999464E-3,
,,,10.2896011E-3,179.99999225E-3,
,,,10.2900006E-3,219.99999881E-3,
,,,10.2904011E-3,199.99998808E-3,
,,,10.2908006E-3,179.99999225E-3,
,,,10.2912011E-3,219.99999881E-3,
,,,10.2916006E-3,199.99998808E-3,
,,,10.2920011E-3,219.99999881E-3,
,,,10.2924006E-3,219.99999881E-3,
,,,10.2928011E-3,199.99998808E-3,
,,,10.2932006E-3,179.99999225E-3,
,,,10.2936011E-3,179.99999225E-3,
,,,10.2940006E-3,179.99999225E-3,
,,,10.2944002E-3,199.99998808E-3,
,,,10.2948006E-3,179.99999225E-3,
,,,10.2952002E-3,179.99999225E-3,
,,,10.2956006E-3,199.99998808E-3,
,,,10.2960002E-3,199.99998808E-3,
,,,10.2964006E-3,159.99999642E-3,
,,,10.2968002E-3,199.99998808E-3,
,,,10.2972006E-3,199.99998808E-3,
,,,10.2976002E-3,199.99998808E-3,
,,,10.2980006E-3,199.99998808E-3,
,,,10.2984002E-3,199.99998808E-3,
,,,10.2988007E-3,159.99999642E-3,
,,,10.2992002E-3,199.99998808E-3,
,,,10.2996007E-3,199.99998808E-3,
,,,10.3000002E-3,179.99999225E-3,
,,,10.3004007E-3,199.99998808E-3,
,,,10.3008002E-3,179.99999225E-3,
,,,10.3012007E-3,159.99999642E-3,
,,,10.3016002E-3,179.99999225E-3,
,,,10.3020007E-3,199.99998808E-3,
,,,10.3024002E-3,179.99999225E-3,
,,,10.3028007E-3,159.99999642E-3,
,,,10.3032002E-3,140.0000006E-3,
,,,10.3036007E-3,179.99999225E-3,
,,,10.3040002E-3,219.99999881E-3,
,,,10.3044007E-3,179.99999225E-3,
,,,10.3048002E-3,179.99999225E-3,
,,,10.3052007E-3,179.99999225E-3,
,,,10.3056002E-3,159.99999642E-3,
,,,10.3060007E-3,179.99999225E-3,
,,,10.3064002E-3,179.99999225E-3,
,,,10.3068007E-3,179.99999225E-3,
,,,10.3072003E-3,159.99999642E-3,
,,,10.3076007E-3,140.0000006E-3,
,,,10.3080003E-3,179.99999225E-3,
,,,10.3084007E-3,159.99999642E-3,
,,,10.3088003E-3,159.99999642E-3,
,,,10.3092007E-3,159.99999642E-3,
,,,10.3096003E-3,159.99999642E-3,
,,,10.3100007E-3,179.99999225E-3,
,,,10.3104003E-3,140.0000006E-3,
,,,10.3108007E-3,159.99999642E-3,
,,,10.3112003E-3,140.0000006E-3,
,,,10.3116008E-3,159.99999642E-3,
,,,10.3120003E-3,159.99999642E-3,
,,,10.3124008E-3,159.99999642E-3,
,,,10.3128003E-3,179.99999225E-3,
,,,10.3132008E-3,159.99999642E-3,
,,,10.3136003E-3,159.99999642E-3,
,,,10.3140008E-3,179.99999225E-3,
,,,10.3144003E-3,140.0000006E-3,
,,,10.3148008E-3,119.9999973E-3,
,,,10.3152003E-3,140.0000006E-3,
,,,10.3156008E-3,159.99999642E-3,
,,,10.3160003E-3,179.99999225E-3,
,,,10.3164008E-3,119.9999973E-3,
,,,10.3168003E-3,119.9999973E-3,
,,,10.3172008E-3,119.9999973E-3,
,,,10.3176003E-3,119.9999973E-3,
,,,10.3180008E-3,179.99999225E-3,
,,,10.3184003E-3,119.9999973E-3,
,,,10.3188008E-3,119.9999973E-3,
,,,10.3192003E-3,159.99999642E-3,
,,,10.3196008E-3,140.0000006E-3,
,,,10.3200004E-3,159.99999642E-3,
,,,10.3204008E-3,140.0000006E-3,
,,,10.3208004E-3,159.99999642E-3,
,,,10.3212008E-3,159.99999642E-3,
,,,10.3216004E-3,140.0000006E-3,
,,,10.3220008E-3,99.999994040E-3,
,,,10.3224004E-3,140.0000006E-3,
,,,10.3228008E-3,140.0000006E-3,
,,,10.3232004E-3,140.0000006E-3,
,,,10.3236008E-3,159.99999642E-3,
,,,10.3240004E-3,119.9999973E-3,
,,,10.3244008E-3,99.999994040E-3,
,,,10.3248004E-3,140.0000006E-3,
,,,10.3252009E-3,140.0000006E-3,
,,,10.3256004E-3,140.0000006E-3,
,,,10.3260009E-3,140.0000006E-3,
,,,10.3264004E-3,140.0000006E-3,
,,,10.3268009E-3,119.9999973E-3,
,,,10.3272004E-3,119.9999973E-3,
,,,10.3276009E-3,140.0000006E-3,
,,,10.3280004E-3,119.9999973E-3,
,,,10.3284009E-3,119.9999973E-3,
,,,10.3288004E-3,99.999994040E-3,
,,,10.3292009E-3,119.9999973E-3,
,,,10.3296004E-3,140.0000006E-3,
,,,10.3300009E-3,119.9999973E-3,
,,,10.3304004E-3,119.9999973E-3,
,,,10.3308009E-3,119.9999973E-3,
,,,10.3312004E-3,79.999998212E-3,
,,,10.3316009E-3,119.9999973E-3,
,,,10.3320004E-3,99.999994040E-3,
,,,10.3324009E-3,99.999994040E-3,
,,,10.3328004E-3,159.99999642E-3,
,,,10.3332009E-3,99.999994040E-3,
,,,10.3336005E-3,119.9999973E-3,
,,,10.3340009E-3,99.999994040E-3,
,,,10.3344005E-3,99.999994040E-3,
,,,10.3348009E-3,140.0000006E-3,
,,,10.3352005E-3,140.0000006E-3,
,,,10.3356009E-3,99.999994040E-3,
,,,10.3360005E-3,99.999994040E-3,
,,,10.3364009E-3,119.9999973E-3,
,,,10.3368005E-3,119.9999973E-3,
,,,10.3372009E-3,99.999994040E-3,
,,,10.3376005E-3,140.0000006E-3,
,,,10.3380010E-3,79.999998212E-3,
,,,10.3384005E-3,99.999994040E-3,
,,,10.3388010E-3,140.0000006E-3,
,,,10.3392005E-3,140.0000006E-3,
,,,10.3396010E-3,119.9999973E-3,
,,,10.3400005E-3,99.999994040E-3,
,,,10.3404010E-3,99.999994040E-3,
,,,10.3408005E-3,79.999998212E-3,
,,,10.3412010E-3,79.999998212E-3,
,,,10.3416005E-3,119.9999973E-3,
,,,10.3420010E-3,99.999994040E-3,
,,,10.3424005E-3,99.999994040E-3,
,,,10.3428010E-3,99.999994040E-3,
,,,10.3432005E-3,119.9999973E-3,
,,,10.3436010E-3,79.999998212E-3,
,,,10.3440005E-3,79.999998212E-3,
,,,10.3444010E-3,99.999994040E-3,
,,,10.3448005E-3,119.9999973E-3,
,,,10.3452010E-3,99.999994040E-3,
,,,10.3456005E-3,99.999994040E-3,
,,,10.3460010E-3,79.999998212E-3,
,,,10.3464006E-3,99.999994040E-3,
,,,10.3468010E-3,119.9999973E-3,
,,,10.3472006E-3,119.9999973E-3,
,,,10.3476010E-3,99.999994040E-3,
,,,10.3480006E-3,119.9999973E-3,
,,,10.3484010E-3,99.999994040E-3,
,,,10.3488006E-3,119.9999973E-3,
,,,10.3492010E-3,99.999994040E-3,
,,,10.3496006E-3,99.999994040E-3,
,,,10.3500010E-3,59.999998659E-3,
,,,10.3504006E-3,99.999994040E-3,
,,,10.3508011E-3,99.999994040E-3,
,,,10.3512006E-3,140.0000006E-3,
,,,10.3516011E-3,119.9999973E-3,
,,,10.3520006E-3,99.999994040E-3,
,,,10.3524011E-3,119.9999973E-3,
,,,10.3528006E-3,79.999998212E-3,
,,,10.3532011E-3,99.999994040E-3,
,,,10.3536006E-3,99.999994040E-3,
,,,10.3540011E-3,79.999998212E-3,
,,,10.3544006E-3,99.999994040E-3,
,,,10.3548011E-3,99.999994040E-3,
,,,10.3552006E-3,79.999998212E-3,
,,,10.3556002E-3,79.999998212E-3,
,,,10.3560006E-3,79.999998212E-3,
,,,10.3564002E-3,99.999994040E-3,
,,,10.3568006E-3,99.999994040E-3,
,,,10.3572002E-3,79.999998212E-3,
,,,10.3576006E-3,79.999998212E-3,
,,,10.3580002E-3,79.999998212E-3,
,,,10.3584006E-3,99.999994040E-3,
,,,10.3588002E-3,99.999994040E-3,
,,,10.3592006E-3,99.999994040E-3,
,,,10.3596002E-3,79.999998212E-3,
,,,10.3600007E-3,59.999998659E-3,
,,,10.3604002E-3,99.999994040E-3,
,,,10.3608007E-3,79.999998212E-3,
,,,10.3612002E-3,59.999998659E-3,
,,,10.3616007E-3,99.999994040E-3,
,,,10.3620002E-3,39.99999911E-3,
,,,10.3624007E-3,99.999994040E-3,
,,,10.3628002E-3,119.9999973E-3,
,,,10.3632007E-3,59.999998659E-3,
,,,10.3636002E-3,99.999994040E-3,
,,,10.3640007E-3,119.9999973E-3,
,,,10.3644002E-3,79.999998212E-3,
,,,10.3648007E-3,99.999994040E-3,
,,,10.3652002E-3,79.999998212E-3,
,,,10.3656007E-3,79.999998212E-3,
,,,10.3660002E-3,59.999998659E-3,
,,,10.3664007E-3,79.999998212E-3,
,,,10.3668002E-3,99.999994040E-3,
,,,10.3672007E-3,79.999998212E-3,
,,,10.3676002E-3,59.999998659E-3,
,,,10.3680007E-3,119.9999973E-3,
,,,10.3684003E-3,99.999994040E-3,
,,,10.3688007E-3,99.999994040E-3,
,,,10.3692003E-3,59.999998659E-3,
,,,10.3696007E-3,79.999998212E-3,
,,,10.3700003E-3,99.999994040E-3,
,,,10.3704007E-3,59.999998659E-3,
,,,10.3708003E-3,59.999998659E-3,
,,,10.3712007E-3,59.999998659E-3,
,,,10.3716003E-3,59.999998659E-3,
,,,10.3720007E-3,99.999994040E-3,
,,,10.3724003E-3,99.999994040E-3,
,,,10.3728008E-3,99.999994040E-3,
,,,10.3732003E-3,59.999998659E-3,
,,,10.3736008E-3,59.999998659E-3,
,,,10.3740003E-3,79.999998212E-3,
,,,10.3744008E-3,79.999998212E-3,
,,,10.3748003E-3,59.999998659E-3,
,,,10.3752008E-3,79.999998212E-3,
,,,10.3756003E-3,79.999998212E-3,
,,,10.3760008E-3,79.999998212E-3,
,,,10.3764003E-3,99.999994040E-3,
,,,10.3768008E-3,79.999998212E-3,
,,,10.3772003E-3,59.999998659E-3,
,,,10.3776008E-3,59.999998659E-3,
,,,10.3780003E-3,79.999998212E-3,
,,,10.3784008E-3,79.999998212E-3,
,,,10.3788003E-3,79.999998212E-3,
,,,10.3792008E-3,59.999998659E-3,
,,,10.3796003E-3,59.999998659E-3,
,,,10.3800008E-3,79.999998212E-3,
,,,10.3804003E-3,79.999998212E-3,
,,,10.3808008E-3,59.999998659E-3,
,,,10.3812004E-3,39.99999911E-3,
,,,10.3816008E-3,59.999998659E-3,
,,,10.3820004E-3,59.999998659E-3,
,,,10.3824008E-3,79.999998212E-3,
,,,10.3828004E-3,39.99999911E-3,
,,,10.3832008E-3,59.999998659E-3,
,,,10.3836004E-3,79.999998212E-3,
,,,10.3840008E-3,39.99999911E-3,
,,,10.3844004E-3,59.999998659E-3,
,,,10.3848008E-3,79.999998212E-3,
,,,10.3852004E-3,39.99999911E-3,
,,,10.3856008E-3,99.999994040E-3,
,,,10.3860004E-3,99.999994040E-3,
,,,10.3864009E-3,59.999998659E-3,
,,,10.3868004E-3,39.99999911E-3,
,,,10.3872009E-3,39.99999911E-3,
,,,10.3876004E-3,59.999998659E-3,
,,,10.3880009E-3,59.999998659E-3,
,,,10.3884004E-3,59.999998659E-3,
,,,10.3888009E-3,59.999998659E-3,
,,,10.3892004E-3,39.99999911E-3,
,,,10.3896009E-3,59.999998659E-3,
,,,10.3900004E-3,39.99999911E-3,
,,,10.3904009E-3,59.999998659E-3,
,,,10.3908004E-3,59.999998659E-3,
,,,10.3912009E-3,59.999998659E-3,
,,,10.3916004E-3,79.999998212E-3,
,,,10.3920009E-3,79.999998212E-3,
,,,10.3924004E-3,59.999998659E-3,
,,,10.3928009E-3,39.99999911E-3,
,,,10.3932004E-3,39.99999911E-3,
,,,10.3936009E-3,59.999998659E-3,
,,,10.3940004E-3,59.999998659E-3,
,,,10.3944009E-3,39.99999911E-3,
,,,10.3948005E-3,79.999998212E-3,
,,,10.3952009E-3,59.999998659E-3,
,,,10.3956005E-3,39.99999911E-3,
,,,10.3960009E-3,79.999998212E-3,
,,,10.3964005E-3,39.99999911E-3,
,,,10.3968009E-3,39.99999911E-3,
,,,10.3972005E-3,39.99999911E-3,
,,,10.3976009E-3,39.99999911E-3,
,,,10.3980005E-3,79.999998212E-3,
,,,10.3984009E-3,39.99999911E-3,
,,,10.3988005E-3,59.999998659E-3,
,,,10.3992010E-3,39.99999911E-3,
,,,10.3996005E-3,39.99999911E-3,
,,,10.4000010E-3,59.999998659E-3,
,,,10.4004005E-3,59.999998659E-3,
,,,10.4008010E-3,59.999998659E-3,
,,,10.4012005E-3,39.99999911E-3,
,,,10.4016010E-3,59.999998659E-3,
,,,10.4020005E-3,79.999998212E-3,
,,,10.4024010E-3,39.99999911E-3,
,,,10.4028005E-3,39.99999911E-3,
,,,10.4032010E-3,99.999994040E-3,
,,,10.4036005E-3,39.99999911E-3,
,,,10.4040010E-3,19.9999996E-3,
,,,10.4044005E-3,39.99999911E-3,
,,,10.4048010E-3,19.9999996E-3,
,,,10.4052005E-3,59.999998659E-3,
,,,10.4056010E-3,19.9999996E-3,
,,,10.4060005E-3,39.99999911E-3,
,,,10.4064010E-3,39.99999911E-3,
,,,10.4068005E-3,39.99999911E-3,
,,,10.4072010E-3,39.99999911E-3,
,,,10.4076006E-3,59.999998659E-3,
,,,10.4080010E-3,19.9999996E-3,
,,,10.4084006E-3,39.99999911E-3,
,,,10.4088010E-3,39.99999911E-3,
,,,10.4092006E-3,39.99999911E-3,
,,,10.4096010E-3,79.999998212E-3,
,,,10.4100006E-3,59.999998659E-3,
,,,10.4104010E-3,19.9999996E-3,
,,,10.4108006E-3,19.9999996E-3,
,,,10.4112010E-3,39.99999911E-3,
,,,10.4116006E-3,59.999998659E-3,
,,,10.4120011E-3,39.99999911E-3,
,,,10.4124006E-3,39.99999911E-3,
,,,10.4128011E-3,59.999998659E-3,
,,,10.4132006E-3,39.99999911E-3,
,,,10.4136011E-3,59.999998659E-3,
,,,10.4140006E-3,19.9999996E-3,
,,,10.4144011E-3,39.99999911E-3,
,,,10.4148006E-3,39.99999911E-3,
,,,10.4152011E-3,19.9999996E-3,
,,,10.4156006E-3,59.999998659E-3,
,,,10.4160011E-3,39.99999911E-3,
,,,10.4164006E-3,39.99999911E-3,
,,,10.4168002E-3,39.99999911E-3,
,,,10.4172006E-3,39.99999911E-3,
,,,10.4176002E-3,59.999998659E-3,
,,,10.4180006E-3,39.99999911E-3,
,,,10.4184002E-3,0.0,
,,,10.4188006E-3,19.9999996E-3,
,,,10.4192002E-3,59.999998659E-3,
,,,10.4196006E-3,59.999998659E-3,
,,,10.4200002E-3,39.99999911E-3,
,,,10.4204006E-3,39.99999911E-3,
,,,10.4208002E-3,19.9999996E-3,
,,,10.4212007E-3,59.999998659E-3,
,,,10.4216002E-3,39.99999911E-3,
,,,10.4220007E-3,19.9999996E-3,
,,,10.4224002E-3,19.9999996E-3,
,,,10.4228007E-3,59.999998659E-3,
,,,10.4232002E-3,39.99999911E-3,
,,,10.4236007E-3,39.99999911E-3,
,,,10.4240002E-3,39.99999911E-3,
,,,10.4244007E-3,39.99999911E-3,
,,,10.4248002E-3,19.9999996E-3,
,,,10.4252007E-3,39.99999911E-3,
,,,10.4256002E-3,0.0,
,,,10.4260007E-3,59.999998659E-3,
,,,10.4264002E-3,39.99999911E-3,
,,,10.4268007E-3,19.9999996E-3,
,,,10.4272002E-3,39.99999911E-3,
,,,10.4276007E-3,19.9999996E-3,
,,,10.4280002E-3,19.9999996E-3,
,,,10.4284007E-3,59.999998659E-3,
,,,10.4288002E-3,39.99999911E-3,
,,,10.4292007E-3,19.9999996E-3,
,,,10.4296003E-3,19.9999996E-3,
,,,10.4300007E-3,19.9999996E-3,
,,,10.4304003E-3,39.99999911E-3,
,,,10.4308007E-3,59.999998659E-3,
,,,10.4312003E-3,79.999998212E-3,
,,,10.4316007E-3,19.9999996E-3,
,,,10.4320003E-3,19.9999996E-3,
,,,10.4324007E-3,19.9999996E-3,
,,,10.4328003E-3,19.9999996E-3,
,,,10.4332007E-3,59.999998659E-3,
,,,10.4336003E-3,19.9999996E-3,
,,,10.4340008E-3,39.99999911E-3,
,,,10.4344003E-3,19.9999996E-3,
,,,10.4348008E-3,39.99999911E-3,
,,,10.4352003E-3,39.99999911E-3,
,,,10.4356008E-3,19.9999996E-3,
,,,10.4360003E-3,19.9999996E-3,
,,,10.4364008E-3,39.99999911E-3,
,,,10.4368003E-3,19.9999996E-3,
,,,10.4372008E-3,39.99999911E-3,
,,,10.4376003E-3,59.999998659E-3,
,,,10.4380008E-3,19.9999996E-3,
,,,10.4384003E-3,59.999998659E-3,
,,,10.4388008E-3,39.99999911E-3,
,,,10.4392003E-3,19.9999996E-3,
,,,10.4396008E-3,39.99999911E-3,
,,,10.4400003E-3,0.0,
,,,10.4404008E-3,19.9999996E-3,
,,,10.4408003E-3,39.99999911E-3,
,,,10.4412008E-3,39.99999911E-3,
,,,10.4416003E-3,39.99999911E-3,
,,,10.4420008E-3,19.9999996E-3,
,,,10.4424004E-3,19.9999996E-3,
,,,10.4428008E-3,59.999998659E-3,
,,,10.4432004E-3,19.9999996E-3,
,,,10.4436008E-3,19.9999996E-3,
,,,10.4440004E-3,19.9999996E-3,
,,,10.4444008E-3,39.99999911E-3,
,,,10.4448004E-3,39.99999911E-3,
,,,10.4452008E-3,0.0,
,,,10.4456004E-3,39.99999911E-3,
,,,10.4460008E-3,19.9999996E-3,
,,,10.4464004E-3,19.9999996E-3,
,,,10.4468009E-3,39.99999911E-3,
,,,10.4472004E-3,-19.9999996E-3,
,,,10.4476009E-3,0.0,
,,,10.4480004E-3,39.99999911E-3,
,,,10.4484009E-3,0.0,
,,,10.4488004E-3,59.999998659E-3,
,,,10.4492009E-3,19.9999996E-3,
,,,10.4496004E-3,39.99999911E-3,
,,,10.4500009E-3,19.9999996E-3,
,,,10.4504004E-3,0.0,
,,,10.4508009E-3,39.99999911E-3,
,,,10.4512004E-3,39.99999911E-3,
,,,10.4516009E-3,19.9999996E-3,
,,,10.4520004E-3,-19.9999996E-3,
,,,10.4524009E-3,19.9999996E-3,
,,,10.4528004E-3,39.99999911E-3,
,,,10.4532009E-3,0.0,
,,,10.4536004E-3,19.9999996E-3,
,,,10.4540009E-3,19.9999996E-3,
,,,10.4544004E-3,19.9999996E-3,
,,,10.4548009E-3,19.9999996E-3,
,,,10.4552004E-3,39.99999911E-3,
,,,10.4556009E-3,39.99999911E-3,
,,,10.4560005E-3,39.99999911E-3,
,,,10.4564009E-3,39.99999911E-3,
,,,10.4568005E-3,0.0,
,,,10.4572009E-3,0.0,
,,,10.4576005E-3,39.99999911E-3,
,,,10.4580009E-3,19.9999996E-3,
,,,10.4584005E-3,19.9999996E-3,
,,,10.4588009E-3,39.99999911E-3,
,,,10.4592005E-3,0.0,
,,,10.4596009E-3,19.9999996E-3,
,,,10.4600005E-3,19.9999996E-3,
,,,10.4604010E-3,59.999998659E-3,
,,,10.4608005E-3,19.9999996E-3,
,,,10.4612010E-3,-19.9999996E-3,
,,,10.4616005E-3,0.0,
,,,10.4620010E-3,19.9999996E-3,
,,,10.4624005E-3,19.9999996E-3,
,,,10.4628010E-3,39.99999911E-3,
,,,10.4632005E-3,19.9999996E-3,
,,,10.4636010E-3,19.9999996E-3,
,,,10.4640005E-3,19.9999996E-3,
,,,10.4644010E-3,39.99999911E-3,
,,,10.4648005E-3,39.99999911E-3,
,,,10.4652010E-3,19.9999996E-3,
,,,10.4656005E-3,39.99999911E-3,
,,,10.4660010E-3,0.0,
,,,10.4664005E-3,0.0,
,,,10.4668010E-3,39.99999911E-3,
,,,10.4672005E-3,19.9999996E-3,
,,,10.4676010E-3,39.99999911E-3,
,,,10.4680005E-3,0.0,
,,,10.4684010E-3,19.9999996E-3,
,,,10.4688006E-3,-19.9999996E-3,
,,,10.4692010E-3,39.99999911E-3,
,,,10.4696006E-3,39.99999911E-3,
,,,10.4700010E-3,19.9999996E-3,
,,,10.4704006E-3,39.99999911E-3,
,,,10.4708010E-3,19.9999996E-3,
,,,10.4712006E-3,-19.9999996E-3,
,,,10.4716010E-3,39.99999911E-3,
,,,10.4720006E-3,19.9999996E-3,
,,,10.4724010E-3,39.99999911E-3,
,,,10.4728006E-3,19.9999996E-3,
,,,10.4732011E-3,19.9999996E-3,
,,,10.4736006E-3,19.9999996E-3,
,,,10.4740011E-3,39.99999911E-3,
,,,10.4744006E-3,19.9999996E-3,
,,,10.4748011E-3,0.0,
,,,10.4752006E-3,0.0,
,,,10.4756011E-3,-19.9999996E-3,
,,,10.4760006E-3,19.9999996E-3,
,,,10.4764011E-3,0.0,
,,,10.4768006E-3,19.9999996E-3,
,,,10.4772011E-3,19.9999996E-3,
,,,10.4776006E-3,39.99999911E-3,
,,,10.4780002E-3,0.0,
,,,10.4784006E-3,0.0,
,,,10.4788002E-3,39.99999911E-3,
,,,10.4792006E-3,0.0,
,,,10.4796002E-3,19.9999996E-3,
,,,10.4800006E-3,39.99999911E-3,
,,,10.4804002E-3,-19.9999996E-3,
,,,10.4808006E-3,0.0,
,,,10.4812002E-3,39.99999911E-3,
,,,10.4816006E-3,19.9999996E-3,
,,,10.4820002E-3,39.99999911E-3,
,,,10.4824007E-3,0.0,
,,,10.4828002E-3,-19.9999996E-3,
,,,10.4832007E-3,19.9999996E-3,
,,,10.4836002E-3,19.9999996E-3,
,,,10.4840007E-3,19.9999996E-3,
,,,10.4844002E-3,19.9999996E-3,
,,,10.4848007E-3,0.0,
,,,10.4852002E-3,19.9999996E-3,
,,,10.4856007E-3,0.0,
,,,10.4860002E-3,19.9999996E-3,
,,,10.4864007E-3,19.9999996E-3,
,,,10.4868002E-3,19.9999996E-3,
,,,10.4872007E-3,0.0,
,,,10.4876002E-3,39.99999911E-3,
,,,10.4880007E-3,19.9999996E-3,
,,,10.4884002E-3,19.9999996E-3,
,,,10.4888007E-3,0.0,
,,,10.4892002E-3,39.99999911E-3,
,,,10.4896007E-3,-19.9999996E-3,
,,,10.4900002E-3,0.0,
,,,10.4904007E-3,0.0,
,,,10.4908003E-3,19.9999996E-3,
,,,10.4912007E-3,19.9999996E-3,
,,,10.4916003E-3,19.9999996E-3,
,,,10.4920007E-3,19.9999996E-3,
,,,10.4924003E-3,19.9999996E-3,
,,,10.4928007E-3,0.0,
,,,10.4932003E-3,0.0,
,,,10.4936007E-3,19.9999996E-3,
,,,10.4940003E-3,19.9999996E-3,
,,,10.4944007E-3,0.0,
,,,10.4948003E-3,0.0,
,,,10.4952008E-3,39.99999911E-3,
,,,10.4956003E-3,39.99999911E-3,
,,,10.4960008E-3,19.9999996E-3,
,,,10.4964003E-3,0.0,
,,,10.4968008E-3,-19.9999996E-3,
,,,10.4972003E-3,0.0,
,,,10.4976008E-3,19.9999996E-3,
,,,10.4980003E-3,-19.9999996E-3,
,,,10.4984008E-3,39.99999911E-3,
,,,10.4988003E-3,-19.9999996E-3,
,,,10.4992008E-3,19.9999996E-3,
,,,10.4996003E-3,0.0,
,,,10.5000008E-3,0.0,
,,,10.5004003E-3,39.99999911E-3,
,,,10.5008008E-3,19.9999996E-3,
,,,10.5012003E-3,0.0,
,,,10.5016008E-3,19.9999996E-3,
,,,10.5020003E-3,0.0,
,,,10.5024008E-3,-19.9999996E-3,
,,,10.5028003E-3,0.0,
,,,10.5032008E-3,0.0,
,,,10.5036004E-3,19.9999996E-3,
,,,10.5040008E-3,-19.9999996E-3,
,,,10.5044004E-3,0.0,
,,,10.5048008E-3,39.99999911E-3,
,,,10.5052004E-3,19.9999996E-3,
,,,10.5056008E-3,0.0,
,,,10.5060004E-3,0.0,
,,,10.5064008E-3,19.9999996E-3,
,,,10.5068004E-3,0.0,
,,,10.5072008E-3,0.0,
,,,10.5076004E-3,19.9999996E-3,
,,,10.5080009E-3,0.0,
,,,10.5084004E-3,0.0,
,,,10.5088009E-3,19.9999996E-3,
,,,10.5092004E-3,19.9999996E-3,
,,,10.5096009E-3,-19.9999996E-3,
,,,10.5100004E-3,0.0,
,,,10.5104009E-3,19.9999996E-3,
,,,10.5108004E-3,19.9999996E-3,
,,,10.5112009E-3,19.9999996E-3,
,,,10.5116004E-3,0.0,
,,,10.5120009E-3,39.99999911E-3,
,,,10.5124004E-3,19.9999996E-3,
,,,10.5128009E-3,19.9999996E-3,
,,,10.5132004E-3,0.0,
,,,10.5136009E-3,-39.99999911E-3,
,,,10.5140004E-3,0.0,
,,,10.5144009E-3,19.9999996E-3,
,,,10.5148004E-3,39.99999911E-3,
,,,10.5152009E-3,39.99999911E-3,
,,,10.5156004E-3,-19.9999996E-3,
,,,10.5160009E-3,0.0,
,,,10.5164004E-3,39.99999911E-3,
,,,10.5168009E-3,0.0,
,,,10.5172005E-3,19.9999996E-3,
,,,10.5176009E-3,19.9999996E-3,
,,,10.5180005E-3,-19.9999996E-3,
,,,10.5184009E-3,-19.9999996E-3,
,,,10.5188005E-3,0.0,
,,,10.5192009E-3,19.9999996E-3,
,,,10.5196005E-3,-19.9999996E-3,
,,,10.5200009E-3,0.0,
,,,10.5204005E-3,19.9999996E-3,
,,,10.5208009E-3,-19.9999996E-3,
,,,10.5212005E-3,19.9999996E-3,
,,,10.5216010E-3,-19.9999996E-3,
,,,10.5220005E-3,19.9999996E-3,
,,,10.5224010E-3,19.9999996E-3,
,,,10.5228005E-3,0.0,
,,,10.5232010E-3,-19.9999996E-3,
,,,10.5236005E-3,0.0,
,,,10.5240010E-3,19.9999996E-3,
,,,10.5244005E-3,19.9999996E-3,
,,,10.5248010E-3,19.9999996E-3,
,,,10.5252005E-3,19.9999996E-3,
,,,10.5256010E-3,0.0,
,,,10.5260005E-3,0.0,
,,,10.5264010E-3,19.9999996E-3,
,,,10.5268005E-3,0.0,
,,,10.5272010E-3,19.9999996E-3,
,,,10.5276005E-3,0.0,
,,,10.5280010E-3,-19.9999996E-3,
,,,10.5284005E-3,19.9999996E-3,
,,,10.5288010E-3,0.0,
,,,10.5292005E-3,0.0,
,,,10.5296010E-3,-19.9999996E-3,
,,,10.5300006E-3,0.0,
,,,10.5304010E-3,0.0,
,,,10.5308006E-3,19.9999996E-3,
,,,10.5312010E-3,-19.9999996E-3,
,,,10.5316006E-3,19.9999996E-3,
,,,10.5320010E-3,39.99999911E-3,
,,,10.5324006E-3,-19.9999996E-3,
,,,10.5328010E-3,39.99999911E-3,
,,,10.5332006E-3,-19.9999996E-3,
,,,10.5336010E-3,0.0,
,,,10.5340006E-3,-19.9999996E-3,
,,,10.5344011E-3,39.99999911E-3,
,,,10.5348006E-3,39.99999911E-3,
,,,10.5352011E-3,-19.9999996E-3,
,,,10.5356006E-3,19.9999996E-3,
,,,10.5360011E-3,19.9999996E-3,
,,,10.5364006E-3,39.99999911E-3,
,,,10.5368011E-3,39.99999911E-3,
,,,10.5372006E-3,-19.9999996E-3,
,,,10.5376011E-3,0.0,
,,,10.5380006E-3,0.0,
,,,10.5384011E-3,-19.9999996E-3,
,,,10.5388006E-3,19.9999996E-3,
,,,10.5392011E-3,-19.9999996E-3,
,,,10.5396006E-3,0.0,
,,,10.5400002E-3,19.9999996E-3,
,,,10.5404006E-3,0.0,
,,,10.5408002E-3,0.0,
,,,10.5412006E-3,-19.9999996E-3,
,,,10.5416002E-3,19.9999996E-3,
,,,10.5420006E-3,0.0,
,,,10.5424002E-3,-39.99999911E-3,
,,,10.5428007E-3,19.9999996E-3,
,,,10.5432002E-3,0.0,
,,,10.5436007E-3,39.99999911E-3,
,,,10.5440002E-3,19.9999996E-3,
,,,10.5444007E-3,19.9999996E-3,
,,,10.5448002E-3,19.9999996E-3,
,,,10.5452007E-3,0.0,
,,,10.5456002E-3,0.0,
,,,10.5460007E-3,19.9999996E-3,
,,,10.5464002E-3,-19.9999996E-3,
,,,10.5468007E-3,-19.9999996E-3,
,,,10.5472002E-3,-19.9999996E-3,
,,,10.5476007E-3,0.0,
,,,10.5480002E-3,19.9999996E-3,
,,,10.5484007E-3,19.9999996E-3,
,,,10.5488002E-3,19.9999996E-3,
,,,10.5492007E-3,-19.9999996E-3,
,,,10.5496002E-3,0.0,
,,,10.5500007E-3,19.9999996E-3,
,,,10.5504002E-3,0.0,
,,,10.5508007E-3,0.0,
,,,10.5512002E-3,0.0,
,,,10.5516007E-3,-19.9999996E-3,
,,,10.5520003E-3,-39.99999911E-3,
,,,10.5524007E-3,0.0,
,,,10.5528003E-3,0.0,
,,,10.5532007E-3,-19.9999996E-3,
,,,10.5536003E-3,19.9999996E-3,
,,,10.5540007E-3,-19.9999996E-3,
,,,10.5544003E-3,0.0,
,,,10.5548007E-3,19.9999996E-3,
,,,10.5552003E-3,0.0,
,,,10.5556007E-3,19.9999996E-3,
,,,10.5560003E-3,0.0,
,,,10.5564008E-3,0.0,
,,,10.5568003E-3,19.9999996E-3,
,,,10.5572008E-3,-19.9999996E-3,
,,,10.5576003E-3,19.9999996E-3,
,,,10.5580008E-3,39.99999911E-3,
,,,10.5584003E-3,0.0,
,,,10.5588008E-3,-19.9999996E-3,
,,,10.5592003E-3,19.9999996E-3,
,,,10.5596008E-3,19.9999996E-3,
,,,10.5600003E-3,0.0,
,,,10.5604008E-3,-19.9999996E-3,
,,,10.5608003E-3,0.0,
,,,10.5612008E-3,0.0,
,,,10.5616003E-3,59.999998659E-3,
,,,10.5620008E-3,19.9999996E-3,
,,,10.5624003E-3,0.0,
,,,10.5628008E-3,0.0,
,,,10.5632003E-3,-19.9999996E-3,
,,,10.5636008E-3,19.9999996E-3,
,,,10.5640003E-3,19.9999996E-3,
,,,10.5644008E-3,-19.9999996E-3,
,,,10.5648004E-3,19.9999996E-3,
,,,10.5652008E-3,-19.9999996E-3,
,,,10.5656004E-3,0.0,
,,,10.5660008E-3,19.9999996E-3,
,,,10.5664004E-3,-19.9999996E-3,
,,,10.5668008E-3,19.9999996E-3,
,,,10.5672004E-3,19.9999996E-3,
,,,10.5676008E-3,39.99999911E-3,
,,,10.5680004E-3,0.0,
,,,10.5684008E-3,0.0,
,,,10.5688004E-3,-19.9999996E-3,
,,,10.5692009E-3,0.0,
,,,10.5696004E-3,19.9999996E-3,
,,,10.5700009E-3,0.0,
,,,10.5704004E-3,-19.9999996E-3,
,,,10.5708009E-3,0.0,
,,,10.5712004E-3,19.9999996E-3,
,,,10.5716009E-3,-19.9999996E-3,
,,,10.5720004E-3,0.0,
,,,10.5724009E-3,0.0,
,,,10.5728004E-3,0.0,
,,,10.5732009E-3,0.0,
,,,10.5736004E-3,19.9999996E-3,
,,,10.5740009E-3,19.9999996E-3,
,,,10.5744004E-3,-19.9999996E-3,
,,,10.5748009E-3,19.9999996E-3,
,,,10.5752004E-3,0.0,
,,,10.5756009E-3,0.0,
,,,10.5760004E-3,-19.9999996E-3,
,,,10.5764009E-3,19.9999996E-3,
,,,10.5768004E-3,-19.9999996E-3,
,,,10.5772009E-3,19.9999996E-3,
,,,10.5776004E-3,19.9999996E-3,
,,,10.5780009E-3,0.0,
,,,10.5784005E-3,-19.9999996E-3,
,,,10.5788009E-3,-39.99999911E-3,
,,,10.5792005E-3,-19.9999996E-3,
,,,10.5796009E-3,19.9999996E-3,
,,,10.5800005E-3,-19.9999996E-3,
,,,10.5804009E-3,0.0,
,,,10.5808005E-3,-19.9999996E-3,
,,,10.5812009E-3,0.0,
,,,10.5816005E-3,0.0,
,,,10.5820009E-3,0.0,
,,,10.5824005E-3,0.0,
,,,10.5828010E-3,19.9999996E-3,
,,,10.5832005E-3,0.0,
,,,10.5836010E-3,0.0,
,,,10.5840005E-3,19.9999996E-3,
,,,10.5844010E-3,19.9999996E-3,
,,,10.5848005E-3,-39.99999911E-3,
,,,10.5852010E-3,0.0,
,,,10.5856005E-3,19.9999996E-3,
,,,10.5860010E-3,-19.9999996E-3,
,,,10.5864005E-3,19.9999996E-3,
,,,10.5868010E-3,0.0,
,,,10.5872005E-3,19.9999996E-3,
,,,10.5876010E-3,-19.9999996E-3,
,,,10.5880005E-3,0.0,
,,,10.5884010E-3,0.0,
,,,10.5888005E-3,0.0,
,,,10.5892010E-3,0.0,
,,,10.5896005E-3,39.99999911E-3,
,,,10.5900010E-3,-19.9999996E-3,
,,,10.5904005E-3,0.0,
,,,10.5908010E-3,0.0,
,,,10.5912006E-3,19.9999996E-3,
,,,10.5916010E-3,0.0,
,,,10.5920006E-3,-19.9999996E-3,
,,,10.5924010E-3,0.0,
,,,10.5928006E-3,-19.9999996E-3,
,,,10.5932010E-3,0.0,
,,,10.5936006E-3,19.9999996E-3,
,,,10.5940010E-3,0.0,
,,,10.5944006E-3,0.0,
,,,10.5948010E-3,-19.9999996E-3,
,,,10.5952006E-3,19.9999996E-3,
,,,10.5956011E-3,0.0,
,,,10.5960006E-3,0.0,
,,,10.5964011E-3,0.0,
,,,10.5968006E-3,0.0,
,,,10.5972011E-3,0.0,
,,,10.5976006E-3,0.0,
,,,10.5980011E-3,19.9999996E-3,
,,,10.5984006E-3,39.99999911E-3,
,,,10.5988011E-3,-19.9999996E-3,
,,,10.5992006E-3,-19.9999996E-3,
,,,10.5996011E-3,-19.9999996E-3,
,,,10.6000006E-3,0.0,
,,,10.6004011E-3,19.9999996E-3,
,,,10.6008006E-3,19.9999996E-3,
,,,10.6012002E-3,39.99999911E-3,
,,,10.6016006E-3,-59.999998659E-3,
,,,10.6020002E-3,0.0,
,,,10.6024006E-3,0.0,
,,,10.6028002E-3,19.9999996E-3,
,,,10.6032006E-3,19.9999996E-3,
,,,10.6036002E-3,-19.9999996E-3,
,,,10.6040007E-3,-19.9999996E-3,
,,,10.6044002E-3,-19.9999996E-3,
,,,10.6048007E-3,0.0,
,,,10.6052002E-3,19.9999996E-3,
,,,10.6056007E-3,19.9999996E-3,
,,,10.6060002E-3,0.0,
,,,10.6064007E-3,19.9999996E-3,
,,,10.6068002E-3,0.0,
,,,10.6072007E-3,19.9999996E-3,
,,,10.6076002E-3,-19.9999996E-3,
,,,10.6080007E-3,-39.99999911E-3,
,,,10.6084002E-3,0.0,
,,,10.6088007E-3,19.9999996E-3,
,,,10.6092002E-3,0.0,
,,,10.6096007E-3,0.0,
,,,10.6100002E-3,-19.9999996E-3,
,,,10.6104007E-3,19.9999996E-3,
,,,10.6108002E-3,0.0,
,,,10.6112007E-3,0.0,
,,,10.6116002E-3,-19.9999996E-3,
,,,10.6120007E-3,19.9999996E-3,
,,,10.6124002E-3,19.9999996E-3,
,,,10.6128007E-3,-19.9999996E-3,
,,,10.6132003E-3,-19.9999996E-3,
,,,10.6136007E-3,0.0,
,,,10.6140003E-3,-19.9999996E-3,
,,,10.6144007E-3,19.9999996E-3,
,,,10.6148003E-3,-19.9999996E-3,
,,,10.6152007E-3,-19.9999996E-3,
,,,10.6156003E-3,-19.9999996E-3,
,,,10.6160007E-3,19.9999996E-3,
,,,10.6164003E-3,19.9999996E-3,
,,,10.6168007E-3,0.0,
,,,10.6172003E-3,-19.9999996E-3,
,,,10.6176008E-3,0.0,
,,,10.6180003E-3,19.9999996E-3,
,,,10.6184008E-3,0.0,
,,,10.6188003E-3,0.0,
,,,10.6192008E-3,-19.9999996E-3,
,,,10.6196003E-3,0.0,
,,,10.6200008E-3,-19.9999996E-3,
,,,10.6204003E-3,0.0,
,,,10.6208008E-3,0.0,
,,,10.6212003E-3,0.0,
,,,10.6216008E-3,0.0,
,,,10.6220003E-3,19.9999996E-3,
,,,10.6224008E-3,19.9999996E-3,
,,,10.6228003E-3,0.0,
,,,10.6232008E-3,-19.9999996E-3,
,,,10.6236003E-3,0.0,
,,,10.6240008E-3,0.0,
,,,10.6244003E-3,0.0,
,,,10.6248008E-3,-19.9999996E-3,
,,,10.6252003E-3,0.0,
,,,10.6256008E-3,-19.9999996E-3,
,,,10.6260004E-3,39.99999911E-3,
,,,10.6264008E-3,19.9999996E-3,
,,,10.6268004E-3,0.0,
,,,10.6272008E-3,-39.99999911E-3,
,,,10.6276004E-3,-19.9999996E-3,
,,,10.6280008E-3,0.0,
,,,10.6284004E-3,-19.9999996E-3,
,,,10.6288008E-3,-19.9999996E-3,
,,,10.6292004E-3,0.0,
,,,10.6296008E-3,0.0,
,,,10.6300004E-3,0.0,
,,,10.6304009E-3,19.9999996E-3,
,,,10.6308004E-3,19.9999996E-3,
,,,10.6312009E-3,-19.9999996E-3,
,,,10.6316004E-3,-39.99999911E-3,
,,,10.6320009E-3,0.0,
,,,10.6324004E-3,-19.9999996E-3,
,,,10.6328009E-3,-19.9999996E-3,
,,,10.6332004E-3,19.9999996E-3,
,,,10.6336009E-3,0.0,
,,,10.6340004E-3,0.0,
,,,10.6344009E-3,19.9999996E-3,
,,,10.6348004E-3,0.0,
,,,10.6352009E-3,19.9999996E-3,
,,,10.6356004E-3,-19.9999996E-3,
,,,10.6360009E-3,0.0,
,,,10.6364004E-3,0.0,
,,,10.6368009E-3,-19.9999996E-3,
,,,10.6372004E-3,19.9999996E-3,
,,,10.6376009E-3,0.0,
,,,10.6380004E-3,19.9999996E-3,
,,,10.6384009E-3,19.9999996E-3,
,,,10.6388004E-3,0.0,
,,,10.6392009E-3,0.0,
,,,10.6396005E-3,-19.9999996E-3,
,,,10.6400009E-3,0.0,
,,,10.6404005E-3,19.9999996E-3,
,,,10.6408009E-3,0.0,
,,,10.6412005E-3,-19.9999996E-3,
,,,10.6416009E-3,-19.9999996E-3,
,,,10.6420005E-3,-19.9999996E-3,
,,,10.6424009E-3,0.0,
,,,10.6428005E-3,0.0,
,,,10.6432009E-3,0.0,
,,,10.6436005E-3,0.0,
,,,10.6440010E-3,0.0,
,,,10.6444005E-3,0.0,
,,,10.6448010E-3,-19.9999996E-3,
,,,10.6452005E-3,0.0,
,,,10.6456010E-3,-19.9999996E-3,
,,,10.6460005E-3,19.9999996E-3,
,,,10.6464010E-3,-19.9999996E-3,
,,,10.6468005E-3,19.9999996E-3,
,,,10.6472010E-3,-19.9999996E-3,
,,,10.6476005E-3,0.0,
,,,10.6480010E-3,19.9999996E-3,
,,,10.6484005E-3,0.0,
,,,10.6488010E-3,0.0,
,,,10.6492005E-3,19.9999996E-3,
,,,10.6496010E-3,-19.9999996E-3,
,,,10.6500005E-3,0.0,
,,,10.6504010E-3,0.0,
,,,10.6508005E-3,0.0,
,,,10.6512010E-3,0.0,
,,,10.6516005E-3,0.0,
,,,10.6520010E-3,-19.9999996E-3,
,,,10.6524006E-3,-19.9999996E-3,
,,,10.6528010E-3,-19.9999996E-3,
,,,10.6532006E-3,-19.9999996E-3,
,,,10.6536010E-3,0.0,
,,,10.6540006E-3,0.0,
,,,10.6544010E-3,-39.99999911E-3,
,,,10.6548006E-3,0.0,
,,,10.6552010E-3,-39.99999911E-3,
,,,10.6556006E-3,19.9999996E-3,
,,,10.6560010E-3,39.99999911E-3,
,,,10.6564006E-3,-59.999998659E-3,
,,,10.6568011E-3,0.0,
,,,10.6572006E-3,39.99999911E-3,
,,,10.6576011E-3,-19.9999996E-3,
,,,10.6580006E-3,19.9999996E-3,
,,,10.6584011E-3,-19.9999996E-3,
,,,10.6588006E-3,-19.9999996E-3,
,,,10.6592011E-3,0.0,
,,,10.6596006E-3,-19.9999996E-3,
,,,10.6600011E-3,0.0,
,,,10.6604006E-3,-19.9999996E-3,
,,,10.6608011E-3,-19.9999996E-3,
,,,10.6612006E-3,-19.9999996E-3,
,,,10.6616011E-3,19.9999996E-3,
,,,10.6620006E-3,-19.9999996E-3,
,,,10.6624002E-3,-39.99999911E-3,
,,,10.6628006E-3,19.9999996E-3,
,,,10.6632002E-3,19.9999996E-3,
,,,10.6636006E-3,0.0,
,,,10.6640002E-3,0.0,
,,,10.6644006E-3,-19.9999996E-3,
,,,10.6648002E-3,-19.9999996E-3,
,,,10.6652007E-3,0.0,
,,,10.6656002E-3,0.0,
,,,10.6660007E-3,-19.9999996E-3,
,,,10.6664002E-3,-19.9999996E-3,
,,,10.6668007E-3,-19.9999996E-3,
,,,10.6672002E-3,0.0,
,,,10.6676007E-3,0.0,
,,,10.6680002E-3,0.0,
,,,10.6684007E-3,0.0,
,,,10.6688002E-3,0.0,
,,,10.6692007E-3,-19.9999996E-3,
,,,10.6696002E-3,0.0,
,,,10.6700007E-3,-19.9999996E-3,
,,,10.6704002E-3,0.0,
,,,10.6708007E-3,0.0,
,,,10.6712002E-3,19.9999996E-3,
,,,10.6716007E-3,0.0,
,,,10.6720002E-3,-19.9999996E-3,
,,,10.6724007E-3,19.9999996E-3,
,,,10.6728002E-3,19.9999996E-3,
,,,10.6732007E-3,0.0,
,,,10.6736002E-3,0.0,
,,,10.6740007E-3,-19.9999996E-3,
,,,10.6744003E-3,0.0,
,,,10.6748007E-3,19.9999996E-3,
,,,10.6752003E-3,19.9999996E-3,
,,,10.6756007E-3,0.0,
,,,10.6760003E-3,-19.9999996E-3,
,,,10.6764007E-3,-19.9999996E-3,
,,,10.6768003E-3,39.99999911E-3,
,,,10.6772007E-3,19.9999996E-3,
,,,10.6776003E-3,19.9999996E-3,
,,,10.6780007E-3,0.0,
,,,10.6784003E-3,0.0,
,,,10.6788008E-3,-19.9999996E-3,
,,,10.6792003E-3,0.0,
,,,10.6796008E-3,19.9999996E-3,
,,,10.6800003E-3,19.9999996E-3,
,,,10.6804008E-3,19.9999996E-3,
,,,10.6808003E-3,0.0,
,,,10.6812008E-3,-19.9999996E-3,
,,,10.6816003E-3,0.0,
,,,10.6820008E-3,0.0,
,,,10.6824003E-3,19.9999996E-3,
,,,10.6828008E-3,0.0,
,,,10.6832003E-3,-19.9999996E-3,
,,,10.6836008E-3,-19.9999996E-3,
,,,10.6840003E-3,-19.9999996E-3,
,,,10.6844008E-3,-19.9999996E-3,
,,,10.6848003E-3,0.0,
,,,10.6852008E-3,19.9999996E-3,
,,,10.6856003E-3,-19.9999996E-3,
,,,10.6860008E-3,-19.9999996E-3,
,,,10.6864003E-3,0.0,
,,,10.6868008E-3,19.9999996E-3,
,,,10.6872004E-3,-19.9999996E-3,
,,,10.6876008E-3,-19.9999996E-3,
,,,10.6880004E-3,0.0,
,,,10.6884008E-3,-19.9999996E-3,
,,,10.6888004E-3,19.9999996E-3,
,,,10.6892008E-3,0.0,
,,,10.6896004E-3,-19.9999996E-3,
,,,10.6900008E-3,19.9999996E-3,
,,,10.6904004E-3,0.0,
,,,10.6908008E-3,0.0,
,,,10.6912004E-3,-19.9999996E-3,
,,,10.6916009E-3,0.0,
,,,10.6920004E-3,0.0,
,,,10.6924009E-3,39.99999911E-3,
,,,10.6928004E-3,19.9999996E-3,
,,,10.6932009E-3,19.9999996E-3,
,,,10.6936004E-3,-39.99999911E-3,
,,,10.6940009E-3,0.0,
,,,10.6944004E-3,0.0,
,,,10.6948009E-3,19.9999996E-3,
,,,10.6952004E-3,-19.9999996E-3,
,,,10.6956009E-3,-19.9999996E-3,
,,,10.6960004E-3,-19.9999996E-3,
,,,10.6964009E-3,39.99999911E-3,
,,,10.6968004E-3,-19.9999996E-3,
,,,10.6972009E-3,0.0,
,,,10.6976004E-3,-19.9999996E-3,
,,,10.6980009E-3,-59.999998659E-3,
,,,10.6984004E-3,-19.9999996E-3,
,,,10.6988009E-3,0.0,
,,,10.6992004E-3,19.9999996E-3,
,,,10.6996009E-3,19.9999996E-3,
,,,10.7000005E-3,-19.9999996E-3,
,,,10.7004009E-3,0.0,
,,,10.7008005E-3,19.9999996E-3,
,,,10.7012009E-3,0.0,
,,,10.7016005E-3,0.0,
,,,10.7020009E-3,-19.9999996E-3,
,,,10.7024005E-3,0.0,
,,,10.7028009E-3,0.0,
,,,10.7032005E-3,19.9999996E-3,
,,,10.7036009E-3,-19.9999996E-3,
,,,10.7040005E-3,-19.9999996E-3,
,,,10.7044009E-3,19.9999996E-3,
,,,10.7048005E-3,0.0,
,,,10.7052010E-3,-39.99999911E-3,
,,,10.7056005E-3,0.0,
,,,10.7060010E-3,-19.9999996E-3,
,,,10.7064005E-3,19.9999996E-3,
,,,10.7068010E-3,19.9999996E-3,
,,,10.7072005E-3,-39.99999911E-3,
,,,10.7076010E-3,0.0,
,,,10.7080005E-3,0.0,
,,,10.7084010E-3,19.9999996E-3,
,,,10.7088005E-3,19.9999996E-3,
,,,10.7092010E-3,-19.9999996E-3,
,,,10.7096005E-3,-19.9999996E-3,
,,,10.7100010E-3,0.0,
,,,10.7104005E-3,19.9999996E-3,
,,,10.7108010E-3,0.0,
,,,10.7112005E-3,-39.99999911E-3,
,,,10.7116010E-3,0.0,
,,,10.7120005E-3,19.9999996E-3,
,,,10.7124010E-3,0.0,
,,,10.7128005E-3,0.0,
,,,10.7132010E-3,0.0,
,,,10.7136006E-3,-19.9999996E-3,
,,,10.7140010E-3,19.9999996E-3,
,,,10.7144006E-3,19.9999996E-3,
,,,10.7148010E-3,-19.9999996E-3,
,,,10.7152006E-3,19.9999996E-3,
,,,10.7156010E-3,0.0,
,,,10.7160006E-3,-19.9999996E-3,
,,,10.7164010E-3,0.0,
,,,10.7168006E-3,0.0,
,,,10.7172010E-3,19.9999996E-3,
,,,10.7176006E-3,19.9999996E-3,
,,,10.7180011E-3,0.0,
,,,10.7184006E-3,-19.9999996E-3,
,,,10.7188011E-3,0.0,
,,,10.7192006E-3,-39.99999911E-3,
,,,10.7196011E-3,0.0,
,,,10.7200006E-3,39.99999911E-3,
,,,10.7204011E-3,-39.99999911E-3,
,,,10.7208006E-3,-19.9999996E-3,
,,,10.7212011E-3,0.0,
,,,10.7216006E-3,-39.99999911E-3,
,,,10.7220011E-3,19.9999996E-3,
,,,10.7224006E-3,0.0,
,,,10.7228011E-3,-39.99999911E-3,
,,,10.7232006E-3,0.0,
,,,10.7236002E-3,0.0,
,,,10.7240006E-3,0.0,
,,,10.7244002E-3,59.999998659E-3,
,,,10.7248006E-3,-39.99999911E-3,
,,,10.7252002E-3,0.0,
,,,10.7256006E-3,0.0,
,,,10.7260002E-3,0.0,
,,,10.7264007E-3,19.9999996E-3,
,,,10.7268002E-3,-19.9999996E-3,
,,,10.7272007E-3,0.0,
,,,10.7276002E-3,-19.9999996E-3,
,,,10.7280007E-3,0.0,
,,,10.7284002E-3,0.0,
,,,10.7288007E-3,-39.99999911E-3,
,,,10.7292002E-3,19.9999996E-3,
,,,10.7296007E-3,0.0,
,,,10.7300002E-3,0.0,
,,,10.7304007E-3,0.0,
,,,10.7308002E-3,0.0,
,,,10.7312007E-3,0.0,
,,,10.7316002E-3,0.0,
,,,10.7320007E-3,0.0,
,,,10.7324002E-3,19.9999996E-3,
,,,10.7328007E-3,-19.9999996E-3,
,,,10.7332002E-3,-39.99999911E-3,
,,,10.7336007E-3,0.0,
,,,10.7340002E-3,0.0,
,,,10.7344007E-3,-19.9999996E-3,
,,,10.7348002E-3,0.0,
,,,10.7352007E-3,0.0,
,,,10.7356003E-3,-39.99999911E-3,
,,,10.7360007E-3,0.0,
,,,10.7364003E-3,39.99999911E-3,
,,,10.7368007E-3,-19.9999996E-3,
,,,10.7372003E-3,-19.9999996E-3,
,,,10.7376007E-3,-19.9999996E-3,
,,,10.7380003E-3,0.0,
,,,10.7384007E-3,-39.99999911E-3,
,,,10.7388003E-3,19.9999996E-3,
,,,10.7392007E-3,0.0,
,,,10.7396003E-3,-39.99999911E-3,
,,,10.7400008E-3,0.0,
,,,10.7404003E-3,-39.99999911E-3,
,,,10.7408008E-3,-19.9999996E-3,
,,,10.7412003E-3,19.9999996E-3,
,,,10.7416008E-3,0.0,
,,,10.7420003E-3,0.0,
,,,10.7424008E-3,0.0,
,,,10.7428003E-3,0.0,
,,,10.7432008E-3,0.0,
,,,10.7436003E-3,19.9999996E-3,
,,,10.7440008E-3,39.99999911E-3,
,,,10.7444003E-3,0.0,
,,,10.7448008E-3,-19.9999996E-3,
,,,10.7452003E-3,0.0,
,,,10.7456008E-3,0.0,
,,,10.7460003E-3,19.9999996E-3,
,,,10.7464008E-3,0.0,
,,,10.7468003E-3,-19.9999996E-3,
,,,10.7472008E-3,-39.99999911E-3,
,,,10.7476003E-3,-19.9999996E-3,
,,,10.7480008E-3,39.99999911E-3,
,,,10.7484004E-3,0.0,
,,,10.7488008E-3,19.9999996E-3,
,,,10.7492004E-3,0.0,
,,,10.7496008E-3,19.9999996E-3,
,,,10.7500004E-3,-19.9999996E-3,
,,,10.7504008E-3,0.0,
,,,10.7508004E-3,0.0,
,,,10.7512008E-3,-19.9999996E-3,
,,,10.7516004E-3,-19.9999996E-3,
,,,10.7520008E-3,-19.9999996E-3,
,,,10.7524004E-3,-19.9999996E-3,
,,,10.7528009E-3,0.0,
,,,10.7532004E-3,19.9999996E-3,
,,,10.7536009E-3,0.0,
,,,10.7540004E-3,0.0,
,,,10.7544009E-3,-19.9999996E-3,
,,,10.7548004E-3,0.0,
,,,10.7552009E-3,39.99999911E-3,
,,,10.7556004E-3,0.0,
,,,10.7560009E-3,0.0,
,,,10.7564004E-3,-39.99999911E-3,
,,,10.7568009E-3,-19.9999996E-3,
,,,10.7572004E-3,-19.9999996E-3,
,,,10.7576009E-3,19.9999996E-3,
,,,10.7580004E-3,-19.9999996E-3,
,,,10.7584009E-3,-39.99999911E-3,
,,,10.7588004E-3,-19.9999996E-3,
,,,10.7592009E-3,-19.9999996E-3,
,,,10.7596004E-3,19.9999996E-3,
,,,10.7600009E-3,-39.99999911E-3,
,,,10.7604004E-3,-19.9999996E-3,
,,,10.7608009E-3,19.9999996E-3,
,,,10.7612005E-3,-19.9999996E-3,
,,,10.7616009E-3,0.0,
,,,10.7620005E-3,-19.9999996E-3,
,,,10.7624009E-3,-19.9999996E-3,
,,,10.7628005E-3,39.99999911E-3,
,,,10.7632009E-3,-19.9999996E-3,
,,,10.7636005E-3,-19.9999996E-3,
,,,10.7640009E-3,0.0,
,,,10.7644005E-3,-39.99999911E-3,
,,,10.7648009E-3,19.9999996E-3,
,,,10.7652005E-3,0.0,
,,,10.7656009E-3,0.0,
,,,10.7660005E-3,-19.9999996E-3,
,,,10.7664010E-3,19.9999996E-3,
,,,10.7668005E-3,0.0,
,,,10.7672010E-3,0.0,
,,,10.7676005E-3,19.9999996E-3,
,,,10.7680010E-3,-19.9999996E-3,
,,,10.7684005E-3,-19.9999996E-3,
,,,10.7688010E-3,19.9999996E-3,
,,,10.7692005E-3,0.0,
,,,10.7696010E-3,0.0,
,,,10.7700005E-3,-19.9999996E-3,
,,,10.7704010E-3,0.0,
,,,10.7708005E-3,0.0,
,,,10.7712010E-3,-19.9999996E-3,
,,,10.7716005E-3,-19.9999996E-3,
,,,10.7720010E-3,0.0,
,,,10.7724005E-3,0.0,
,,,10.7728010E-3,0.0,
,,,10.7732005E-3,-19.9999996E-3,
,,,10.7736010E-3,-19.9999996E-3,
,,,10.7740005E-3,-19.9999996E-3,
,,,10.7744010E-3,0.0,
,,,10.7748006E-3,39.99999911E-3,
,,,10.7752010E-3,-39.99999911E-3,
,,,10.7756006E-3,-39.99999911E-3,
,,,10.7760010E-3,19.9999996E-3,
,,,10.7764006E-3,-19.9999996E-3,
,,,10.7768010E-3,39.99999911E-3,
,,,10.7772006E-3,-19.9999996E-3,
,,,10.7776010E-3,-19.9999996E-3,
,,,10.7780006E-3,19.9999996E-3,
,,,10.7784010E-3,0.0,
,,,10.7788006E-3,-19.9999996E-3,
,,,10.7792011E-3,19.9999996E-3,
,,,10.7796006E-3,-19.9999996E-3,
,,,10.7800011E-3,-19.9999996E-3,
,,,10.7804006E-3,19.9999996E-3,
,,,10.7808011E-3,0.0,
,,,10.7812006E-3,0.0,
,,,10.7816011E-3,19.9999996E-3,
,,,10.7820006E-3,-19.9999996E-3,
,,,10.7824011E-3,0.0,
,,,10.7828006E-3,0.0,
,,,10.7832011E-3,-19.9999996E-3,
,,,10.7836006E-3,0.0,
,,,10.7840011E-3,-19.9999996E-3,
,,,10.7844006E-3,0.0,
,,,10.7848002E-3,19.9999996E-3,
,,,10.7852006E-3,0.0,
,,,10.7856002E-3,-39.99999911E-3,
,,,10.7860006E-3,19.9999996E-3,
,,,10.7864002E-3,19.9999996E-3,
,,,10.7868006E-3,0.0,
,,,10.7872002E-3,0.0,
,,,10.7876007E-3,0.0,
,,,10.7880002E-3,-39.99999911E-3,
,,,10.7884007E-3,0.0,
,,,10.7888002E-3,0.0,
,,,10.7892007E-3,-19.9999996E-3,
,,,10.7896002E-3,-39.99999911E-3,
,,,10.7900007E-3,0.0,
,,,10.7904002E-3,-39.99999911E-3,
,,,10.7908007E-3,0.0,
,,,10.7912002E-3,-19.9999996E-3,
,,,10.7916007E-3,0.0,
,,,10.7920002E-3,-19.9999996E-3,
,,,10.7924007E-3,0.0,
,,,10.7928002E-3,0.0,
,,,10.7932007E-3,-19.9999996E-3,
,,,10.7936002E-3,19.9999996E-3,
,,,10.7940007E-3,0.0,
,,,10.7944002E-3,0.0,
,,,10.7948007E-3,0.0,
,,,10.7952002E-3,0.0,
,,,10.7956007E-3,-19.9999996E-3,
,,,10.7960002E-3,0.0,
,,,10.7964007E-3,19.9999996E-3,
,,,10.7968003E-3,-39.99999911E-3,
,,,10.7972007E-3,0.0,
,,,10.7976003E-3,-19.9999996E-3,
,,,10.7980007E-3,0.0,
,,,10.7984003E-3,19.9999996E-3,
,,,10.7988007E-3,0.0,
,,,10.7992003E-3,0.0,
,,,10.7996007E-3,-19.9999996E-3,
,,,10.8000003E-3,-39.99999911E-3,
,,,10.8004007E-3,19.9999996E-3,
,,,10.8008003E-3,39.99999911E-3,
,,,10.8012008E-3,-19.9999996E-3,
,,,10.8016003E-3,-19.9999996E-3,
,,,10.8020008E-3,-19.9999996E-3,
,,,10.8024003E-3,-39.99999911E-3,
,,,10.8028008E-3,-19.9999996E-3,
,,,10.8032003E-3,0.0,
,,,10.8036008E-3,0.0,
,,,10.8040003E-3,-39.99999911E-3,
,,,10.8044008E-3,19.9999996E-3,
,,,10.8048003E-3,-39.99999911E-3,
,,,10.8052008E-3,39.99999911E-3,
,,,10.8056003E-3,-19.9999996E-3,
,,,10.8060008E-3,19.9999996E-3,
,,,10.8064003E-3,19.9999996E-3,
,,,10.8068008E-3,-39.99999911E-3,
,,,10.8072003E-3,-19.9999996E-3,
,,,10.8076008E-3,0.0,
,,,10.8080003E-3,0.0,
,,,10.8084008E-3,0.0,
,,,10.8088003E-3,-19.9999996E-3,
,,,10.8092008E-3,-19.9999996E-3,
,,,10.8096004E-3,19.9999996E-3,
,,,10.8100008E-3,0.0,
,,,10.8104004E-3,0.0,
,,,10.8108008E-3,-19.9999996E-3,
,,,10.8112004E-3,0.0,
,,,10.8116008E-3,0.0,
,,,10.8120004E-3,0.0,
,,,10.8124008E-3,19.9999996E-3,
,,,10.8128004E-3,-39.99999911E-3,
,,,10.8132008E-3,0.0,
,,,10.8136004E-3,0.0,
,,,10.8140009E-3,-19.9999996E-3,
,,,10.8144004E-3,0.0,
,,,10.8148009E-3,-19.9999996E-3,
,,,10.8152004E-3,0.0,
,,,10.8156009E-3,-19.9999996E-3,
,,,10.8160004E-3,-19.9999996E-3,
,,,10.8164009E-3,-19.9999996E-3,
,,,10.8168004E-3,-59.999998659E-3,
,,,10.8172009E-3,0.0,
,,,10.8176004E-3,0.0,
,,,10.8180009E-3,-19.9999996E-3,
,,,10.8184004E-3,0.0,
,,,10.8188009E-3,-39.99999911E-3,
,,,10.8192004E-3,-39.99999911E-3,
,,,10.8196009E-3,0.0,
,,,10.8200004E-3,19.9999996E-3,
,,,10.8204009E-3,-19.9999996E-3,
,,,10.8208004E-3,-19.9999996E-3,
,,,10.8212009E-3,-19.9999996E-3,
,,,10.8216004E-3,-19.9999996E-3,
,,,10.8220009E-3,0.0,
,,,10.8224005E-3,19.9999996E-3,
,,,10.8228009E-3,-39.99999911E-3,
,,,10.8232005E-3,19.9999996E-3,
,,,10.8236009E-3,-19.9999996E-3,
,,,10.8240005E-3,-19.9999996E-3,
,,,10.8244009E-3,-39.99999911E-3,
,,,10.8248005E-3,-19.9999996E-3,
,,,10.8252009E-3,0.0,
,,,10.8256005E-3,0.0,
,,,10.8260009E-3,-19.9999996E-3,
,,,10.8264005E-3,-19.9999996E-3,
,,,10.8268009E-3,0.0,
,,,10.8272005E-3,0.0,
,,,10.8276010E-3,0.0,
,,,10.8280005E-3,0.0,
,,,10.8284010E-3,-39.99999911E-3,
,,,10.8288005E-3,0.0,
,,,10.8292010E-3,19.9999996E-3,
,,,10.8296005E-3,0.0,
,,,10.8300010E-3,-19.9999996E-3,
,,,10.8304005E-3,-19.9999996E-3,
,,,10.8308010E-3,-19.9999996E-3,
,,,10.8312005E-3,0.0,
,,,10.8316010E-3,19.9999996E-3,
,,,10.8320005E-3,0.0,
,,,10.8324010E-3,-19.9999996E-3,
,,,10.8328005E-3,0.0,
,,,10.8332010E-3,-19.9999996E-3,
,,,10.8336005E-3,-19.9999996E-3,
,,,10.8340010E-3,-19.9999996E-3,
,,,10.8344005E-3,0.0,
,,,10.8348010E-3,-19.9999996E-3,
,,,10.8352005E-3,-39.99999911E-3,
,,,10.8356010E-3,0.0,
,,,10.8360006E-3,19.9999996E-3,
,,,10.8364010E-3,0.0,
,,,10.8368006E-3,0.0,
,,,10.8372010E-3,19.9999996E-3,
,,,10.8376006E-3,-19.9999996E-3,
,,,10.8380010E-3,0.0,
,,,10.8384006E-3,-39.99999911E-3,
,,,10.8388010E-3,19.9999996E-3,
,,,10.8392006E-3,0.0,
,,,10.8396010E-3,0.0,
,,,10.8400006E-3,-19.9999996E-3,
,,,10.8404011E-3,-19.9999996E-3,
,,,10.8408006E-3,0.0,
,,,10.8412011E-3,19.9999996E-3,
,,,10.8416006E-3,0.0,
,,,10.8420011E-3,0.0,
,,,10.8424006E-3,-39.99999911E-3,
,,,10.8428011E-3,0.0,
,,,10.8432006E-3,19.9999996E-3,
,,,10.8436011E-3,0.0,
,,,10.8440006E-3,-19.9999996E-3,
,,,10.8444011E-3,0.0,
,,,10.8448006E-3,19.9999996E-3,
,,,10.8452011E-3,-19.9999996E-3,
,,,10.8456006E-3,39.99999911E-3,
,,,10.8460002E-3,-39.99999911E-3,
,,,10.8464006E-3,-39.99999911E-3,
,,,10.8468002E-3,0.0,
,,,10.8472006E-3,0.0,
,,,10.8476002E-3,-19.9999996E-3,
,,,10.8480006E-3,0.0,
,,,10.8484002E-3,19.9999996E-3,
,,,10.8488007E-3,0.0,
,,,10.8492002E-3,0.0,
,,,10.8496007E-3,19.9999996E-3,
,,,10.8500002E-3,-19.9999996E-3,
,,,10.8504007E-3,0.0,
,,,10.8508002E-3,39.99999911E-3,
,,,10.8512007E-3,0.0,
,,,10.8516002E-3,0.0,
,,,10.8520007E-3,0.0,
,,,10.8524002E-3,-39.99999911E-3,
,,,10.8528007E-3,0.0,
,,,10.8532002E-3,-39.99999911E-3,
,,,10.8536007E-3,0.0,
,,,10.8540002E-3,-19.9999996E-3,
,,,10.8544007E-3,-39.99999911E-3,
,,,10.8548002E-3,19.9999996E-3,
,,,10.8552007E-3,0.0,
,,,10.8556002E-3,19.9999996E-3,
,,,10.8560007E-3,-19.9999996E-3,
,,,10.8564002E-3,-19.9999996E-3,
,,,10.8568007E-3,0.0,
,,,10.8572003E-3,0.0,
,,,10.8576007E-3,0.0,
,,,10.8580003E-3,-19.9999996E-3,
,,,10.8584007E-3,-39.99999911E-3,
,,,10.8588003E-3,-19.9999996E-3,
,,,10.8592007E-3,19.9999996E-3,
,,,10.8596003E-3,19.9999996E-3,
,,,10.8600007E-3,19.9999996E-3,
,,,10.8604003E-3,-19.9999996E-3,
,,,10.8608007E-3,-19.9999996E-3,
,,,10.8612003E-3,0.0,
,,,10.8616007E-3,-19.9999996E-3,
,,,10.8620003E-3,0.0,
,,,10.8624008E-3,-19.9999996E-3,
,,,10.8628003E-3,19.9999996E-3,
,,,10.8632008E-3,0.0,
,,,10.8636003E-3,-19.9999996E-3,
,,,10.8640008E-3,0.0,
,,,10.8644003E-3,0.0,
,,,10.8648008E-3,19.9999996E-3,
,,,10.8652003E-3,0.0,
,,,10.8656008E-3,-19.9999996E-3,
,,,10.8660003E-3,0.0,
,,,10.8664008E-3,-19.9999996E-3,
,,,10.8668003E-3,19.9999996E-3,
,,,10.8672008E-3,0.0,
,,,10.8676003E-3,-39.99999911E-3,
,,,10.8680008E-3,0.0,
,,,10.8684003E-3,0.0,
,,,10.8688008E-3,19.9999996E-3,
,,,10.8692003E-3,19.9999996E-3,
,,,10.8696008E-3,-39.99999911E-3,
,,,10.8700003E-3,-19.9999996E-3,
,,,10.8704008E-3,-19.9999996E-3,
,,,10.8708004E-3,19.9999996E-3,
,,,10.8712008E-3,0.0,
,,,10.8716004E-3,0.0,
,,,10.8720008E-3,0.0,
,,,10.8724004E-3,0.0,
,,,10.8728008E-3,0.0,
,,,10.8732004E-3,-19.9999996E-3,
,,,10.8736008E-3,19.9999996E-3,
,,,10.8740004E-3,0.0,
,,,10.8744008E-3,0.0,
,,,10.8748004E-3,0.0,
,,,10.8752009E-3,-39.99999911E-3,
,,,10.8756004E-3,-19.9999996E-3,
,,,10.8760009E-3,19.9999996E-3,
,,,10.8764004E-3,0.0,
,,,10.8768009E-3,19.9999996E-3,
,,,10.8772004E-3,0.0,
,,,10.8776009E-3,-19.9999996E-3,
,,,10.8780004E-3,-19.9999996E-3,
,,,10.8784009E-3,39.99999911E-3,
,,,10.8788004E-3,-19.9999996E-3,
,,,10.8792009E-3,-19.9999996E-3,
,,,10.8796004E-3,0.0,
,,,10.8800009E-3,-19.9999996E-3,
,,,10.8804004E-3,19.9999996E-3,
,,,10.8808009E-3,19.9999996E-3,
,,,10.8812004E-3,-39.99999911E-3,
,,,10.8816009E-3,0.0,
,,,10.8820004E-3,0.0,
,,,10.8824009E-3,-19.9999996E-3,
,,,10.8828004E-3,39.99999911E-3,
,,,10.8832009E-3,-19.9999996E-3,
,,,10.8836005E-3,-19.9999996E-3,
,,,10.8840009E-3,-19.9999996E-3,
,,,10.8844005E-3,0.0,
,,,10.8848009E-3,-19.9999996E-3,
,,,10.8852005E-3,19.9999996E-3,
,,,10.8856009E-3,0.0,
,,,10.8860005E-3,0.0,
,,,10.8864009E-3,0.0,
,,,10.8868005E-3,-39.99999911E-3,
,,,10.8872009E-3,-19.9999996E-3,
,,,10.8876005E-3,19.9999996E-3,
,,,10.8880010E-3,-19.9999996E-3,
,,,10.8884005E-3,39.99999911E-3,
,,,10.8888010E-3,0.0,
,,,10.8892005E-3,-39.99999911E-3,
,,,10.8896010E-3,-19.9999996E-3,
,,,10.8900005E-3,0.0,
,,,10.8904010E-3,0.0,
,,,10.8908005E-3,0.0,
,,,10.8912010E-3,-19.9999996E-3,
,,,10.8916005E-3,0.0,
,,,10.8920010E-3,19.9999996E-3,
,,,10.8924005E-3,0.0,
,,,10.8928010E-3,19.9999996E-3,
,,,10.8932005E-3,0.0,
,,,10.8936010E-3,-19.9999996E-3,
,,,10.8940005E-3,-39.99999911E-3,
,,,10.8944010E-3,19.9999996E-3,
,,,10.8948005E-3,-19.9999996E-3,
,,,10.8952010E-3,0.0,
,,,10.8956005E-3,0.0,
,,,10.8960010E-3,-19.9999996E-3,
,,,10.8964005E-3,19.9999996E-3,
,,,10.8968010E-3,-39.99999911E-3,
,,,10.8972006E-3,-19.9999996E-3,
,,,10.8976010E-3,0.0,
,,,10.8980006E-3,0.0,
,,,10.8984010E-3,0.0,
,,,10.8988006E-3,0.0,
,,,10.8992010E-3,0.0,
,,,10.8996006E-3,19.9999996E-3,
,,,10.9000010E-3,19.9999996E-3,
,,,10.9004006E-3,0.0,
,,,10.9008010E-3,-19.9999996E-3,
,,,10.9012006E-3,0.0,
,,,10.9016011E-3,19.9999996E-3,
,,,10.9020006E-3,0.0,
,,,10.9024011E-3,19.9999996E-3,
,,,10.9028006E-3,-59.999998659E-3,
,,,10.9032011E-3,0.0,
,,,10.9036006E-3,19.9999996E-3,
,,,10.9040011E-3,-19.9999996E-3,
,,,10.9044006E-3,0.0,
,,,10.9048011E-3,-19.9999996E-3,
,,,10.9052006E-3,0.0,
,,,10.9056011E-3,19.9999996E-3,
,,,10.9060006E-3,-19.9999996E-3,
,,,10.9064011E-3,19.9999996E-3,
,,,10.9068006E-3,-19.9999996E-3,
,,,10.9072002E-3,-19.9999996E-3,
,,,10.9076006E-3,-19.9999996E-3,
,,,10.9080002E-3,0.0,
,,,10.9084006E-3,0.0,
,,,10.9088002E-3,0.0,
,,,10.9092006E-3,0.0,
,,,10.9096002E-3,-19.9999996E-3,
,,,10.9100007E-3,0.0,
,,,10.9104002E-3,-19.9999996E-3,
,,,10.9108007E-3,0.0,
,,,10.9112002E-3,-19.9999996E-3,
,,,10.9116007E-3,-39.99999911E-3,
,,,10.9120002E-3,-19.9999996E-3,
,,,10.9124007E-3,0.0,
,,,10.9128002E-3,0.0,
,,,10.9132007E-3,-39.99999911E-3,
,,,10.9136002E-3,19.9999996E-3,
,,,10.9140007E-3,-19.9999996E-3,
,,,10.9144002E-3,0.0,
,,,10.9148007E-3,0.0,
,,,10.9152002E-3,-19.9999996E-3,
,,,10.9156007E-3,0.0,
,,,10.9160002E-3,-19.9999996E-3,
,,,10.9164007E-3,-19.9999996E-3,
,,,10.9168002E-3,19.9999996E-3,
,,,10.9172007E-3,-19.9999996E-3,
,,,10.9176002E-3,-19.9999996E-3,
,,,10.9180007E-3,39.99999911E-3,
,,,10.9184003E-3,-19.9999996E-3,
,,,10.9188007E-3,0.0,
,,,10.9192003E-3,0.0,
,,,10.9196007E-3,-19.9999996E-3,
,,,10.9200003E-3,0.0,
,,,10.9204007E-3,-39.99999911E-3,
,,,10.9208003E-3,-39.99999911E-3,
,,,10.9212007E-3,19.9999996E-3,
,,,10.9216003E-3,0.0,
,,,10.9220007E-3,-19.9999996E-3,
,,,10.9224003E-3,-19.9999996E-3,
,,,10.9228007E-3,-39.99999911E-3,
,,,10.9232003E-3,19.9999996E-3,
,,,10.9236008E-3,19.9999996E-3,
,,,10.9240003E-3,0.0,
,,,10.9244008E-3,-39.99999911E-3,
,,,10.9248003E-3,-39.99999911E-3,
,,,10.9252008E-3,-39.99999911E-3,
,,,10.9256003E-3,19.9999996E-3,
,,,10.9260008E-3,0.0,
,,,10.9264003E-3,19.9999996E-3,
,,,10.9268008E-3,0.0,
,,,10.9272003E-3,0.0,
,,,10.9276008E-3,0.0,
,,,10.9280003E-3,0.0,
,,,10.9284008E-3,0.0,
,,,10.9288003E-3,-19.9999996E-3,
,,,10.9292008E-3,-19.9999996E-3,
,,,10.9296003E-3,0.0,
,,,10.9300008E-3,-19.9999996E-3,
,,,10.9304003E-3,19.9999996E-3,
,,,10.9308008E-3,0.0,
,,,10.9312003E-3,19.9999996E-3,
,,,10.9316008E-3,-19.9999996E-3,
,,,10.9320004E-3,0.0,
,,,10.9324008E-3,-39.99999911E-3,
,,,10.9328004E-3,0.0,
,,,10.9332008E-3,0.0,
,,,10.9336004E-3,-19.9999996E-3,
,,,10.9340008E-3,-19.9999996E-3,
,,,10.9344004E-3,-19.9999996E-3,
,,,10.9348008E-3,0.0,
,,,10.9352004E-3,0.0,
,,,10.9356008E-3,0.0,
,,,10.9360004E-3,0.0,
,,,10.9364009E-3,-19.9999996E-3,
,,,10.9368004E-3,19.9999996E-3,
,,,10.9372009E-3,0.0,
,,,10.9376004E-3,0.0,
,,,10.9380009E-3,0.0,
,,,10.9384004E-3,-39.99999911E-3,
,,,10.9388009E-3,0.0,
,,,10.9392004E-3,0.0,
,,,10.9396009E-3,0.0,
,,,10.9400004E-3,19.9999996E-3,
,,,10.9404009E-3,0.0,
,,,10.9408004E-3,0.0,
,,,10.9412009E-3,0.0,
,,,10.9416004E-3,0.0,
,,,10.9420009E-3,19.9999996E-3,
,,,10.9424004E-3,-19.9999996E-3,
,,,10.9428009E-3,0.0,
,,,10.9432004E-3,-19.9999996E-3,
,,,10.9436009E-3,-19.9999996E-3,
,,,10.9440004E-3,0.0,
,,,10.9444009E-3,-19.9999996E-3,
,,,10.9448005E-3,-19.9999996E-3,
,,,10.9452009E-3,0.0,
,,,10.9456005E-3,-39.99999911E-3,
,,,10.9460009E-3,19.9999996E-3,
,,,10.9464005E-3,0.0,
,,,10.9468009E-3,0.0,
,,,10.9472005E-3,-39.99999911E-3,
,,,10.9476009E-3,-19.9999996E-3,
,,,10.9480005E-3,0.0,
,,,10.9484009E-3,0.0,
,,,10.9488005E-3,-19.9999996E-3,
,,,10.9492010E-3,19.9999996E-3,
,,,10.9496005E-3,0.0,
,,,10.9500010E-3,-39.99999911E-3,
,,,10.9504005E-3,0.0,
,,,10.9508010E-3,-19.9999996E-3,
,,,10.9512005E-3,0.0,
,,,10.9516010E-3,0.0,
,,,10.9520005E-3,0.0,
,,,10.9524010E-3,-19.9999996E-3,
,,,10.9528005E-3,0.0,
,,,10.9532010E-3,19.9999996E-3,
,,,10.9536005E-3,0.0,
,,,10.9540010E-3,19.9999996E-3,
,,,10.9544005E-3,0.0,
,,,10.9548010E-3,0.0,
,,,10.9552005E-3,-19.9999996E-3,
,,,10.9556010E-3,-19.9999996E-3,
,,,10.9560005E-3,-59.999998659E-3,
,,,10.9564010E-3,0.0,
,,,10.9568005E-3,-19.9999996E-3,
,,,10.9572010E-3,-19.9999996E-3,
,,,10.9576005E-3,19.9999996E-3,
,,,10.9580010E-3,0.0,
,,,10.9584006E-3,0.0,
,,,10.9588010E-3,0.0,
,,,10.9592006E-3,-19.9999996E-3,
,,,10.9596010E-3,-19.9999996E-3,
,,,10.9600006E-3,-39.99999911E-3,
,,,10.9604010E-3,0.0,
,,,10.9608006E-3,19.9999996E-3,
,,,10.9612010E-3,-19.9999996E-3,
,,,10.9616006E-3,-19.9999996E-3,
,,,10.9620010E-3,0.0,
,,,10.9624006E-3,0.0,
,,,10.9628011E-3,0.0,
,,,10.9632006E-3,-19.9999996E-3,
,,,10.9636011E-3,0.0,
,,,10.9640006E-3,-19.9999996E-3,
,,,10.9644011E-3,0.0,
,,,10.9648006E-3,0.0,
,,,10.9652011E-3,-39.99999911E-3,
,,,10.9656006E-3,0.0,
,,,10.9660011E-3,0.0,
,,,10.9664006E-3,0.0,
,,,10.9668011E-3,0.0,
,,,10.9672006E-3,-39.99999911E-3,
,,,10.9676011E-3,0.0,
,,,10.9680006E-3,19.9999996E-3,
,,,10.9684002E-3,0.0,
,,,10.9688006E-3,19.9999996E-3,
,,,10.9692002E-3,0.0,
,,,10.9696006E-3,-19.9999996E-3,
,,,10.9700002E-3,0.0,
,,,10.9704006E-3,-19.9999996E-3,
,,,10.9708002E-3,0.0,
,,,10.9712007E-3,0.0,
,,,10.9716002E-3,0.0,
,,,10.9720007E-3,-39.99999911E-3,
,,,10.9724002E-3,19.9999996E-3,
,,,10.9728007E-3,0.0,
,,,10.9732002E-3,-19.9999996E-3,
,,,10.9736007E-3,0.0,
,,,10.9740002E-3,-19.9999996E-3,
,,,10.9744007E-3,0.0,
,,,10.9748002E-3,0.0,
,,,10.9752007E-3,0.0,
,,,10.9756002E-3,0.0,
,,,10.9760007E-3,0.0,
,,,10.9764002E-3,0.0,
,,,10.9768007E-3,0.0,
,,,10.9772002E-3,0.0,
,,,10.9776007E-3,0.0,
,,,10.9780002E-3,-19.9999996E-3,
,,,10.9784007E-3,19.9999996E-3,
,,,10.9788002E-3,-19.9999996E-3,
,,,10.9792007E-3,-19.9999996E-3,
,,,10.9796003E-3,-19.9999996E-3,
,,,10.9800007E-3,-19.9999996E-3,
,,,10.9804003E-3,19.9999996E-3,
,,,10.9808007E-3,-19.9999996E-3,
,,,10.9812003E-3,-19.9999996E-3,
,,,10.9816007E-3,-19.9999996E-3,
,,,10.9820003E-3,-39.99999911E-3,
,,,10.9824007E-3,0.0,
,,,10.9828003E-3,0.0,
,,,10.9832007E-3,0.0,
,,,10.9836003E-3,-19.9999996E-3,
,,,10.9840007E-3,0.0,
,,,10.9844003E-3,19.9999996E-3,
,,,10.9848008E-3,0.0,
,,,10.9852003E-3,0.0,
,,,10.9856008E-3,0.0,
,,,10.9860003E-3,0.0,
,,,10.9864008E-3,0.0,
,,,10.9868003E-3,-19.9999996E-3,
,,,10.9872008E-3,-19.9999996E-3,
,,,10.9876003E-3,0.0,
