Record Length,2500,Points,-53.99999768E-3,0.0,
Sample Interval,39.99999899E-6,s,-53.95999923E-3,0.0,
Trigger Point,1.3500000E3,Samples,-53.91999707E-3,0.0,
,,,-53.87999862E-3,0.0,
,,,-53.83999646E-3,0.0,
,,,-53.79999802E-3,0.0,
Source,CH1,,-53.75999585E-3,0.0,
Vertical Units,Volts,,-53.71999741E-3,0.0,
Vertical Scale,2.0000000,,-53.67999896E-3,-79.999998212E-3,
Vertical Offset,0,,-53.63999680E-3,-79.999998212E-3,
Horizontal Units,s,,-53.59999835E-3,-79.999998212E-3,
Horizontal Scale,9.999999747E-3,,-53.55999619E-3,0.0,
Pt Fmt,Y,,-53.51999775E-3,-79.999998212E-3,
Yzero,0.0,,-53.47999930E-3,-79.999998212E-3,
Probe Atten,1.000000,,-53.43999714E-3,-79.999998212E-3,
,,,-53.39999869E-3,-79.999998212E-3,
Note,TBS 1052B-EDU - 12:35:31 p.m.   05/02/2016,,-53.35999653E-3,-79.999998212E-3,
,,,-53.31999809E-3,-79.999998212E-3,
,,,-53.27999592E-3,-79.999998212E-3,
,,,-53.23999748E-3,-79.999998212E-3,
,,,-53.19999903E-3,-79.999998212E-3,
,,,-53.15999687E-3,-79.999998212E-3,
,,,-53.11999843E-3,-159.99999642E-3,
,,,-53.07999626E-3,-79.999998212E-3,
,,,-53.03999782E-3,-159.99999642E-3,
,,,-52.99999937E-3,-159.99999642E-3,
,,,-52.95999721E-3,-79.999998212E-3,
,,,-52.91999876E-3,-79.999998212E-3,
,,,-52.87999660E-3,-79.999998212E-3,
,,,-52.83999816E-3,-159.99999642E-3,
,,,-52.79999599E-3,-159.99999642E-3,
,,,-52.75999755E-3,-79.999998212E-3,
,,,-52.71999910E-3,-79.999998212E-3,
,,,-52.67999694E-3,-159.99999642E-3,
,,,-52.63999850E-3,-159.99999642E-3,
,,,-52.59999633E-3,-79.999998212E-3,
,,,-52.55999789E-3,-159.99999642E-3,
,,,-52.51999944E-3,-79.999998212E-3,
,,,-52.47999728E-3,-159.99999642E-3,
,,,-52.43999884E-3,-159.99999642E-3,
,,,-52.39999667E-3,-159.99999642E-3,
,,,-52.35999823E-3,-159.99999642E-3,
,,,-52.31999606E-3,-159.99999642E-3,
,,,-52.27999762E-3,-159.99999642E-3,
,,,-52.23999918E-3,-159.99999642E-3,
,,,-52.19999701E-3,-79.999998212E-3,
,,,-52.15999857E-3,-159.99999642E-3,
,,,-52.11999640E-3,-159.99999642E-3,
,,,-52.07999796E-3,-159.99999642E-3,
,,,-52.03999951E-3,-159.99999642E-3,
,,,-51.99999735E-3,-159.99999642E-3,
,,,-51.95999891E-3,-159.99999642E-3,
,,,-51.91999674E-3,-159.99999642E-3,
,,,-51.87999830E-3,-159.99999642E-3,
,,,-51.83999613E-3,-79.999998212E-3,
,,,-51.79999769E-3,-159.99999642E-3,
,,,-51.75999925E-3,-159.99999642E-3,
,,,-51.71999708E-3,-159.99999642E-3,
,,,-51.67999864E-3,-159.99999642E-3,
,,,-51.63999647E-3,-159.99999642E-3,
,,,-51.59999803E-3,-159.99999642E-3,
,,,-51.55999959E-3,-159.99999642E-3,
,,,-51.51999742E-3,-159.99999642E-3,
,,,-51.47999898E-3,-79.999998212E-3,
,,,-51.43999681E-3,-159.99999642E-3,
,,,-51.39999837E-3,-159.99999642E-3,
,,,-51.35999620E-3,-159.99999642E-3,
,,,-51.31999776E-3,-159.99999642E-3,
,,,-51.27999932E-3,-159.99999642E-3,
,,,-51.23999715E-3,-159.99999642E-3,
,,,-51.19999871E-3,-159.99999642E-3,
,,,-51.15999654E-3,-159.99999642E-3,
,,,-51.11999810E-3,-159.99999642E-3,
,,,-51.07999593E-3,-79.999998212E-3,
,,,-51.03999749E-3,-239.99999464E-3,
,,,-50.99999905E-3,-159.99999642E-3,
,,,-50.95999688E-3,-159.99999642E-3,
,,,-50.91999844E-3,-159.99999642E-3,
,,,-50.87999627E-3,-159.99999642E-3,
,,,-50.83999783E-3,-159.99999642E-3,
,,,-50.79999939E-3,-159.99999642E-3,
,,,-50.75999722E-3,-239.99999464E-3,
,,,-50.71999878E-3,-159.99999642E-3,
,,,-50.67999661E-3,-159.99999642E-3,
,,,-50.63999817E-3,-159.99999642E-3,
,,,-50.59999600E-3,-159.99999642E-3,
,,,-50.55999756E-3,-159.99999642E-3,
,,,-50.51999912E-3,-159.99999642E-3,
,,,-50.47999695E-3,-159.99999642E-3,
,,,-50.43999851E-3,-239.99999464E-3,
,,,-50.39999634E-3,-159.99999642E-3,
,,,-50.35999790E-3,-159.99999642E-3,
,,,-50.31999946E-3,-159.99999642E-3,
,,,-50.27999729E-3,-159.99999642E-3,
,,,-50.23999885E-3,-79.999998212E-3,
,,,-50.19999668E-3,239.99999464E-3,
,,,-50.15999824E-3,479.999989271E-3,
,,,-50.11999607E-3,719.999969006E-3,
,,,-50.07999763E-3,1.0400000,
,,,-50.03999919E-3,1.2800000,
,,,-49.99999702E-3,1.5200000,
,,,-49.95999858E-3,1.7600000,
,,,-49.91999641E-3,2.0000000,
,,,-49.87999797E-3,2.1599998,
,,,-49.83999953E-3,2.2400000,
,,,-49.79999736E-3,2.4800000,
,,,-49.75999892E-3,2.6399999,
,,,-49.71999675E-3,2.79999995,
,,,-49.67999831E-3,2.96000004,
,,,-49.63999614E-3,3.11999989,
,,,-49.59999770E-3,3.19999981,
,,,-49.55999926E-3,3.35999990,
,,,-49.51999709E-3,3.43999982,
,,,-49.47999865E-3,3.51999998,
,,,-49.43999648E-3,3.67999983,
,,,-49.39999804E-3,3.83999991,
,,,-49.35999960E-3,3.83999991,
,,,-49.31999743E-3,4.00000000,
,,,-49.27999899E-3,4.00000000,
,,,-49.23999682E-3,4.15999985,
,,,-49.19999838E-3,4.23999977,
,,,-49.15999621E-3,4.31999969,
,,,-49.11999777E-3,4.40000010,
,,,-49.07999933E-3,4.40000010,
,,,-49.03999716E-3,4.48000002,
,,,-48.99999872E-3,4.55999994,
,,,-48.95999655E-3,4.63999987,
,,,-48.91999811E-3,4.63999987,
,,,-48.87999594E-3,4.71999979,
,,,-48.83999750E-3,4.79999971,
,,,-48.79999906E-3,4.88000011,
,,,-48.75999689E-3,4.88000011,
,,,-48.71999845E-3,4.88000011,
,,,-48.67999628E-3,4.96000004,
,,,-48.63999784E-3,4.96000004,
,,,-48.59999940E-3,4.96000004,
,,,-48.55999723E-3,5.03999996,
,,,-48.51999879E-3,5.11999989,
,,,-48.47999662E-3,5.11999989,
,,,-48.43999818E-3,5.19999981,
,,,-48.39999601E-3,5.19999981,
,,,-48.35999757E-3,5.19999981,
,,,-48.31999913E-3,5.27999973,
,,,-48.27999696E-3,5.19999981,
,,,-48.23999852E-3,5.27999973,
,,,-48.19999635E-3,5.27999973,
,,,-48.15999791E-3,5.35999966,
,,,-48.11999947E-3,5.35999966,
,,,-48.07999730E-3,5.35999966,
,,,-48.03999886E-3,5.44000006,
,,,-47.99999669E-3,5.35999966,
,,,-47.95999825E-3,5.44000006,
,,,-47.91999608E-3,5.44000006,
,,,-47.87999764E-3,5.44000006,
,,,-47.83999920E-3,5.44000006,
,,,-47.79999703E-3,5.44000006,
,,,-47.75999859E-3,5.44000006,
,,,-47.71999642E-3,5.44000006,
,,,-47.67999798E-3,5.44000006,
,,,-47.63999954E-3,5.51999998,
,,,-47.59999737E-3,5.51999998,
,,,-47.55999893E-3,5.51999998,
,,,-47.51999676E-3,5.51999998,
,,,-47.47999832E-3,5.51999998,
,,,-47.43999615E-3,5.59999990,
,,,-47.39999771E-3,5.51999998,
,,,-47.35999927E-3,5.59999990,
,,,-47.31999710E-3,5.59999990,
,,,-47.27999866E-3,5.51999998,
,,,-47.23999649E-3,5.59999990,
,,,-47.19999805E-3,5.59999990,
,,,-47.15999961E-3,5.59999990,
,,,-47.11999744E-3,5.59999990,
,,,-47.07999900E-3,5.59999990,
,,,-47.03999683E-3,5.59999990,
,,,-46.99999839E-3,5.59999990,
,,,-46.95999622E-3,5.59999990,
,,,-46.91999778E-3,5.59999990,
,,,-46.87999934E-3,5.67999983,
,,,-46.83999717E-3,5.59999990,
,,,-46.79999873E-3,5.67999983,
,,,-46.75999656E-3,5.67999983,
,,,-46.71999812E-3,5.67999983,
,,,-46.67999968E-3,5.67999983,
,,,-46.63999751E-3,5.67999983,
,,,-46.59999907E-3,5.67999983,
,,,-46.55999690E-3,5.67999983,
,,,-46.51999846E-3,5.67999983,
,,,-46.47999629E-3,5.67999983,
,,,-46.43999785E-3,5.67999983,
,,,-46.39999941E-3,5.67999983,
,,,-46.35999724E-3,5.67999983,
,,,-46.31999880E-3,5.67999983,
,,,-46.27999663E-3,5.67999983,
,,,-46.23999819E-3,5.67999983,
,,,-46.19999602E-3,5.67999983,
,,,-46.15999758E-3,5.67999983,
,,,-46.11999914E-3,5.67999983,
,,,-46.07999697E-3,5.67999983,
,,,-46.03999853E-3,5.67999983,
,,,-45.99999636E-3,5.67999983,
,,,-45.95999792E-3,5.67999983,
,,,-45.91999948E-3,5.67999983,
,,,-45.87999731E-3,5.67999983,
,,,-45.83999887E-3,5.67999983,
,,,-45.79999670E-3,5.67999983,
,,,-45.75999826E-3,5.67999983,
,,,-45.71999609E-3,5.67999983,
,,,-45.67999765E-3,5.67999983,
,,,-45.63999921E-3,5.67999983,
,,,-45.59999704E-3,5.67999983,
,,,-45.55999860E-3,5.67999983,
,,,-45.51999643E-3,5.67999983,
,,,-45.47999799E-3,5.67999983,
,,,-45.43999955E-3,5.67999983,
,,,-45.39999738E-3,5.67999983,
,,,-45.35999894E-3,5.67999983,
,,,-45.31999677E-3,5.67999983,
,,,-45.27999833E-3,5.67999983,
,,,-45.23999617E-3,5.67999983,
,,,-45.19999772E-3,5.67999983,
,,,-45.15999928E-3,5.67999983,
,,,-45.11999711E-3,5.67999983,
,,,-45.07999867E-3,5.67999983,
,,,-45.03999650E-3,5.67999983,
,,,-44.99999806E-3,5.67999983,
,,,-44.95999962E-3,5.67999983,
,,,-44.91999745E-3,5.67999983,
,,,-44.87999901E-3,5.67999983,
,,,-44.83999684E-3,5.67999983,
,,,-44.79999840E-3,5.67999983,
,,,-44.75999624E-3,5.67999983,
,,,-44.71999779E-3,5.67999983,
,,,-44.67999935E-3,5.67999983,
,,,-44.63999718E-3,5.67999983,
,,,-44.59999874E-3,5.67999983,
,,,-44.55999658E-3,5.67999983,
,,,-44.51999813E-3,5.67999983,
,,,-44.47999969E-3,5.67999983,
,,,-44.43999752E-3,5.67999983,
,,,-44.39999908E-3,5.67999983,
,,,-44.35999691E-3,5.67999983,
,,,-44.31999847E-3,5.67999983,
,,,-44.27999631E-3,5.67999983,
,,,-44.23999786E-3,5.67999983,
,,,-44.19999942E-3,5.67999983,
,,,-44.15999725E-3,5.67999983,
,,,-44.11999881E-3,5.51999998,
,,,-44.07999665E-3,5.27999973,
,,,-44.03999820E-3,4.96000004,
,,,-43.99999976E-3,4.63999987,
,,,-43.95999759E-3,4.48000002,
,,,-43.91999915E-3,4.23999977,
,,,-43.87999699E-3,4.00000000,
,,,-43.83999854E-3,3.75999999,
,,,-43.79999638E-3,3.59999990,
,,,-43.75999793E-3,3.35999990,
,,,-43.71999949E-3,3.19999981,
,,,-43.67999732E-3,3.03999996,
,,,-43.63999888E-3,2.87999988,
,,,-43.59999672E-3,2.72000003,
,,,-43.55999827E-3,2.5599999,
,,,-43.51999611E-3,2.4800000,
,,,-43.47999766E-3,2.3199999,
,,,-43.43999922E-3,2.2400000,
,,,-43.39999706E-3,2.0799999,
,,,-43.35999861E-3,2.0000000,
,,,-43.31999645E-3,1.8399999,
,,,-43.27999800E-3,1.7600000,
,,,-43.23999956E-3,1.6799999,
,,,-43.19999740E-3,1.5999999,
,,,-43.15999895E-3,1.4399999,
,,,-43.11999679E-3,1.3600000,
,,,-43.07999834E-3,1.2800000,
,,,-43.03999618E-3,1.1999999,
,,,-42.99999774E-3,1.1200000,
,,,-42.95999929E-3,1.0400000,
,,,-42.91999713E-3,1.0400000,
,,,-42.87999868E-3,959.999978542E-3,
,,,-42.83999652E-3,879.999995232E-3,
,,,-42.79999807E-3,879.999995232E-3,
,,,-42.75999963E-3,799.999952316E-3,
,,,-42.71999747E-3,719.999969006E-3,
,,,-42.67999902E-3,719.999969006E-3,
,,,-42.63999686E-3,639.999985695E-3,
,,,-42.59999841E-3,560.000002384E-3,
,,,-42.55999625E-3,560.000002384E-3,
,,,-42.51999781E-3,560.000002384E-3,
,,,-42.47999936E-3,479.999989271E-3,
,,,-42.43999720E-3,479.999989271E-3,
,,,-42.39999875E-3,479.999989271E-3,
,,,-42.35999659E-3,399.99997616E-3,
,,,-42.31999815E-3,319.99999285E-3,
,,,-42.27999970E-3,319.99999285E-3,
,,,-42.23999754E-3,319.99999285E-3,
,,,-42.19999909E-3,319.99999285E-3,
,,,-42.15999693E-3,319.99999285E-3,
,,,-42.11999848E-3,319.99999285E-3,
,,,-42.07999632E-3,239.99999464E-3,
,,,-42.03999788E-3,239.99999464E-3,
,,,-41.99999943E-3,159.99999642E-3,
,,,-41.95999727E-3,159.99999642E-3,
,,,-41.91999882E-3,159.99999642E-3,
,,,-41.87999666E-3,79.999998212E-3,
,,,-41.83999822E-3,159.99999642E-3,
,,,-41.79999977E-3,79.999998212E-3,
,,,-41.75999761E-3,79.999998212E-3,
,,,-41.71999916E-3,79.999998212E-3,
,,,-41.67999700E-3,79.999998212E-3,
,,,-41.63999856E-3,79.999998212E-3,
,,,-41.59999639E-3,79.999998212E-3,
,,,-41.55999795E-3,79.999998212E-3,
,,,-41.51999950E-3,0.0,
,,,-41.47999734E-3,0.0,
,,,-41.43999889E-3,0.0,
,,,-41.39999673E-3,0.0,
,,,-41.35999829E-3,0.0,
,,,-41.31999984E-3,-79.999998212E-3,
,,,-41.27999768E-3,0.0,
,,,-41.23999923E-3,-79.999998212E-3,
,,,-41.19999707E-3,-79.999998212E-3,
,,,-41.15999863E-3,-79.999998212E-3,
,,,-41.11999646E-3,-79.999998212E-3,
,,,-41.07999802E-3,-79.999998212E-3,
,,,-41.03999957E-3,-79.999998212E-3,
,,,-40.99999741E-3,-79.999998212E-3,
,,,-40.95999897E-3,-79.999998212E-3,
,,,-40.91999680E-3,-79.999998212E-3,
,,,-40.87999836E-3,-79.999998212E-3,
,,,-40.83999619E-3,-79.999998212E-3,
,,,-40.79999775E-3,-79.999998212E-3,
,,,-40.75999931E-3,-79.999998212E-3,
,,,-40.71999714E-3,-79.999998212E-3,
,,,-40.67999870E-3,-79.999998212E-3,
,,,-40.63999653E-3,-79.999998212E-3,
,,,-40.59999809E-3,-79.999998212E-3,
,,,-40.55999964E-3,-159.99999642E-3,
,,,-40.51999748E-3,-79.999998212E-3,
,,,-40.47999904E-3,-159.99999642E-3,
,,,-40.43999687E-3,-79.999998212E-3,
,,,-40.39999843E-3,-79.999998212E-3,
,,,-40.35999626E-3,-159.99999642E-3,
,,,-40.31999782E-3,-159.99999642E-3,
,,,-40.27999938E-3,-159.99999642E-3,
,,,-40.23999721E-3,-159.99999642E-3,
,,,-40.19999877E-3,-159.99999642E-3,
,,,-40.15999660E-3,-79.999998212E-3,
,,,-40.11999816E-3,-159.99999642E-3,
,,,-40.07999972E-3,-159.99999642E-3,
,,,-40.03999755E-3,-159.99999642E-3,
,,,-39.99999911E-3,-159.99999642E-3,
,,,-39.95999694E-3,-159.99999642E-3,
,,,-39.91999850E-3,-159.99999642E-3,
,,,-39.87999633E-3,-159.99999642E-3,
,,,-39.83999789E-3,-159.99999642E-3,
,,,-39.79999945E-3,-79.999998212E-3,
,,,-39.75999728E-3,-159.99999642E-3,
,,,-39.71999884E-3,-159.99999642E-3,
,,,-39.67999667E-3,-159.99999642E-3,
,,,-39.63999823E-3,-159.99999642E-3,
,,,-39.59999979E-3,-159.99999642E-3,
,,,-39.55999762E-3,-159.99999642E-3,
,,,-39.51999918E-3,-159.99999642E-3,
,,,-39.47999701E-3,-159.99999642E-3,
,,,-39.43999857E-3,-159.99999642E-3,
,,,-39.39999640E-3,-159.99999642E-3,
,,,-39.35999796E-3,-159.99999642E-3,
,,,-39.31999952E-3,-159.99999642E-3,
,,,-39.27999735E-3,-159.99999642E-3,
,,,-39.23999891E-3,-159.99999642E-3,
,,,-39.19999674E-3,-159.99999642E-3,
,,,-39.15999830E-3,-159.99999642E-3,
,,,-39.11999986E-3,-159.99999642E-3,
,,,-39.07999769E-3,-159.99999642E-3,
,,,-39.03999925E-3,-159.99999642E-3,
,,,-38.99999708E-3,-159.99999642E-3,
,,,-38.95999864E-3,-159.99999642E-3,
,,,-38.91999647E-3,-159.99999642E-3,
,,,-38.87999803E-3,-159.99999642E-3,
,,,-38.83999959E-3,-159.99999642E-3,
,,,-38.79999742E-3,-159.99999642E-3,
,,,-38.75999898E-3,-159.99999642E-3,
,,,-38.71999681E-3,-239.99999464E-3,
,,,-38.67999837E-3,-159.99999642E-3,
,,,-38.63999993E-3,-159.99999642E-3,
,,,-38.59999776E-3,-159.99999642E-3,
,,,-38.55999932E-3,-159.99999642E-3,
,,,-38.51999715E-3,-159.99999642E-3,
,,,-38.47999871E-3,-159.99999642E-3,
,,,-38.43999654E-3,-159.99999642E-3,
,,,-38.39999810E-3,-159.99999642E-3,
,,,-38.35999966E-3,-159.99999642E-3,
,,,-38.31999749E-3,-159.99999642E-3,
,,,-38.27999905E-3,-159.99999642E-3,
,,,-38.23999688E-3,-159.99999642E-3,
,,,-38.19999844E-3,-159.99999642E-3,
,,,-38.15999627E-3,-159.99999642E-3,
,,,-38.11999783E-3,-159.99999642E-3,
,,,-38.07999939E-3,-79.999998212E-3,
,,,-38.03999722E-3,-159.99999642E-3,
,,,-37.99999878E-3,-159.99999642E-3,
,,,-37.95999661E-3,-159.99999642E-3,
,,,-37.91999817E-3,-159.99999642E-3,
,,,-37.87999973E-3,-159.99999642E-3,
,,,-37.83999756E-3,-159.99999642E-3,
,,,-37.79999912E-3,-159.99999642E-3,
,,,-37.75999695E-3,-159.99999642E-3,
,,,-37.71999851E-3,79.999998212E-3,
,,,-37.67999634E-3,399.99997616E-3,
,,,-37.63999790E-3,639.999985695E-3,
,,,-37.59999946E-3,959.999978542E-3,
,,,-37.55999729E-3,1.1999999,
,,,-37.51999885E-3,1.3600000,
,,,-37.47999668E-3,1.5999999,
,,,-37.43999824E-3,1.8399999,
,,,-37.39999980E-3,2.0000000,
,,,-37.35999763E-3,2.2400000,
,,,-37.31999919E-3,2.3999999,
,,,-37.27999702E-3,2.5599999,
,,,-37.23999858E-3,2.72000003,
,,,-37.19999641E-3,2.87999988,
,,,-37.15999797E-3,3.03999996,
,,,-37.11999953E-3,3.11999989,
,,,-37.07999736E-3,3.27999997,
,,,-37.03999892E-3,3.43999982,
,,,-36.99999675E-3,3.51999998,
,,,-36.95999831E-3,3.59999990,
,,,-36.91999987E-3,3.75999999,
,,,-36.87999770E-3,3.83999991,
,,,-36.83999926E-3,3.91999984,
,,,-36.79999709E-3,4.00000000,
,,,-36.75999865E-3,4.07999992,
,,,-36.71999648E-3,4.15999985,
,,,-36.67999804E-3,4.23999977,
,,,-36.63999960E-3,4.31999969,
,,,-36.59999743E-3,4.40000010,
,,,-36.55999899E-3,4.48000002,
,,,-36.51999682E-3,4.55999994,
,,,-36.47999838E-3,4.63999987,
,,,-36.43999994E-3,4.63999987,
,,,-36.39999777E-3,4.71999979,
,,,-36.35999933E-3,4.79999971,
,,,-36.31999716E-3,4.79999971,
,,,-36.27999872E-3,4.88000011,
,,,-36.23999655E-3,4.88000011,
,,,-36.19999811E-3,4.96000004,
,,,-36.15999967E-3,4.96000004,
,,,-36.11999750E-3,5.03999996,
,,,-36.07999906E-3,5.03999996,
,,,-36.03999689E-3,5.03999996,
,,,-35.99999845E-3,5.11999989,
,,,-35.95999628E-3,5.11999989,
,,,-35.91999784E-3,5.19999981,
,,,-35.87999940E-3,5.19999981,
,,,-35.83999723E-3,5.19999981,
,,,-35.79999879E-3,5.27999973,
,,,-35.75999662E-3,5.27999973,
,,,-35.71999818E-3,5.27999973,
,,,-35.67999974E-3,5.27999973,
,,,-35.63999757E-3,5.35999966,
,,,-35.59999913E-3,5.35999966,
,,,-35.55999696E-3,5.35999966,
,,,-35.51999852E-3,5.35999966,
,,,-35.47999635E-3,5.35999966,
,,,-35.43999791E-3,5.44000006,
,,,-35.39999947E-3,5.44000006,
,,,-35.35999730E-3,5.44000006,
,,,-35.31999886E-3,5.44000006,
,,,-35.27999669E-3,5.44000006,
,,,-35.23999825E-3,5.44000006,
,,,-35.19999981E-3,5.51999998,
,,,-35.15999764E-3,5.51999998,
,,,-35.11999920E-3,5.51999998,
,,,-35.07999703E-3,5.51999998,
,,,-35.03999859E-3,5.51999998,
,,,-34.99999642E-3,5.59999990,
,,,-34.95999798E-3,5.59999990,
,,,-34.91999954E-3,5.59999990,
,,,-34.87999737E-3,5.59999990,
,,,-34.83999893E-3,5.51999998,
,,,-34.79999676E-3,5.59999990,
,,,-34.75999832E-3,5.59999990,
,,,-34.71999988E-3,5.51999998,
,,,-34.67999771E-3,5.59999990,
,,,-34.63999927E-3,5.59999990,
,,,-34.59999710E-3,5.59999990,
,,,-34.55999866E-3,5.59999990,
,,,-34.51999649E-3,5.67999983,
,,,-34.47999805E-3,5.59999990,
,,,-34.43999961E-3,5.59999990,
,,,-34.39999744E-3,5.67999983,
,,,-34.35999900E-3,5.67999983,
,,,-34.31999683E-3,5.67999983,
,,,-34.27999839E-3,5.67999983,
,,,-34.23999995E-3,5.67999983,
,,,-34.19999778E-3,5.67999983,
,,,-34.15999934E-3,5.67999983,
,,,-34.11999717E-3,5.67999983,
,,,-34.07999873E-3,5.67999983,
,,,-34.03999656E-3,5.67999983,
,,,-33.99999812E-3,5.67999983,
,,,-33.95999968E-3,5.67999983,
,,,-33.91999751E-3,5.67999983,
,,,-33.87999907E-3,5.67999983,
,,,-33.83999690E-3,5.67999983,
,,,-33.79999846E-3,5.67999983,
,,,-33.76000002E-3,5.67999983,
,,,-33.71999785E-3,5.67999983,
,,,-33.67999941E-3,5.67999983,
,,,-33.63999724E-3,5.67999983,
,,,-33.59999880E-3,5.67999983,
,,,-33.55999663E-3,5.67999983,
,,,-33.51999819E-3,5.67999983,
,,,-33.47999975E-3,5.67999983,
,,,-33.43999758E-3,5.67999983,
,,,-33.39999914E-3,5.67999983,
,,,-33.35999697E-3,5.67999983,
,,,-33.31999853E-3,5.67999983,
,,,-33.27999637E-3,5.67999983,
,,,-33.23999792E-3,5.67999983,
,,,-33.19999948E-3,5.67999983,
,,,-33.15999731E-3,5.67999983,
,,,-33.11999887E-3,5.67999983,
,,,-33.07999671E-3,5.67999983,
,,,-33.03999826E-3,5.67999983,
,,,-32.99999982E-3,5.67999983,
,,,-32.95999765E-3,5.67999983,
,,,-32.91999921E-3,5.67999983,
,,,-32.87999704E-3,5.67999983,
,,,-32.83999860E-3,5.67999983,
,,,-32.79999644E-3,5.67999983,
,,,-32.75999799E-3,5.67999983,
,,,-32.71999955E-3,5.67999983,
,,,-32.67999738E-3,5.67999983,
,,,-32.63999894E-3,5.67999983,
,,,-32.59999678E-3,5.67999983,
,,,-32.55999833E-3,5.67999983,
,,,-32.51999989E-3,5.67999983,
,,,-32.47999772E-3,5.75999975,
,,,-32.43999928E-3,5.67999983,
,,,-32.39999712E-3,5.67999983,
,,,-32.35999867E-3,5.67999983,
,,,-32.31999651E-3,5.67999983,
,,,-32.27999806E-3,5.67999983,
,,,-32.23999962E-3,5.67999983,
,,,-32.19999745E-3,5.67999983,
,,,-32.15999901E-3,5.67999983,
,,,-32.11999685E-3,5.75999975,
,,,-32.07999840E-3,5.67999983,
,,,-32.03999996E-3,5.67999983,
,,,-31.99999779E-3,5.67999983,
,,,-31.95999935E-3,5.67999983,
,,,-31.91999719E-3,5.67999983,
,,,-31.87999874E-3,5.67999983,
,,,-31.83999658E-3,5.67999983,
,,,-31.79999813E-3,5.67999983,
,,,-31.75999969E-3,5.67999983,
,,,-31.71999753E-3,5.67999983,
,,,-31.67999908E-3,5.67999983,
,,,-31.63999692E-3,5.67999983,
,,,-31.59999847E-3,5.35999966,
,,,-31.56000003E-3,5.03999996,
,,,-31.51999786E-3,4.79999971,
,,,-31.47999942E-3,4.55999994,
,,,-31.43999726E-3,4.31999969,
,,,-31.39999881E-3,4.07999992,
,,,-31.35999665E-3,3.83999991,
,,,-31.31999820E-3,3.67999983,
,,,-31.27999976E-3,3.51999998,
,,,-31.23999760E-3,3.27999997,
,,,-31.19999915E-3,3.11999989,
,,,-31.15999885E-3,2.96000004,
,,,-31.11999854E-3,2.79999995,
,,,-31.07999824E-3,2.6399999,
,,,-31.03999794E-3,2.4800000,
,,,-30.99999763E-3,2.3999999,
,,,-30.95999733E-3,2.2400000,
,,,-30.91999888E-3,2.1599998,
,,,-30.87999858E-3,2.0000000,
,,,-30.83999828E-3,1.9200000,
,,,-30.79999797E-3,1.8399999,
,,,-30.75999767E-3,1.6799999,
,,,-30.71999736E-3,1.5999999,
,,,-30.67999892E-3,1.5200000,
,,,-30.63999861E-3,1.4399999,
,,,-30.59999831E-3,1.2800000,
,,,-30.55999801E-3,1.2800000,
,,,-30.51999770E-3,1.1999999,
,,,-30.47999740E-3,1.1200000,
,,,-30.43999895E-3,1.0400000,
,,,-30.39999865E-3,1.0400000,
,,,-30.35999835E-3,959.999978542E-3,
,,,-30.31999804E-3,879.999995232E-3,
,,,-30.27999774E-3,879.999995232E-3,
,,,-30.23999743E-3,799.999952316E-3,
,,,-30.19999899E-3,719.999969006E-3,
,,,-30.15999869E-3,639.999985695E-3,
,,,-30.11999838E-3,639.999985695E-3,
,,,-30.07999808E-3,560.000002384E-3,
,,,-30.03999777E-3,560.000002384E-3,
,,,-29.99999747E-3,560.000002384E-3,
,,,-29.95999902E-3,479.999989271E-3,
,,,-29.91999872E-3,479.999989271E-3,
,,,-29.87999842E-3,479.999989271E-3,
,,,-29.83999811E-3,399.99997616E-3,
,,,-29.79999781E-3,399.99997616E-3,
,,,-29.75999750E-3,319.99999285E-3,
,,,-29.71999906E-3,319.99999285E-3,
,,,-29.67999876E-3,239.99999464E-3,
,,,-29.63999845E-3,239.99999464E-3,
,,,-29.59999815E-3,239.99999464E-3,
,,,-29.55999784E-3,239.99999464E-3,
,,,-29.51999754E-3,239.99999464E-3,
,,,-29.47999910E-3,159.99999642E-3,
,,,-29.43999879E-3,159.99999642E-3,
,,,-29.39999849E-3,159.99999642E-3,
,,,-29.35999818E-3,159.99999642E-3,
,,,-29.31999788E-3,159.99999642E-3,
,,,-29.27999757E-3,79.999998212E-3,
,,,-29.23999913E-3,79.999998212E-3,
,,,-29.19999883E-3,79.999998212E-3,
,,,-29.15999852E-3,0.0,
,,,-29.11999822E-3,0.0,
,,,-29.07999791E-3,79.999998212E-3,
,,,-29.03999761E-3,0.0,
,,,-28.99999917E-3,79.999998212E-3,
,,,-28.95999886E-3,0.0,
,,,-28.91999856E-3,0.0,
,,,-28.87999825E-3,79.999998212E-3,
,,,-28.83999795E-3,0.0,
,,,-28.79999764E-3,0.0,
,,,-28.75999920E-3,0.0,
,,,-28.71999890E-3,-79.999998212E-3,
,,,-28.67999859E-3,0.0,
,,,-28.63999829E-3,-79.999998212E-3,
,,,-28.59999798E-3,-79.999998212E-3,
,,,-28.55999768E-3,-79.999998212E-3,
,,,-28.51999924E-3,-79.999998212E-3,
,,,-28.47999893E-3,-79.999998212E-3,
,,,-28.43999863E-3,-79.999998212E-3,
,,,-28.39999832E-3,-79.999998212E-3,
,,,-28.35999802E-3,-79.999998212E-3,
,,,-28.31999771E-3,-79.999998212E-3,
,,,-28.27999741E-3,-79.999998212E-3,
,,,-28.23999897E-3,-79.999998212E-3,
,,,-28.19999866E-3,-79.999998212E-3,
,,,-28.15999836E-3,-79.999998212E-3,
,,,-28.11999805E-3,-159.99999642E-3,
,,,-28.07999775E-3,-79.999998212E-3,
,,,-28.03999744E-3,-79.999998212E-3,
,,,-27.99999900E-3,-79.999998212E-3,
,,,-27.95999870E-3,-79.999998212E-3,
,,,-27.91999839E-3,-159.99999642E-3,
,,,-27.87999809E-3,-159.99999642E-3,
,,,-27.83999778E-3,-159.99999642E-3,
,,,-27.79999748E-3,-79.999998212E-3,
,,,-27.75999904E-3,-79.999998212E-3,
,,,-27.71999873E-3,-159.99999642E-3,
,,,-27.67999843E-3,-159.99999642E-3,
,,,-27.63999812E-3,-159.99999642E-3,
,,,-27.59999782E-3,-159.99999642E-3,
,,,-27.55999751E-3,-159.99999642E-3,
,,,-27.51999907E-3,-159.99999642E-3,
,,,-27.47999877E-3,-159.99999642E-3,
,,,-27.43999846E-3,-159.99999642E-3,
,,,-27.39999816E-3,-159.99999642E-3,
,,,-27.35999785E-3,-159.99999642E-3,
,,,-27.31999755E-3,-159.99999642E-3,
,,,-27.27999911E-3,-159.99999642E-3,
,,,-27.23999880E-3,-159.99999642E-3,
,,,-27.19999850E-3,-159.99999642E-3,
,,,-27.15999819E-3,-79.999998212E-3,
,,,-27.11999789E-3,-159.99999642E-3,
,,,-27.07999758E-3,-159.99999642E-3,
,,,-27.03999914E-3,-159.99999642E-3,
,,,-26.99999884E-3,-159.99999642E-3,
,,,-26.95999853E-3,-159.99999642E-3,
,,,-26.91999823E-3,-159.99999642E-3,
,,,-26.87999792E-3,-159.99999642E-3,
,,,-26.83999762E-3,-159.99999642E-3,
,,,-26.79999918E-3,-79.999998212E-3,
,,,-26.75999887E-3,-159.99999642E-3,
,,,-26.71999857E-3,-159.99999642E-3,
,,,-26.67999826E-3,-159.99999642E-3,
,,,-26.63999796E-3,-159.99999642E-3,
,,,-26.59999765E-3,-159.99999642E-3,
,,,-26.55999921E-3,-159.99999642E-3,
,,,-26.51999891E-3,-159.99999642E-3,
,,,-26.47999860E-3,-159.99999642E-3,
,,,-26.43999830E-3,-159.99999642E-3,
,,,-26.39999799E-3,-159.99999642E-3,
,,,-26.35999769E-3,-159.99999642E-3,
,,,-26.31999925E-3,-159.99999642E-3,
,,,-26.27999894E-3,-159.99999642E-3,
,,,-26.23999864E-3,-159.99999642E-3,
,,,-26.19999833E-3,-239.99999464E-3,
,,,-26.15999803E-3,-159.99999642E-3,
,,,-26.11999772E-3,-159.99999642E-3,
,,,-26.07999928E-3,-159.99999642E-3,
,,,-26.03999898E-3,-159.99999642E-3,
,,,-25.99999867E-3,-159.99999642E-3,
,,,-25.95999837E-3,-159.99999642E-3,
,,,-25.91999806E-3,-159.99999642E-3,
,,,-25.87999776E-3,-159.99999642E-3,
,,,-25.83999932E-3,-159.99999642E-3,
,,,-25.79999901E-3,-159.99999642E-3,
,,,-25.75999871E-3,-159.99999642E-3,
,,,-25.71999840E-3,-159.99999642E-3,
,,,-25.67999810E-3,-159.99999642E-3,
,,,-25.63999780E-3,-239.99999464E-3,
,,,-25.59999749E-3,-159.99999642E-3,
,,,-25.55999905E-3,-159.99999642E-3,
,,,-25.51999874E-3,-159.99999642E-3,
,,,-25.47999844E-3,-159.99999642E-3,
,,,-25.43999813E-3,-159.99999642E-3,
,,,-25.39999783E-3,-79.999998212E-3,
,,,-25.35999753E-3,-239.99999464E-3,
,,,-25.31999908E-3,-159.99999642E-3,
,,,-25.27999878E-3,-159.99999642E-3,
,,,-25.23999847E-3,-79.999998212E-3,
,,,-25.19999817E-3,239.99999464E-3,
,,,-25.15999787E-3,479.999989271E-3,
,,,-25.11999756E-3,799.999952316E-3,
,,,-25.07999912E-3,1.0400000,
,,,-25.03999881E-3,1.2800000,
,,,-24.99999851E-3,1.5200000,
,,,-24.95999821E-3,1.7600000,
,,,-24.91999790E-3,2.0000000,
,,,-24.87999760E-3,2.1599998,
,,,-24.83999915E-3,2.3199999,
,,,-24.79999885E-3,2.4800000,
,,,-24.75999855E-3,2.5599999,
,,,-24.71999824E-3,2.79999995,
,,,-24.67999794E-3,2.96000004,
,,,-24.63999763E-3,3.03999996,
,,,-24.59999919E-3,3.19999981,
,,,-24.55999888E-3,3.35999990,
,,,-24.51999858E-3,3.43999982,
,,,-24.47999828E-3,3.59999990,
,,,-24.43999797E-3,3.75999999,
,,,-24.39999767E-3,3.75999999,
,,,-24.35999922E-3,3.91999984,
,,,-24.31999892E-3,3.91999984,
,,,-24.27999862E-3,4.07999992,
,,,-24.23999831E-3,4.15999985,
,,,-24.19999801E-3,4.23999977,
,,,-24.15999770E-3,4.31999969,
,,,-24.11999926E-3,4.40000010,
,,,-24.07999896E-3,4.48000002,
,,,-24.03999865E-3,4.48000002,
,,,-23.99999835E-3,4.55999994,
,,,-23.95999804E-3,4.63999987,
,,,-23.91999774E-3,4.71999979,
,,,-23.87999929E-3,4.71999979,
,,,-23.83999899E-3,4.71999979,
,,,-23.79999869E-3,4.79999971,
,,,-23.75999838E-3,4.88000011,
,,,-23.71999808E-3,4.88000011,
,,,-23.67999777E-3,4.96000004,
,,,-23.63999933E-3,5.03999996,
,,,-23.59999903E-3,5.03999996,
,,,-23.55999872E-3,5.03999996,
,,,-23.51999842E-3,5.11999989,
,,,-23.47999811E-3,5.11999989,
,,,-23.43999781E-3,5.11999989,
,,,-23.39999937E-3,5.11999989,
,,,-23.35999906E-3,5.19999981,
,,,-23.31999876E-3,5.27999973,
,,,-23.27999845E-3,5.27999973,
,,,-23.23999815E-3,5.27999973,
,,,-23.19999784E-3,5.27999973,
,,,-23.15999754E-3,5.35999966,
,,,-23.11999910E-3,5.27999973,
,,,-23.07999879E-3,5.35999966,
,,,-23.03999849E-3,5.44000006,
,,,-22.99999818E-3,5.44000006,
,,,-22.95999788E-3,5.35999966,
,,,-22.91999757E-3,5.44000006,
,,,-22.87999913E-3,5.44000006,
,,,-22.83999883E-3,5.44000006,
,,,-22.79999852E-3,5.44000006,
,,,-22.75999822E-3,5.44000006,
,,,-22.71999791E-3,5.51999998,
,,,-22.67999761E-3,5.44000006,
,,,-22.63999917E-3,5.51999998,
,,,-22.59999886E-3,5.51999998,
,,,-22.55999856E-3,5.51999998,
,,,-22.51999825E-3,5.59999990,
,,,-22.47999795E-3,5.51999998,
,,,-22.43999764E-3,5.51999998,
,,,-22.39999920E-3,5.51999998,
,,,-22.35999890E-3,5.59999990,
,,,-22.31999859E-3,5.59999990,
,,,-22.27999829E-3,5.59999990,
,,,-22.23999798E-3,5.67999983,
,,,-22.19999768E-3,5.59999990,
,,,-22.15999924E-3,5.59999990,
,,,-22.11999893E-3,5.59999990,
,,,-22.07999863E-3,5.67999983,
,,,-22.03999832E-3,5.59999990,
,,,-21.99999802E-3,5.67999983,
,,,-21.95999771E-3,5.59999990,
,,,-21.91999927E-3,5.59999990,
,,,-21.87999897E-3,5.67999983,
,,,-21.83999866E-3,5.67999983,
,,,-21.79999836E-3,5.67999983,
,,,-21.75999805E-3,5.67999983,
,,,-21.71999775E-3,5.67999983,
,,,-21.67999931E-3,5.67999983,
,,,-21.63999900E-3,5.59999990,
,,,-21.59999870E-3,5.67999983,
,,,-21.55999839E-3,5.59999990,
,,,-21.51999809E-3,5.67999983,
,,,-21.47999778E-3,5.67999983,
,,,-21.43999934E-3,5.67999983,
,,,-21.39999904E-3,5.67999983,
,,,-21.35999873E-3,5.67999983,
,,,-21.31999843E-3,5.67999983,
,,,-21.27999812E-3,5.67999983,
,,,-21.23999782E-3,5.67999983,
,,,-21.19999938E-3,5.67999983,
,,,-21.15999907E-3,5.67999983,
,,,-21.11999877E-3,5.67999983,
,,,-21.07999846E-3,5.67999983,
,,,-21.03999816E-3,5.67999983,
,,,-20.99999785E-3,5.67999983,
,,,-20.95999941E-3,5.67999983,
,,,-20.91999911E-3,5.67999983,
,,,-20.87999880E-3,5.67999983,
,,,-20.83999850E-3,5.67999983,
,,,-20.79999819E-3,5.67999983,
,,,-20.75999789E-3,5.67999983,
,,,-20.71999758E-3,5.67999983,
,,,-20.67999914E-3,5.67999983,
,,,-20.63999884E-3,5.67999983,
,,,-20.59999853E-3,5.67999983,
,,,-20.55999823E-3,5.67999983,
,,,-20.51999792E-3,5.67999983,
,,,-20.47999762E-3,5.67999983,
,,,-20.43999918E-3,5.67999983,
,,,-20.39999887E-3,5.67999983,
,,,-20.35999857E-3,5.67999983,
,,,-20.31999826E-3,5.67999983,
,,,-20.27999796E-3,5.67999983,
,,,-20.23999766E-3,5.67999983,
,,,-20.19999921E-3,5.67999983,
,,,-20.15999891E-3,5.67999983,
,,,-20.11999860E-3,5.67999983,
,,,-20.0799983E-3,5.67999983,
,,,-20.0399980E-3,5.67999983,
,,,-19.9999977E-3,5.67999983,
,,,-19.9599992E-3,5.67999983,
,,,-19.9199989E-3,5.67999983,
,,,-19.8799986E-3,5.67999983,
,,,-19.8399983E-3,5.67999983,
,,,-19.7999980E-3,5.75999975,
,,,-19.7599977E-3,5.67999983,
,,,-19.7199993E-3,5.67999983,
,,,-19.6799990E-3,5.67999983,
,,,-19.6399987E-3,5.67999983,
,,,-19.5999984E-3,5.67999983,
,,,-19.5599981E-3,5.67999983,
,,,-19.5199978E-3,5.67999983,
,,,-19.4799993E-3,5.67999983,
,,,-19.4399990E-3,5.67999983,
,,,-19.3999987E-3,5.67999983,
,,,-19.3599984E-3,5.67999983,
,,,-19.3199981E-3,5.67999983,
,,,-19.2799978E-3,5.67999983,
,,,-19.2399994E-3,5.67999983,
,,,-19.1999990E-3,5.67999983,
,,,-19.1599987E-3,5.67999983,
,,,-19.1199984E-3,5.51999998,
,,,-19.0799981E-3,5.19999981,
,,,-19.0399978E-3,4.96000004,
,,,-18.9999994E-3,4.63999987,
,,,-18.9599991E-3,4.40000010,
,,,-18.9199988E-3,4.15999985,
,,,-18.8799985E-3,4.00000000,
,,,-18.8399982E-3,3.75999999,
,,,-18.7999979E-3,3.59999990,
,,,-18.7599994E-3,3.35999990,
,,,-18.7199991E-3,3.19999981,
,,,-18.6799988E-3,3.03999996,
,,,-18.6399985E-3,2.87999988,
,,,-18.5999982E-3,2.72000003,
,,,-18.5599979E-3,2.5599999,
,,,-18.5199995E-3,2.3999999,
,,,-18.4799992E-3,2.3199999,
,,,-18.4399989E-3,2.1599998,
,,,-18.3999985E-3,2.0799999,
,,,-18.3599982E-3,1.9200000,
,,,-18.3199979E-3,1.8399999,
,,,-18.2799995E-3,1.7600000,
,,,-18.2399992E-3,1.6799999,
,,,-18.1999989E-3,1.5999999,
,,,-18.1599986E-3,1.4399999,
,,,-18.1199983E-3,1.3600000,
,,,-18.0799980E-3,1.2800000,
,,,-18.0399977E-3,1.2800000,
,,,-17.9999992E-3,1.1999999,
,,,-17.9599989E-3,1.1200000,
,,,-17.9199986E-3,1.0400000,
,,,-17.8799983E-3,959.999978542E-3,
,,,-17.8399980E-3,959.999978542E-3,
,,,-17.7999977E-3,879.999995232E-3,
,,,-17.7599993E-3,799.999952316E-3,
,,,-17.7199990E-3,799.999952316E-3,
,,,-17.6799987E-3,719.999969006E-3,
,,,-17.6399983E-3,639.999985695E-3,
,,,-17.5999980E-3,639.999985695E-3,
,,,-17.5599977E-3,639.999985695E-3,
,,,-17.5199993E-3,560.000002384E-3,
,,,-17.4799990E-3,479.999989271E-3,
,,,-17.4399987E-3,479.999989271E-3,
,,,-17.3999984E-3,399.99997616E-3,
,,,-17.3599981E-3,399.99997616E-3,
,,,-17.3199978E-3,319.99999285E-3,
,,,-17.2799993E-3,319.99999285E-3,
,,,-17.2399990E-3,319.99999285E-3,
,,,-17.1999987E-3,319.99999285E-3,
,,,-17.1599984E-3,319.99999285E-3,
,,,-17.1199981E-3,319.99999285E-3,
,,,-17.0799978E-3,239.99999464E-3,
,,,-17.0399994E-3,239.99999464E-3,
,,,-16.9999991E-3,159.99999642E-3,
,,,-16.9599988E-3,159.99999642E-3,
,,,-16.9199985E-3,159.99999642E-3,
,,,-16.8799981E-3,79.999998212E-3,
,,,-16.8399978E-3,79.999998212E-3,
,,,-16.7999994E-3,79.999998212E-3,
,,,-16.7599991E-3,79.999998212E-3,
,,,-16.7199988E-3,79.999998212E-3,
,,,-16.6799985E-3,79.999998212E-3,
,,,-16.6399982E-3,79.999998212E-3,
,,,-16.5999979E-3,79.999998212E-3,
,,,-16.5599994E-3,0.0,
,,,-16.5199991E-3,79.999998212E-3,
,,,-16.4799988E-3,0.0,
,,,-16.4399985E-3,0.0,
,,,-16.3999982E-3,0.0,
,,,-16.3599979E-3,-79.999998212E-3,
,,,-16.3199995E-3,0.0,
,,,-16.2799992E-3,-79.999998212E-3,
,,,-16.2399989E-3,0.0,
,,,-16.1999986E-3,0.0,
,,,-16.1599983E-3,-79.999998212E-3,
,,,-16.1199979E-3,0.0,
,,,-16.0799995E-3,0.0,
,,,-16.0399992E-3,-79.999998212E-3,
,,,-15.9999989E-3,-79.999998212E-3,
,,,-15.9599986E-3,-79.999998212E-3,
,,,-15.9199983E-3,-79.999998212E-3,
,,,-15.8799980E-3,-79.999998212E-3,
,,,-15.8399995E-3,-79.999998212E-3,
,,,-15.7999992E-3,-79.999998212E-3,
,,,-15.7599989E-3,-79.999998212E-3,
,,,-15.7199986E-3,-79.999998212E-3,
,,,-15.6799983E-3,-79.999998212E-3,
,,,-15.6399980E-3,-79.999998212E-3,
,,,-15.5999986E-3,-159.99999642E-3,
,,,-15.5599983E-3,-79.999998212E-3,
,,,-15.5199990E-3,-79.999998212E-3,
,,,-15.4799987E-3,-79.999998212E-3,
,,,-15.4399984E-3,-79.999998212E-3,
,,,-15.3999990E-3,-79.999998212E-3,
,,,-15.3599987E-3,-159.99999642E-3,
,,,-15.3199984E-3,-79.999998212E-3,
,,,-15.2799990E-3,-79.999998212E-3,
,,,-15.2399987E-3,-159.99999642E-3,
,,,-15.1999984E-3,-159.99999642E-3,
,,,-15.1599990E-3,-159.99999642E-3,
,,,-15.1199987E-3,-159.99999642E-3,
,,,-15.0799984E-3,-159.99999642E-3,
,,,-15.0399990E-3,-159.99999642E-3,
,,,-14.9999987E-3,-159.99999642E-3,
,,,-14.9599984E-3,-159.99999642E-3,
,,,-14.9199991E-3,-159.99999642E-3,
,,,-14.8799988E-3,-159.99999642E-3,
,,,-14.8399984E-3,-159.99999642E-3,
,,,-14.7999991E-3,-159.99999642E-3,
,,,-14.7599988E-3,-159.99999642E-3,
,,,-14.7199985E-3,-159.99999642E-3,
,,,-14.6799991E-3,-159.99999642E-3,
,,,-14.6399988E-3,-159.99999642E-3,
,,,-14.5999985E-3,-159.99999642E-3,
,,,-14.5599991E-3,-159.99999642E-3,
,,,-14.5199988E-3,-159.99999642E-3,
,,,-14.4799985E-3,-159.99999642E-3,
,,,-14.4399991E-3,-159.99999642E-3,
,,,-14.3999988E-3,-159.99999642E-3,
,,,-14.3599985E-3,-159.99999642E-3,
,,,-14.3199991E-3,-159.99999642E-3,
,,,-14.2799988E-3,-159.99999642E-3,
,,,-14.2399985E-3,-159.99999642E-3,
,,,-14.1999982E-3,-159.99999642E-3,
,,,-14.1599989E-3,-159.99999642E-3,
,,,-14.1199986E-3,-159.99999642E-3,
,,,-14.0799982E-3,-159.99999642E-3,
,,,-14.0399989E-3,-159.99999642E-3,
,,,-13.9999986E-3,-159.99999642E-3,
,,,-13.9599983E-3,-159.99999642E-3,
,,,-13.9199989E-3,-159.99999642E-3,
,,,-13.8799986E-3,-159.99999642E-3,
,,,-13.8399983E-3,-159.99999642E-3,
,,,-13.7999989E-3,-159.99999642E-3,
,,,-13.7599986E-3,-159.99999642E-3,
,,,-13.7199983E-3,-159.99999642E-3,
,,,-13.6799989E-3,-159.99999642E-3,
,,,-13.6399986E-3,-159.99999642E-3,
,,,-13.5999983E-3,-159.99999642E-3,
,,,-13.5599989E-3,-159.99999642E-3,
,,,-13.5199986E-3,-159.99999642E-3,
,,,-13.4799983E-3,-159.99999642E-3,
,,,-13.4399990E-3,-159.99999642E-3,
,,,-13.3999987E-3,-159.99999642E-3,
,,,-13.3599984E-3,-159.99999642E-3,
,,,-13.3199990E-3,-159.99999642E-3,
,,,-13.2799987E-3,-159.99999642E-3,
,,,-13.2399984E-3,-159.99999642E-3,
,,,-13.1999990E-3,-159.99999642E-3,
,,,-13.1599987E-3,-159.99999642E-3,
,,,-13.1199984E-3,-159.99999642E-3,
,,,-13.0799990E-3,-159.99999642E-3,
,,,-13.0399987E-3,-159.99999642E-3,
,,,-12.9999984E-3,-159.99999642E-3,
,,,-12.9599990E-3,-159.99999642E-3,
,,,-12.9199987E-3,-159.99999642E-3,
,,,-12.8799984E-3,-159.99999642E-3,
,,,-12.8399990E-3,-159.99999642E-3,
,,,-12.7999987E-3,-159.99999642E-3,
,,,-12.7599984E-3,-159.99999642E-3,
,,,-12.7199991E-3,79.999998212E-3,
,,,-12.6799988E-3,399.99997616E-3,
,,,-12.6399985E-3,639.999985695E-3,
,,,-12.5999991E-3,879.999995232E-3,
,,,-12.5599988E-3,1.1999999,
,,,-12.5199985E-3,1.4399999,
,,,-12.4799991E-3,1.5999999,
,,,-12.4399988E-3,1.8399999,
,,,-12.3999985E-3,2.0799999,
,,,-12.3599991E-3,2.2400000,
,,,-12.3199988E-3,2.3999999,
,,,-12.2799985E-3,2.5599999,
,,,-12.2399991E-3,2.72000003,
,,,-12.1999988E-3,2.87999988,
,,,-12.1599985E-3,3.03999996,
,,,-12.1199992E-3,3.19999981,
,,,-12.0799989E-3,3.27999997,
,,,-12.0399985E-3,3.43999982,
,,,-11.9999992E-3,3.51999998,
,,,-11.9599989E-3,3.67999983,
,,,-11.9199986E-3,3.75999999,
,,,-11.8799992E-3,3.83999991,
,,,-11.8399989E-3,3.91999984,
,,,-11.7999986E-3,4.00000000,
,,,-11.7599983E-3,4.07999992,
,,,-11.7199989E-3,4.15999985,
,,,-11.6799986E-3,4.23999977,
,,,-11.6399983E-3,4.31999969,
,,,-11.5999989E-3,4.40000010,
,,,-11.5599986E-3,4.48000002,
,,,-11.5199983E-3,4.48000002,
,,,-11.4799989E-3,4.55999994,
,,,-11.4399986E-3,4.63999987,
,,,-11.3999983E-3,4.71999979,
,,,-11.3599990E-3,4.71999979,
,,,-11.3199987E-3,4.79999971,
,,,-11.2799983E-3,4.88000011,
,,,-11.2399990E-3,4.88000011,
,,,-11.1999987E-3,4.88000011,
,,,-11.1599984E-3,4.96000004,
,,,-11.1199990E-3,5.03999996,
,,,-11.0799987E-3,5.03999996,
,,,-11.0399984E-3,5.11999989,
,,,-10.9999990E-3,5.11999989,
,,,-10.9599987E-3,5.19999981,
,,,-10.9199984E-3,5.19999981,
,,,-10.8799990E-3,5.19999981,
,,,-10.8399987E-3,5.19999981,
,,,-10.7999984E-3,5.27999973,
,,,-10.7599990E-3,5.27999973,
,,,-10.7199987E-3,5.27999973,
,,,-10.6799984E-3,5.35999966,
,,,-10.6399991E-3,5.35999966,
,,,-10.5999988E-3,5.35999966,
,,,-10.5599985E-3,5.35999966,
,,,-10.5199991E-3,5.44000006,
,,,-10.4799988E-3,5.44000006,
,,,-10.4399985E-3,5.44000006,
,,,-10.3999991E-3,5.44000006,
,,,-10.3599988E-3,5.44000006,
,,,-10.3199985E-3,5.44000006,
,,,-10.2799991E-3,5.51999998,
,,,-10.2399988E-3,5.44000006,
,,,-10.1999985E-3,5.51999998,
,,,-10.1599991E-3,5.51999998,
,,,-10.1199988E-3,5.51999998,
,,,-10.0799985E-3,5.51999998,
,,,-10.0399991E-3,5.51999998,
,,,-9.999998845E-3,5.59999990,
,,,-9.959998541E-3,5.51999998,
,,,-9.919999167E-3,5.51999998,
,,,-9.879998863E-3,5.59999990,
,,,-9.839998558E-3,5.51999998,
,,,-9.799999185E-3,5.59999990,
,,,-9.759998880E-3,5.59999990,
,,,-9.719998576E-3,5.59999990,
,,,-9.679999202E-3,5.59999990,
,,,-9.639998898E-3,5.59999990,
,,,-9.599998593E-3,5.59999990,
,,,-9.559999220E-3,5.59999990,
,,,-9.519998915E-3,5.59999990,
,,,-9.479998611E-3,5.67999983,
,,,-9.439999238E-3,5.67999983,
,,,-9.399998933E-3,5.59999990,
,,,-9.359998628E-3,5.67999983,
,,,-9.319999255E-3,5.67999983,
,,,-9.279998951E-3,5.67999983,
,,,-9.239998646E-3,5.67999983,
,,,-9.199999273E-3,5.67999983,
,,,-9.159998968E-3,5.67999983,
,,,-9.119998664E-3,5.59999990,
,,,-9.079998359E-3,5.67999983,
,,,-9.039998986E-3,5.67999983,
,,,-8.999998681E-3,5.67999983,
,,,-8.959998377E-3,5.67999983,
,,,-8.919999003E-3,5.67999983,
,,,-8.879998699E-3,5.67999983,
,,,-8.839998394E-3,5.67999983,
,,,-8.799999021E-3,5.67999983,
,,,-8.759998716E-3,5.67999983,
,,,-8.719998412E-3,5.67999983,
,,,-8.679999039E-3,5.67999983,
,,,-8.639998734E-3,5.67999983,
,,,-8.599998429E-3,5.67999983,
,,,-8.559999056E-3,5.67999983,
,,,-8.519998752E-3,5.67999983,
,,,-8.479998447E-3,5.67999983,
,,,-8.439999074E-3,5.67999983,
,,,-8.399998769E-3,5.67999983,
,,,-8.359998465E-3,5.67999983,
,,,-8.319999091E-3,5.67999983,
,,,-8.279998787E-3,5.67999983,
,,,-8.239998482E-3,5.67999983,
,,,-8.199999109E-3,5.67999983,
,,,-8.159998804E-3,5.67999983,
,,,-8.119998500E-3,5.67999983,
,,,-8.079999126E-3,5.67999983,
,,,-8.039998822E-3,5.67999983,
,,,-7.999998517E-3,5.67999983,
,,,-7.959999144E-3,5.67999983,
,,,-7.919998839E-3,5.67999983,
,,,-7.879998535E-3,5.67999983,
,,,-7.839999162E-3,5.67999983,
,,,-7.799998857E-3,5.67999983,
,,,-7.759999018E-3,5.67999983,
,,,-7.719998714E-3,5.67999983,
,,,-7.679998875E-3,5.67999983,
,,,-7.639999036E-3,5.67999983,
,,,-7.599998731E-3,5.67999983,
,,,-7.559998892E-3,5.67999983,
,,,-7.519999053E-3,5.67999983,
,,,-7.479998749E-3,5.67999983,
,,,-7.439998910E-3,5.67999983,
,,,-7.399999071E-3,5.67999983,
,,,-7.35999877E-3,5.67999983,
,,,-7.31999893E-3,5.67999983,
,,,-7.27999862E-3,5.67999983,
,,,-7.23999878E-3,5.67999983,
,,,-7.19999894E-3,5.67999983,
,,,-7.15999864E-3,5.67999983,
,,,-7.11999880E-3,5.67999983,
,,,-7.07999896E-3,5.67999983,
,,,-7.03999866E-3,5.67999983,
,,,-6.99999882E-3,5.67999983,
,,,-6.95999898E-3,5.67999983,
,,,-6.91999868E-3,5.67999983,
,,,-6.87999884E-3,5.67999983,
,,,-6.83999900E-3,5.67999983,
,,,-6.79999869E-3,5.67999983,
,,,-6.75999885E-3,5.67999983,
,,,-6.71999902E-3,5.67999983,
,,,-6.67999871E-3,5.67999983,
,,,-6.63999887E-3,5.67999983,
,,,-6.59999903E-3,5.35999966,
,,,-6.55999873E-3,5.03999996,
,,,-6.51999889E-3,4.71999979,
,,,-6.47999905E-3,4.55999994,
,,,-6.43999875E-3,4.31999969,
,,,-6.39999891E-3,4.07999992,
,,,-6.35999907E-3,3.83999991,
,,,-6.31999876E-3,3.67999983,
,,,-6.27999892E-3,3.43999982,
,,,-6.23999909E-3,3.27999997,
,,,-6.19999878E-3,3.11999989,
,,,-6.15999894E-3,2.96000004,
,,,-6.11999910E-3,2.79999995,
,,,-6.07999880E-3,2.6399999,
,,,-6.03999896E-3,2.4800000,
,,,-5.99999912E-3,2.3199999,
,,,-5.95999882E-3,2.2400000,
,,,-5.91999898E-3,2.1599998,
,,,-5.87999867E-3,2.0000000,
,,,-5.83999883E-3,1.9200000,
,,,-5.79999899E-3,1.7600000,
,,,-5.75999869E-3,1.6799999,
,,,-5.71999885E-3,1.5999999,
,,,-5.67999901E-3,1.5200000,
,,,-5.63999871E-3,1.4399999,
,,,-5.59999887E-3,1.3600000,
,,,-5.55999903E-3,1.2800000,
,,,-5.51999873E-3,1.1999999,
,,,-5.47999889E-3,1.1200000,
,,,-5.43999905E-3,1.0400000,
,,,-5.39999874E-3,959.999978542E-3,
,,,-5.35999890E-3,959.999978542E-3,
,,,-5.31999907E-3,879.999995232E-3,
,,,-5.27999876E-3,879.999995232E-3,
,,,-5.23999892E-3,799.999952316E-3,
,,,-5.19999908E-3,719.999969006E-3,
,,,-5.15999878E-3,639.999985695E-3,
,,,-5.11999894E-3,719.999969006E-3,
,,,-5.07999910E-3,560.000002384E-3,
,,,-5.03999880E-3,560.000002384E-3,
,,,-4.99999896E-3,479.999989271E-3,
,,,-4.95999912E-3,479.999989271E-3,
,,,-4.91999881E-3,479.999989271E-3,
,,,-4.87999897E-3,399.99997616E-3,
,,,-4.83999914E-3,399.99997616E-3,
,,,-4.79999883E-3,319.99999285E-3,
,,,-4.75999899E-3,319.99999285E-3,
,,,-4.71999869E-3,319.99999285E-3,
,,,-4.67999885E-3,319.99999285E-3,
,,,-4.63999901E-3,319.99999285E-3,
,,,-4.59999871E-3,239.99999464E-3,
,,,-4.55999887E-3,239.99999464E-3,
,,,-4.51999903E-3,239.99999464E-3,
,,,-4.47999872E-3,159.99999642E-3,
,,,-4.43999888E-3,239.99999464E-3,
,,,-4.39999904E-3,159.99999642E-3,
,,,-4.35999874E-3,159.99999642E-3,
,,,-4.31999890E-3,79.999998212E-3,
,,,-4.27999906E-3,79.999998212E-3,
,,,-4.23999876E-3,79.999998212E-3,
,,,-4.19999892E-3,79.999998212E-3,
,,,-4.15999908E-3,79.999998212E-3,
,,,-4.11999878E-3,0.0,
,,,-4.07999894E-3,0.0,
,,,-4.03999910E-3,0.0,
,,,-3.99999879E-3,0.0,
,,,-3.95999895E-3,0.0,
,,,-3.91999912E-3,0.0,
,,,-3.87999904E-3,0.0,
,,,-3.83999897E-3,0.0,
,,,-3.79999890E-3,0.0,
,,,-3.75999883E-3,0.0,
,,,-3.71999899E-3,-79.999998212E-3,
,,,-3.67999892E-3,0.0,
,,,-3.63999885E-3,-79.999998212E-3,
,,,-3.59999901E-3,-79.999998212E-3,
,,,-3.55999894E-3,-79.999998212E-3,
,,,-3.51999886E-3,-79.999998212E-3,
,,,-3.47999902E-3,0.0,
,,,-3.43999895E-3,-79.999998212E-3,
,,,-3.39999888E-3,-79.999998212E-3,
,,,-3.35999904E-3,-79.999998212E-3,
,,,-3.31999897E-3,-79.999998212E-3,
,,,-3.27999890E-3,-79.999998212E-3,
,,,-3.23999906E-3,-79.999998212E-3,
,,,-3.19999899E-3,-79.999998212E-3,
,,,-3.15999892E-3,-159.99999642E-3,
,,,-3.11999908E-3,-159.99999642E-3,
,,,-3.07999901E-3,-79.999998212E-3,
,,,-3.03999893E-3,-79.999998212E-3,
,,,-2.99999886E-3,-79.999998212E-3,
,,,-2.95999902E-3,-79.999998212E-3,
,,,-2.91999895E-3,-159.99999642E-3,
,,,-2.87999888E-3,-79.999998212E-3,
,,,-2.83999904E-3,-79.999998212E-3,
,,,-2.79999897E-3,-159.99999642E-3,
,,,-2.75999890E-3,-159.99999642E-3,
,,,-2.71999906E-3,-159.99999642E-3,
,,,-2.6799990E-3,-159.99999642E-3,
,,,-2.6399989E-3,-79.999998212E-3,
,,,-2.5999991E-3,-79.999998212E-3,
,,,-2.5599990E-3,-159.99999642E-3,
,,,-2.5199989E-3,-159.99999642E-3,
,,,-2.4799989E-3,-159.99999642E-3,
,,,-2.4399990E-3,-79.999998212E-3,
,,,-2.3999989E-3,-159.99999642E-3,
,,,-2.3599989E-3,-159.99999642E-3,
,,,-2.3199990E-3,-159.99999642E-3,
,,,-2.2799990E-3,-159.99999642E-3,
,,,-2.2399989E-3,-79.999998212E-3,
,,,-2.1999991E-3,-159.99999642E-3,
,,,-2.1599990E-3,-159.99999642E-3,
,,,-2.1199989E-3,-159.99999642E-3,
,,,-2.0799991E-3,-159.99999642E-3,
,,,-2.0399990E-3,-159.99999642E-3,
,,,-1.9999989E-3,-79.999998212E-3,
,,,-1.9599991E-3,-159.99999642E-3,
,,,-1.9199990E-3,-159.99999642E-3,
,,,-1.8799989E-3,-159.99999642E-3,
,,,-1.8399990E-3,-159.99999642E-3,
,,,-1.7999990E-3,-159.99999642E-3,
,,,-1.7599990E-3,-159.99999642E-3,
,,,-1.7199990E-3,-159.99999642E-3,
,,,-1.6799991E-3,-79.999998212E-3,
,,,-1.6399990E-3,-159.99999642E-3,
,,,-1.5999990E-3,-159.99999642E-3,
,,,-1.5599990E-3,-159.99999642E-3,
,,,-1.5199990E-3,-159.99999642E-3,
,,,-1.4799990E-3,-159.99999642E-3,
,,,-1.4399990E-3,-159.99999642E-3,
,,,-1.3999990E-3,-159.99999642E-3,
,,,-1.3599989E-3,-159.99999642E-3,
,,,-1.3199990E-3,-159.99999642E-3,
,,,-1.2799990E-3,-159.99999642E-3,
,,,-1.2399990E-3,-159.99999642E-3,
,,,-1.1999990E-3,-159.99999642E-3,
,,,-1.1599991E-3,-159.99999642E-3,
,,,-1.1199990E-3,-159.99999642E-3,
,,,-1.0799990E-3,-159.99999642E-3,
,,,-1.0399991E-3,-159.99999642E-3,
,,,-0.0E-3,-159.99999642E-3,
,,,-959.999044426E-6,-159.99999642E-3,
,,,-919.999030884E-6,-159.99999642E-3,
,,,-879.999017343E-6,-159.99999642E-3,
,,,-839.999003801E-6,-239.99999464E-3,
,,,-799.998990260E-6,-159.99999642E-3,
,,,-759.999034926E-6,-159.99999642E-3,
,,,-719.999021385E-6,-159.99999642E-3,
,,,-679.999007843E-6,-159.99999642E-3,
,,,-639.999052510E-6,-159.99999642E-3,
,,,-599.999038968E-6,-159.99999642E-3,
,,,-559.999025427E-6,-159.99999642E-3,
,,,-519.999011885E-6,-159.99999642E-3,
,,,-479.999027448E-6,-159.99999642E-3,
,,,-439.999043010E-6,-159.99999642E-3,
,,,-399.99902947E-6,-159.99999642E-3,
,,,-359.99901593E-6,-159.99999642E-3,
,,,-319.99903149E-6,-159.99999642E-3,
,,,-279.99904705E-6,-159.99999642E-3,
,,,-239.99903351E-6,0.0,
,,,-199.99903452E-6,319.99999285E-3,
,,,-159.99903553E-6,479.999989271E-3,
,,,-119.9990365E-6,799.999952316E-3,
,,,-79.999037553E-6,1.0400000,
,,,-39.99903856E-6,1.2800000,
,,,960.426401138E-12,1.5200000,
,,,40.00095942E-6,1.7600000,
,,,80.000958405E-6,1.9200000,
,,,120.0009574E-6,2.1599998,
,,,160.00095638E-6,2.3999999,
,,,200.00095537E-6,2.4800000,
,,,240.00095436E-6,2.6399999,
,,,280.00096790E-6,2.79999995,
,,,320.00095234E-6,2.96000004,
,,,360.00093678E-6,3.03999996,
,,,400.00095032E-6,3.27999997,
,,,440.000963863E-6,3.35999990,
,,,480.000948301E-6,3.51999998,
,,,520.000932738E-6,3.59999990,
,,,560.000946280E-6,3.67999983,
,,,600.000959821E-6,3.75999999,
,,,640.000915155E-6,3.91999984,
,,,680.000928696E-6,4.00000000,
,,,720.000942238E-6,4.07999992,
,,,760.000955779E-6,4.15999985,
,,,800.000969321E-6,4.23999977,
,,,840.000924654E-6,4.31999969,
,,,880.000938196E-6,4.40000010,
,,,920.000951737E-6,4.48000002,
,,,960.000907071E-6,4.48000002,
,,,1.0000010E-3,4.55999994,
,,,1.0400009E-3,4.63999987,
,,,1.0800009E-3,4.71999979,
,,,1.1200010E-3,4.71999979,
,,,1.1600009E-3,4.79999971,
,,,1.2000010E-3,4.79999971,
,,,1.2400009E-3,4.88000011,
,,,1.2800009E-3,4.88000011,
,,,1.3200010E-3,4.96000004,
,,,1.3600009E-3,4.96000004,
,,,1.4000009E-3,5.03999996,
,,,1.4400010E-3,5.03999996,
,,,1.4800009E-3,5.11999989,
,,,1.5200009E-3,5.11999989,
,,,1.5600009E-3,5.11999989,
,,,1.6000009E-3,5.19999981,
,,,1.6400010E-3,5.19999981,
,,,1.6800009E-3,5.19999981,
,,,1.7200009E-3,5.27999973,
,,,1.7600009E-3,5.27999973,
,,,1.8000009E-3,5.27999973,
,,,1.8400010E-3,5.35999966,
,,,1.8800009E-3,5.35999966,
,,,1.9200009E-3,5.35999966,
,,,1.9600010E-3,5.35999966,
,,,2.0000008E-3,5.44000006,
,,,2.0400009E-3,5.44000006,
,,,2.0800009E-3,5.44000006,
,,,2.1200010E-3,5.44000006,
,,,2.1600008E-3,5.44000006,
,,,2.2000009E-3,5.44000006,
,,,2.2400010E-3,5.44000006,
,,,2.2800008E-3,5.51999998,
,,,2.3200009E-3,5.51999998,
,,,2.3600010E-3,5.51999998,
,,,2.4000008E-3,5.51999998,
,,,2.4400009E-3,5.51999998,
,,,2.4800010E-3,5.51999998,
,,,2.5200008E-3,5.59999990,
,,,2.5600009E-3,5.59999990,
,,,2.6000009E-3,5.59999990,
,,,2.6400010E-3,5.59999990,
,,,2.6800008E-3,5.59999990,
,,,2.72000092E-3,5.59999990,
,,,2.76000099E-3,5.59999990,
,,,2.80000083E-3,5.59999990,
,,,2.84000090E-3,5.59999990,
,,,2.88000097E-3,5.59999990,
,,,2.92000081E-3,5.59999990,
,,,2.96000089E-3,5.59999990,
,,,3.00000096E-3,5.59999990,
,,,3.04000080E-3,5.59999990,
,,,3.08000087E-3,5.59999990,
,,,3.12000094E-3,5.59999990,
,,,3.16000078E-3,5.59999990,
,,,3.20000085E-3,5.67999983,
,,,3.24000092E-3,5.67999983,
,,,3.28000076E-3,5.59999990,
,,,3.32000083E-3,5.67999983,
,,,3.36000090E-3,5.67999983,
,,,3.40000098E-3,5.67999983,
,,,3.44000082E-3,5.59999990,
,,,3.48000089E-3,5.67999983,
,,,3.52000096E-3,5.67999983,
,,,3.56000080E-3,5.67999983,
,,,3.60000087E-3,5.67999983,
,,,3.64000094E-3,5.67999983,
,,,3.68000078E-3,5.67999983,
,,,3.72000085E-3,5.67999983,
,,,3.76000092E-3,5.67999983,
,,,3.80000076E-3,5.67999983,
,,,3.84000083E-3,5.67999983,
,,,3.88000091E-3,5.67999983,
,,,3.92000098E-3,5.67999983,
,,,3.96000082E-3,5.67999983,
,,,4.00000066E-3,5.67999983,
,,,4.04000096E-3,5.67999983,
,,,4.08000080E-3,5.67999983,
,,,4.12000064E-3,5.67999983,
,,,4.16000094E-3,5.67999983,
,,,4.20000078E-3,5.67999983,
,,,4.24000062E-3,5.67999983,
,,,4.28000093E-3,5.67999983,
,,,4.32000076E-3,5.67999983,
,,,4.36000107E-3,5.67999983,
,,,4.40000091E-3,5.67999983,
,,,4.44000075E-3,5.67999983,
,,,4.48000105E-3,5.67999983,
,,,4.52000089E-3,5.67999983,
,,,4.56000073E-3,5.67999983,
,,,4.60000103E-3,5.67999983,
,,,4.64000087E-3,5.67999983,
,,,4.68000071E-3,5.67999983,
,,,4.72000102E-3,5.67999983,
,,,4.76000085E-3,5.67999983,
,,,4.80000069E-3,5.67999983,
,,,4.84000100E-3,5.67999983,
,,,4.88000084E-3,5.67999983,
,,,4.92000068E-3,5.67999983,
,,,4.96000098E-3,5.67999983,
,,,5.00000082E-3,5.75999975,
,,,5.04000066E-3,5.67999983,
,,,5.08000096E-3,5.67999983,
,,,5.12000080E-3,5.67999983,
,,,5.16000064E-3,5.75999975,
,,,5.20000095E-3,5.67999983,
,,,5.24000078E-3,5.67999983,
,,,5.28000062E-3,5.67999983,
,,,5.32000093E-3,5.67999983,
,,,5.36000077E-3,5.67999983,
,,,5.40000061E-3,5.75999975,
,,,5.44000091E-3,5.67999983,
,,,5.48000075E-3,5.67999983,
,,,5.52000105E-3,5.67999983,
,,,5.56000089E-3,5.67999983,
,,,5.60000073E-3,5.67999983,
,,,5.64000104E-3,5.67999983,
,,,5.68000088E-3,5.67999983,
,,,5.72000071E-3,5.67999983,
,,,5.76000102E-3,5.67999983,
,,,5.80000086E-3,5.67999983,
,,,5.84000070E-3,5.67999983,
,,,5.88000100E-3,5.51999998,
,,,5.92000084E-3,5.19999981,
,,,5.96000068E-3,4.88000011,
,,,6.00000098E-3,4.63999987,
,,,6.04000082E-3,4.40000010,
,,,6.08000066E-3,4.23999977,
,,,6.12000097E-3,3.91999984,
,,,6.16000080E-3,3.75999999,
,,,6.20000064E-3,3.59999990,
,,,6.24000095E-3,3.35999990,
,,,6.28000079E-3,3.19999981,
,,,6.32000063E-3,3.03999996,
,,,6.36000093E-3,2.79999995,
,,,6.40000077E-3,2.72000003,
,,,6.44000061E-3,2.5599999,
,,,6.48000091E-3,2.3999999,
,,,6.52000075E-3,2.3199999,
,,,6.56000059E-3,2.2400000,
,,,6.60000090E-3,2.0799999,
,,,6.64000073E-3,2.0000000,
,,,6.68000057E-3,1.8399999,
,,,6.72000088E-3,1.7600000,
,,,6.76000072E-3,1.6799999,
,,,6.80000056E-3,1.5200000,
,,,6.84000086E-3,1.5200000,
,,,6.88000070E-3,1.3600000,
,,,6.92000100E-3,1.2800000,
,,,6.96000084E-3,1.1999999,
,,,7.00000068E-3,1.1200000,
,,,7.04000099E-3,1.0400000,
,,,7.08000083E-3,1.0400000,
,,,7.12000066E-3,959.999978542E-3,
,,,7.16000097E-3,879.999995232E-3,
,,,7.20000081E-3,879.999995232E-3,
,,,7.24000065E-3,799.999952316E-3,
,,,7.28000095E-3,719.999969006E-3,
,,,7.32000079E-3,719.999969006E-3,
,,,7.36000063E-3,639.999985695E-3,
,,,7.400000934E-3,560.000002384E-3,
,,,7.440000772E-3,560.000002384E-3,
,,,7.480000611E-3,479.999989271E-3,
,,,7.520000916E-3,479.999989271E-3,
,,,7.560000755E-3,479.999989271E-3,
,,,7.600000594E-3,479.999989271E-3,
,,,7.640000898E-3,399.99997616E-3,
,,,7.680000737E-3,399.99997616E-3,
,,,7.720000576E-3,319.99999285E-3,
,,,7.760000881E-3,319.99999285E-3,
,,,7.800000720E-3,319.99999285E-3,
,,,7.840001024E-3,319.99999285E-3,
,,,7.880000398E-3,239.99999464E-3,
,,,7.920000702E-3,239.99999464E-3,
,,,7.960001007E-3,239.99999464E-3,
,,,8.000000380E-3,239.99999464E-3,
,,,8.040000685E-3,239.99999464E-3,
,,,8.080000989E-3,159.99999642E-3,
,,,8.120000362E-3,159.99999642E-3,
,,,8.160000667E-3,79.999998212E-3,
,,,8.200000972E-3,79.999998212E-3,
,,,8.240000345E-3,79.999998212E-3,
,,,8.280000649E-3,79.999998212E-3,
,,,8.320000954E-3,79.999998212E-3,
,,,8.360000327E-3,79.999998212E-3,
,,,8.400000632E-3,0.0,
,,,8.440000936E-3,0.0,
,,,8.480000310E-3,79.999998212E-3,
,,,8.520000614E-3,0.0,
,,,8.560000919E-3,0.0,
,,,8.600000292E-3,0.0,
,,,8.640000597E-3,0.0,
,,,8.680000901E-3,0.0,
,,,8.720001206E-3,0.0,
,,,8.760000579E-3,-79.999998212E-3,
,,,8.800000884E-3,-79.999998212E-3,
,,,8.840001188E-3,-79.999998212E-3,
,,,8.880000561E-3,-79.999998212E-3,
,,,8.920000866E-3,-79.999998212E-3,
,,,8.960001171E-3,-79.999998212E-3,
,,,9.000000544E-3,-79.999998212E-3,
,,,9.040000848E-3,-79.999998212E-3,
,,,9.080001153E-3,-79.999998212E-3,
,,,9.120000526E-3,-79.999998212E-3,
,,,9.160000831E-3,-79.999998212E-3,
,,,9.200001135E-3,-79.999998212E-3,
,,,9.240000509E-3,-79.999998212E-3,
,,,9.280000813E-3,-79.999998212E-3,
,,,9.320001118E-3,-79.999998212E-3,
,,,9.360000491E-3,-79.999998212E-3,
,,,9.400000796E-3,-79.999998212E-3,
,,,9.440001100E-3,-159.99999642E-3,
,,,9.480000474E-3,-79.999998212E-3,
,,,9.520000778E-3,-159.99999642E-3,
,,,9.560001083E-3,-79.999998212E-3,
,,,9.600000456E-3,-79.999998212E-3,
,,,9.640000761E-3,-159.99999642E-3,
,,,9.680001065E-3,-79.999998212E-3,
,,,9.720000438E-3,-79.999998212E-3,
,,,9.760000743E-3,-79.999998212E-3,
,,,9.800001048E-3,-159.99999642E-3,
,,,9.840000421E-3,-159.99999642E-3,
,,,9.880000725E-3,-159.99999642E-3,
,,,9.920001030E-3,-159.99999642E-3,
,,,9.960000403E-3,-159.99999642E-3,
,,,10.0000007E-3,-159.99999642E-3,
,,,10.0400010E-3,-159.99999642E-3,
,,,10.0800004E-3,-159.99999642E-3,
,,,10.1200007E-3,-159.99999642E-3,
,,,10.1600010E-3,-159.99999642E-3,
,,,10.2000004E-3,-239.99999464E-3,
,,,10.2400007E-3,-159.99999642E-3,
,,,10.2800010E-3,-159.99999642E-3,
,,,10.3200004E-3,-159.99999642E-3,
,,,10.3600007E-3,-159.99999642E-3,
,,,10.4000010E-3,-159.99999642E-3,
,,,10.4400003E-3,-159.99999642E-3,
,,,10.4800006E-3,-159.99999642E-3,
,,,10.5200009E-3,-159.99999642E-3,
,,,10.5600003E-3,-159.99999642E-3,
,,,10.6000006E-3,-159.99999642E-3,
,,,10.6400009E-3,-159.99999642E-3,
,,,10.6800003E-3,-159.99999642E-3,
,,,10.7200006E-3,-159.99999642E-3,
,,,10.7600009E-3,-159.99999642E-3,
,,,10.8000003E-3,-159.99999642E-3,
,,,10.8400006E-3,-159.99999642E-3,
,,,10.8800009E-3,-159.99999642E-3,
,,,10.9200003E-3,-159.99999642E-3,
,,,10.9600006E-3,-159.99999642E-3,
,,,11.0000009E-3,-159.99999642E-3,
,,,11.0400002E-3,-159.99999642E-3,
,,,11.0800005E-3,-159.99999642E-3,
,,,11.1200009E-3,-159.99999642E-3,
,,,11.1600002E-3,-159.99999642E-3,
,,,11.2000005E-3,-159.99999642E-3,
,,,11.2400008E-3,-159.99999642E-3,
,,,11.2800002E-3,-159.99999642E-3,
,,,11.3200005E-3,-159.99999642E-3,
,,,11.3600008E-3,-159.99999642E-3,
,,,11.4000011E-3,-239.99999464E-3,
,,,11.4400005E-3,-159.99999642E-3,
,,,11.4800008E-3,-159.99999642E-3,
,,,11.5200011E-3,-159.99999642E-3,
,,,11.5600005E-3,-159.99999642E-3,
,,,11.6000008E-3,-159.99999642E-3,
,,,11.6400011E-3,-159.99999642E-3,
,,,11.6800005E-3,-159.99999642E-3,
,,,11.7200008E-3,-79.999998212E-3,
,,,11.7600011E-3,-159.99999642E-3,
,,,11.8000004E-3,-159.99999642E-3,
,,,11.8400007E-3,-159.99999642E-3,
,,,11.8800011E-3,-159.99999642E-3,
,,,11.9200004E-3,-159.99999642E-3,
,,,11.9600007E-3,-159.99999642E-3,
,,,12.0000010E-3,-159.99999642E-3,
,,,12.0400004E-3,-159.99999642E-3,
,,,12.0800007E-3,-159.99999642E-3,
,,,12.1200010E-3,-159.99999642E-3,
,,,12.1600004E-3,-159.99999642E-3,
,,,12.2000007E-3,-159.99999642E-3,
,,,12.2400010E-3,-159.99999642E-3,
,,,12.2800004E-3,79.999998212E-3,
,,,12.3200007E-3,399.99997616E-3,
,,,12.3600010E-3,639.999985695E-3,
,,,12.4000004E-3,879.999995232E-3,
,,,12.4400007E-3,1.1200000,
,,,12.4800010E-3,1.3600000,
,,,12.5200003E-3,1.5999999,
,,,12.5600006E-3,1.8399999,
,,,12.6000009E-3,2.0000000,
,,,12.6400003E-3,2.2400000,
,,,12.6800006E-3,2.3999999,
,,,12.7200009E-3,2.5599999,
,,,12.7600003E-3,2.72000003,
,,,12.8000006E-3,2.87999988,
,,,12.8400009E-3,3.03999996,
,,,12.8800003E-3,3.19999981,
,,,12.9200006E-3,3.27999997,
,,,12.9600009E-3,3.43999982,
,,,13.0000003E-3,3.51999998,
,,,13.0400006E-3,3.59999990,
,,,13.0800009E-3,3.75999999,
,,,13.1200003E-3,3.83999991,
,,,13.1600006E-3,3.91999984,
,,,13.2000009E-3,4.00000000,
,,,13.2400002E-3,4.15999985,
,,,13.2800005E-3,4.23999977,
,,,13.3200008E-3,4.31999969,
,,,13.3600002E-3,4.31999969,
,,,13.4000005E-3,4.40000010,
,,,13.4400008E-3,4.48000002,
,,,13.4800002E-3,4.55999994,
,,,13.5200005E-3,4.55999994,
,,,13.5600008E-3,4.63999987,
,,,13.6000002E-3,4.71999979,
,,,13.6400005E-3,4.71999979,
,,,13.6800008E-3,4.79999971,
,,,13.7200002E-3,4.88000011,
,,,13.7600005E-3,4.88000011,
,,,13.8000008E-3,4.88000011,
,,,13.8400011E-3,4.96000004,
,,,13.8800004E-3,5.03999996,
,,,13.9200008E-3,5.03999996,
,,,13.9600011E-3,5.03999996,
,,,14.0000004E-3,5.11999989,
,,,14.0400007E-3,5.19999981,
,,,14.0800010E-3,5.19999981,
,,,14.1200004E-3,5.19999981,
,,,14.1600007E-3,5.19999981,
,,,14.2000010E-3,5.27999973,
,,,14.2400004E-3,5.27999973,
,,,14.2800007E-3,5.27999973,
,,,14.3200010E-3,5.27999973,
,,,14.3600004E-3,5.35999966,
,,,14.4000007E-3,5.35999966,
,,,14.4400010E-3,5.35999966,
,,,14.4800004E-3,5.35999966,
,,,14.5200007E-3,5.44000006,
,,,14.5600010E-3,5.44000006,
,,,14.6000003E-3,5.44000006,
,,,14.6400006E-3,5.44000006,
,,,14.6800010E-3,5.44000006,
,,,14.7200003E-3,5.44000006,
,,,14.7600006E-3,5.51999998,
,,,14.8000009E-3,5.51999998,
,,,14.8400003E-3,5.51999998,
,,,14.8800006E-3,5.44000006,
,,,14.9200009E-3,5.51999998,
,,,14.9600003E-3,5.59999990,
,,,15.0000006E-3,5.51999998,
,,,15.0400009E-3,5.51999998,
,,,15.0800003E-3,5.59999990,
,,,15.1200006E-3,5.59999990,
,,,15.1600009E-3,5.51999998,
,,,15.2000003E-3,5.59999990,
,,,15.2400006E-3,5.59999990,
,,,15.2800009E-3,5.59999990,
,,,15.3200002E-3,5.59999990,
,,,15.3600005E-3,5.59999990,
,,,15.4000008E-3,5.59999990,
,,,15.4400002E-3,5.59999990,
,,,15.4800005E-3,5.67999983,
,,,15.5200008E-3,5.67999983,
,,,15.5600002E-3,5.67999983,
,,,15.6000005E-3,5.67999983,
,,,15.6399999E-3,5.67999983,
,,,15.6800002E-3,5.67999983,
,,,15.7200005E-3,5.67999983,
,,,15.7600008E-3,5.67999983,
,,,15.8000011E-3,5.67999983,
,,,15.8400014E-3,5.67999983,
,,,15.8799998E-3,5.67999983,
,,,15.9200002E-3,5.67999983,
,,,15.9600005E-3,5.59999990,
,,,16.0000008E-3,5.67999983,
,,,16.0400011E-3,5.67999983,
,,,16.0800014E-3,5.67999983,
,,,16.1199998E-3,5.67999983,
,,,16.1600001E-3,5.67999983,
,,,16.2000004E-3,5.67999983,
,,,16.2400007E-3,5.67999983,
,,,16.2800010E-3,5.67999983,
,,,16.3200013E-3,5.67999983,
,,,16.3599998E-3,5.67999983,
,,,16.4000001E-3,5.67999983,
,,,16.4400004E-3,5.67999983,
,,,16.4800007E-3,5.67999983,
,,,16.5200010E-3,5.67999983,
,,,16.5600013E-3,5.67999983,
,,,16.5999997E-3,5.67999983,
,,,16.6400000E-3,5.67999983,
,,,16.6800003E-3,5.67999983,
,,,16.7200007E-3,5.67999983,
,,,16.7600010E-3,5.67999983,
,,,16.8000013E-3,5.67999983,
,,,16.8399997E-3,5.67999983,
,,,16.8800000E-3,5.67999983,
,,,16.9200003E-3,5.67999983,
,,,16.9600006E-3,5.67999983,
,,,17.0000009E-3,5.67999983,
,,,17.0400012E-3,5.67999983,
,,,17.0799997E-3,5.67999983,
,,,17.1200000E-3,5.67999983,
,,,17.1600003E-3,5.67999983,
,,,17.2000006E-3,5.67999983,
,,,17.2400009E-3,5.67999983,
,,,17.2800012E-3,5.67999983,
,,,17.3199996E-3,5.67999983,
,,,17.3599999E-3,5.67999983,
,,,17.4000002E-3,5.67999983,
,,,17.4400005E-3,5.67999983,
,,,17.4800009E-3,5.67999983,
,,,17.5200012E-3,5.67999983,
,,,17.5599996E-3,5.67999983,
,,,17.5999999E-3,5.67999983,
,,,17.6400002E-3,5.67999983,
,,,17.6800005E-3,5.67999983,
,,,17.7200008E-3,5.75999975,
,,,17.7600011E-3,5.67999983,
,,,17.8000014E-3,5.67999983,
,,,17.8399999E-3,5.67999983,
,,,17.8800002E-3,5.67999983,
,,,17.9200005E-3,5.67999983,
,,,17.9600008E-3,5.67999983,
,,,18.0000011E-3,5.67999983,
,,,18.0400014E-3,5.67999983,
,,,18.0799998E-3,5.67999983,
,,,18.1200001E-3,5.67999983,
,,,18.1600004E-3,5.67999983,
,,,18.2000007E-3,5.67999983,
,,,18.2400011E-3,5.67999983,
,,,18.2800014E-3,5.67999983,
,,,18.3199998E-3,5.67999983,
,,,18.3600001E-3,5.67999983,
,,,18.4000004E-3,5.35999966,
,,,18.4400007E-3,5.03999996,
,,,18.4800010E-3,4.79999971,
,,,18.5200013E-3,4.55999994,
,,,18.5599998E-3,4.31999969,
,,,18.6000001E-3,4.07999992,
,,,18.6400004E-3,3.83999991,
,,,18.6800007E-3,3.67999983,
,,,18.7200010E-3,3.43999982,
,,,18.7600013E-3,3.27999997,
,,,18.7999997E-3,3.11999989,
,,,18.8400000E-3,2.96000004,
,,,18.8800003E-3,2.79999995,
,,,18.9200006E-3,2.5599999,
,,,18.9600009E-3,2.4800000,
,,,19.0000013E-3,2.3999999,
,,,19.0399997E-3,2.2400000,
,,,19.0800000E-3,2.0799999,
,,,19.1200003E-3,2.0000000,
,,,19.1600006E-3,1.8399999,
,,,19.2000009E-3,1.7600000,
,,,19.2400012E-3,1.6799999,
,,,19.2799997E-3,1.5999999,
,,,19.3200000E-3,1.5200000,
,,,19.3600003E-3,1.4399999,
,,,19.4000006E-3,1.3600000,
,,,19.4400009E-3,1.2800000,
,,,19.4800012E-3,1.1999999,
,,,19.5199996E-3,1.1200000,
,,,19.5599999E-3,1.0400000,
,,,19.6000002E-3,959.999978542E-3,
,,,19.6400005E-3,959.999978542E-3,
,,,19.6800008E-3,879.999995232E-3,
,,,19.7200011E-3,799.999952316E-3,
,,,19.7599996E-3,799.999952316E-3,
,,,19.7999999E-3,719.999969006E-3,
,,,19.8400002E-3,639.999985695E-3,
,,,19.8800005E-3,639.999985695E-3,
,,,19.9200008E-3,560.000002384E-3,
,,,19.9600011E-3,560.000002384E-3,
,,,19.9999996E-3,479.999989271E-3,
,,,20.0399999E-3,479.999989271E-3,
,,,20.0800002E-3,479.999989271E-3,
,,,20.12000047E-3,399.99997616E-3,
,,,20.16000077E-3,399.99997616E-3,
,,,20.20000108E-3,319.99999285E-3,
,,,20.24000138E-3,319.99999285E-3,
,,,20.27999982E-3,319.99999285E-3,
,,,20.32000013E-3,319.99999285E-3,
,,,20.36000043E-3,239.99999464E-3,
,,,20.40000074E-3,239.99999464E-3,
,,,20.44000104E-3,239.99999464E-3,
,,,20.48000135E-3,239.99999464E-3,
,,,20.51999979E-3,159.99999642E-3,
,,,20.56000009E-3,159.99999642E-3,
,,,20.60000040E-3,159.99999642E-3,
,,,20.64000070E-3,79.999998212E-3,
,,,20.68000101E-3,79.999998212E-3,
,,,20.72000131E-3,79.999998212E-3,
,,,20.75999975E-3,79.999998212E-3,
,,,20.80000006E-3,79.999998212E-3,
,,,20.84000036E-3,79.999998212E-3,
,,,20.88000067E-3,0.0,
,,,20.92000097E-3,0.0,
,,,20.96000127E-3,0.0,
,,,20.99999972E-3,79.999998212E-3,
,,,21.04000002E-3,0.0,
,,,21.08000033E-3,0.0,
,,,21.12000063E-3,0.0,
,,,21.16000094E-3,0.0,
,,,21.20000124E-3,0.0,
,,,21.23999968E-3,-79.999998212E-3,
,,,21.27999999E-3,0.0,
,,,21.32000029E-3,-79.999998212E-3,
,,,21.36000060E-3,-79.999998212E-3,
,,,21.40000090E-3,-79.999998212E-3,
,,,21.44000120E-3,-79.999998212E-3,
,,,21.47999965E-3,-79.999998212E-3,
,,,21.51999995E-3,-79.999998212E-3,
,,,21.56000026E-3,-79.999998212E-3,
,,,21.60000056E-3,-79.999998212E-3,
,,,21.64000086E-3,-79.999998212E-3,
,,,21.68000117E-3,-79.999998212E-3,
,,,21.71999961E-3,-79.999998212E-3,
,,,21.75999992E-3,-79.999998212E-3,
,,,21.80000022E-3,-79.999998212E-3,
,,,21.84000053E-3,-79.999998212E-3,
,,,21.88000083E-3,-79.999998212E-3,
,,,21.92000113E-3,-79.999998212E-3,
,,,21.95999958E-3,-159.99999642E-3,
,,,21.99999988E-3,-79.999998212E-3,
,,,22.04000019E-3,-79.999998212E-3,
,,,22.08000049E-3,-159.99999642E-3,
,,,22.12000079E-3,-159.99999642E-3,
,,,22.16000110E-3,-159.99999642E-3,
,,,22.19999954E-3,-159.99999642E-3,
,,,22.23999985E-3,-159.99999642E-3,
,,,22.28000015E-3,-79.999998212E-3,
,,,22.32000045E-3,-159.99999642E-3,
,,,22.36000076E-3,-159.99999642E-3,
,,,22.40000106E-3,-159.99999642E-3,
,,,22.43999951E-3,-159.99999642E-3,
,,,22.47999981E-3,-79.999998212E-3,
,,,22.52000012E-3,-159.99999642E-3,
,,,22.56000042E-3,-159.99999642E-3,
,,,22.60000072E-3,-159.99999642E-3,
,,,22.64000103E-3,-159.99999642E-3,
,,,22.67999947E-3,-159.99999642E-3,
,,,22.71999978E-3,-159.99999642E-3,
,,,22.76000008E-3,-79.999998212E-3,
,,,22.80000038E-3,-79.999998212E-3,
,,,22.84000069E-3,-159.99999642E-3,
,,,22.88000099E-3,-159.99999642E-3,
,,,22.92000130E-3,-159.99999642E-3,
,,,22.95999974E-3,-159.99999642E-3,
,,,23.00000004E-3,-159.99999642E-3,
,,,23.04000035E-3,-159.99999642E-3,
,,,23.08000065E-3,-159.99999642E-3,
,,,23.12000096E-3,-159.99999642E-3,
,,,23.16000126E-3,-159.99999642E-3,
,,,23.19999970E-3,-159.99999642E-3,
,,,23.24000001E-3,-159.99999642E-3,
,,,23.28000031E-3,-159.99999642E-3,
,,,23.32000062E-3,-159.99999642E-3,
,,,23.36000092E-3,-159.99999642E-3,
,,,23.40000123E-3,-159.99999642E-3,
,,,23.43999967E-3,-159.99999642E-3,
,,,23.47999997E-3,-159.99999642E-3,
,,,23.52000028E-3,-159.99999642E-3,
,,,23.56000058E-3,-159.99999642E-3,
,,,23.60000089E-3,-159.99999642E-3,
,,,23.64000119E-3,-159.99999642E-3,
,,,23.67999963E-3,-159.99999642E-3,
,,,23.71999994E-3,-159.99999642E-3,
,,,23.76000024E-3,-159.99999642E-3,
,,,23.80000055E-3,-159.99999642E-3,
,,,23.84000085E-3,-159.99999642E-3,
,,,23.88000116E-3,-159.99999642E-3,
,,,23.91999960E-3,-159.99999642E-3,
,,,23.95999990E-3,-159.99999642E-3,
,,,24.00000021E-3,-159.99999642E-3,
,,,24.04000051E-3,-159.99999642E-3,
,,,24.08000082E-3,-159.99999642E-3,
,,,24.12000112E-3,-159.99999642E-3,
,,,24.15999956E-3,-159.99999642E-3,
,,,24.19999987E-3,-159.99999642E-3,
,,,24.24000017E-3,-159.99999642E-3,
,,,24.28000048E-3,-159.99999642E-3,
,,,24.32000078E-3,-159.99999642E-3,
,,,24.36000109E-3,-159.99999642E-3,
,,,24.39999953E-3,-159.99999642E-3,
,,,24.43999983E-3,-159.99999642E-3,
,,,24.48000014E-3,-159.99999642E-3,
,,,24.52000044E-3,-159.99999642E-3,
,,,24.56000075E-3,-159.99999642E-3,
,,,24.60000105E-3,-159.99999642E-3,
,,,24.63999949E-3,-159.99999642E-3,
,,,24.67999980E-3,-159.99999642E-3,
,,,24.72000010E-3,-239.99999464E-3,
,,,24.76000041E-3,0.0,
,,,24.80000071E-3,319.99999285E-3,
,,,24.84000102E-3,560.000002384E-3,
,,,24.87999946E-3,799.999952316E-3,
,,,24.91999976E-3,1.0400000,
,,,24.96000007E-3,1.2800000,
,,,25.00000037E-3,1.5200000,
,,,25.04000068E-3,1.7600000,
,,,25.08000098E-3,1.9200000,
,,,25.11999942E-3,2.1599998,
,,,25.15999973E-3,2.3199999,
,,,25.20000003E-3,2.4800000,
,,,25.24000034E-3,2.6399999,
,,,25.28000064E-3,2.79999995,
,,,25.32000095E-3,2.96000004,
,,,25.35999939E-3,3.11999989,
,,,25.39999969E-3,3.19999981,
,,,25.44000000E-3,3.35999990,
,,,25.48000030E-3,3.51999998,
,,,25.52000061E-3,3.59999990,
,,,25.56000091E-3,3.67999983,
,,,25.60000122E-3,3.75999999,
,,,25.63999966E-3,3.83999991,
,,,25.67999996E-3,4.00000000,
,,,25.72000027E-3,4.07999992,
,,,25.76000057E-3,4.15999985,
,,,25.80000088E-3,4.23999977,
,,,25.84000118E-3,4.31999969,
,,,25.87999962E-3,4.40000010,
,,,25.91999993E-3,4.48000002,
,,,25.96000023E-3,4.48000002,
,,,26.00000054E-3,4.55999994,
,,,26.04000084E-3,4.63999987,
,,,26.08000115E-3,4.63999987,
,,,26.11999959E-3,4.71999979,
,,,26.15999989E-3,4.79999971,
,,,26.20000020E-3,4.88000011,
,,,26.24000050E-3,4.88000011,
,,,26.28000081E-3,4.96000004,
,,,26.32000111E-3,4.96000004,
,,,26.35999955E-3,4.96000004,
,,,26.39999986E-3,5.03999996,
,,,26.44000016E-3,5.03999996,
,,,26.48000047E-3,5.11999989,
,,,26.52000077E-3,5.11999989,
,,,26.56000108E-3,5.11999989,
,,,26.59999952E-3,5.11999989,
,,,26.63999982E-3,5.19999981,
,,,26.68000013E-3,5.19999981,
,,,26.72000043E-3,5.27999973,
,,,26.76000074E-3,5.27999973,
,,,26.80000104E-3,5.27999973,
,,,26.83999948E-3,5.35999966,
,,,26.87999979E-3,5.35999966,
,,,26.92000009E-3,5.35999966,
,,,26.96000040E-3,5.35999966,
,,,27.00000070E-3,5.35999966,
,,,27.04000100E-3,5.44000006,
,,,27.07999945E-3,5.44000006,
,,,27.11999975E-3,5.44000006,
,,,27.16000006E-3,5.44000006,
,,,27.20000036E-3,5.44000006,
,,,27.24000067E-3,5.44000006,
,,,27.28000097E-3,5.51999998,
,,,27.31999941E-3,5.51999998,
,,,27.35999972E-3,5.51999998,
,,,27.40000002E-3,5.51999998,
,,,27.44000033E-3,5.51999998,
,,,27.48000063E-3,5.59999990,
,,,27.52000093E-3,5.59999990,
,,,27.55999938E-3,5.51999998,
,,,27.59999968E-3,5.51999998,
,,,27.63999999E-3,5.51999998,
,,,27.68000029E-3,5.59999990,
,,,27.72000059E-3,5.59999990,
,,,27.76000090E-3,5.59999990,
,,,27.79999934E-3,5.59999990,
,,,27.83999965E-3,5.67999983,
,,,27.87999995E-3,5.59999990,
,,,27.92000026E-3,5.59999990,
,,,27.96000056E-3,5.59999990,
,,,28.00000086E-3,5.59999990,
,,,28.04000117E-3,5.67999983,
,,,28.07999961E-3,5.67999983,
,,,28.11999992E-3,5.67999983,
,,,28.16000022E-3,5.59999990,
,,,28.20000052E-3,5.67999983,
,,,28.24000083E-3,5.67999983,
,,,28.28000113E-3,5.67999983,
,,,28.31999958E-3,5.67999983,
,,,28.35999988E-3,5.67999983,
,,,28.40000018E-3,5.67999983,
,,,28.44000049E-3,5.67999983,
,,,28.48000079E-3,5.67999983,
,,,28.52000110E-3,5.67999983,
,,,28.55999954E-3,5.67999983,
,,,28.59999985E-3,5.67999983,
,,,28.64000015E-3,5.67999983,
,,,28.68000045E-3,5.67999983,
,,,28.72000076E-3,5.67999983,
,,,28.76000106E-3,5.67999983,
,,,28.79999951E-3,5.67999983,
,,,28.83999981E-3,5.67999983,
,,,28.88000011E-3,5.67999983,
,,,28.92000042E-3,5.67999983,
,,,28.96000072E-3,5.67999983,
,,,29.00000103E-3,5.67999983,
,,,29.03999947E-3,5.67999983,
,,,29.07999977E-3,5.67999983,
,,,29.12000008E-3,5.67999983,
,,,29.16000038E-3,5.67999983,
,,,29.20000069E-3,5.67999983,
,,,29.24000099E-3,5.67999983,
,,,29.27999943E-3,5.67999983,
,,,29.31999974E-3,5.67999983,
,,,29.36000004E-3,5.67999983,
,,,29.40000035E-3,5.67999983,
,,,29.44000065E-3,5.67999983,
,,,29.48000096E-3,5.67999983,
,,,29.51999940E-3,5.67999983,
,,,29.55999970E-3,5.67999983,
,,,29.60000001E-3,5.67999983,
,,,29.64000031E-3,5.67999983,
,,,29.68000062E-3,5.67999983,
,,,29.72000092E-3,5.67999983,
,,,29.75999936E-3,5.67999983,
,,,29.79999967E-3,5.67999983,
,,,29.83999997E-3,5.67999983,
,,,29.88000028E-3,5.67999983,
,,,29.92000058E-3,5.67999983,
,,,29.96000089E-3,5.67999983,
,,,29.99999933E-3,5.67999983,
,,,30.03999963E-3,5.67999983,
,,,30.07999994E-3,5.67999983,
,,,30.12000024E-3,5.67999983,
,,,30.16000055E-3,5.67999983,
,,,30.20000085E-3,5.67999983,
,,,30.23999929E-3,5.67999983,
,,,30.27999960E-3,5.67999983,
,,,30.31999990E-3,5.67999983,
,,,30.36000021E-3,5.67999983,
,,,30.40000051E-3,5.67999983,
,,,30.44000082E-3,5.67999983,
,,,30.48000112E-3,5.67999983,
,,,30.51999956E-3,5.67999983,
,,,30.55999987E-3,5.67999983,
,,,30.60000017E-3,5.67999983,
,,,30.64000048E-3,5.67999983,
,,,30.68000078E-3,5.75999975,
,,,30.72000109E-3,5.67999983,
,,,30.75999953E-3,5.67999983,
,,,30.79999983E-3,5.67999983,
,,,30.84000014E-3,5.67999983,
,,,30.88000044E-3,5.51999998,
,,,30.92000075E-3,5.19999981,
,,,30.96000105E-3,4.96000004,
,,,30.99999949E-3,4.63999987,
,,,31.03999980E-3,4.40000010,
,,,31.08000010E-3,4.15999985,
,,,31.12000041E-3,4.00000000,
,,,31.16000071E-3,3.75999999,
,,,31.20000102E-3,3.51999998,
,,,31.23999946E-3,3.35999990,
,,,31.27999976E-3,3.19999981,
,,,31.32000193E-3,3.03999996,
,,,31.36000037E-3,2.87999988,
,,,31.39999881E-3,2.72000003,
,,,31.44000098E-3,2.5599999,
,,,31.47999942E-3,2.3999999,
,,,31.52000159E-3,2.3199999,
,,,31.56000003E-3,2.1599998,
,,,31.59999847E-3,2.0799999,
,,,31.64000064E-3,1.9200000,
,,,31.67999908E-3,1.8399999,
,,,31.72000125E-3,1.6799999,
,,,31.75999969E-3,1.5999999,
,,,31.80000186E-3,1.5999999,
,,,31.84000030E-3,1.4399999,
,,,31.87999874E-3,1.3600000,
,,,31.92000091E-3,1.2800000,
,,,31.95999935E-3,1.2800000,
,,,32.00000152E-3,1.1200000,
,,,32.03999996E-3,1.0400000,
,,,32.07999840E-3,1.0400000,
,,,32.12000057E-3,959.999978542E-3,
,,,32.15999901E-3,879.999995232E-3,
,,,32.20000118E-3,879.999995232E-3,
,,,32.23999962E-3,799.999952316E-3,
,,,32.28000179E-3,799.999952316E-3,
,,,32.32000023E-3,639.999985695E-3,
,,,32.35999867E-3,639.999985695E-3,
,,,32.40000084E-3,639.999985695E-3,
,,,32.43999928E-3,639.999985695E-3,
,,,32.48000145E-3,560.000002384E-3,
,,,32.51999989E-3,479.999989271E-3,
,,,32.55999833E-3,479.999989271E-3,
,,,32.60000050E-3,479.999989271E-3,
,,,32.63999894E-3,399.99997616E-3,
,,,32.68000111E-3,399.99997616E-3,
,,,32.71999955E-3,319.99999285E-3,
,,,32.76000172E-3,319.99999285E-3,
,,,32.80000016E-3,319.99999285E-3,
,,,32.83999860E-3,319.99999285E-3,
,,,32.88000077E-3,239.99999464E-3,
,,,32.91999921E-3,239.99999464E-3,
,,,32.96000138E-3,239.99999464E-3,
,,,32.99999982E-3,159.99999642E-3,
,,,33.04000199E-3,159.99999642E-3,
,,,33.08000043E-3,159.99999642E-3,
,,,33.11999887E-3,159.99999642E-3,
,,,33.16000104E-3,79.999998212E-3,
,,,33.19999948E-3,79.999998212E-3,
,,,33.24000165E-3,79.999998212E-3,
,,,33.28000009E-3,79.999998212E-3,
,,,33.31999853E-3,79.999998212E-3,
,,,33.36000070E-3,79.999998212E-3,
,,,33.39999914E-3,0.0,
,,,33.44000131E-3,79.999998212E-3,
,,,33.47999975E-3,0.0,
,,,33.52000192E-3,0.0,
,,,33.56000036E-3,0.0,
,,,33.59999880E-3,0.0,
,,,33.64000097E-3,0.0,
,,,33.67999941E-3,0.0,
,,,33.72000158E-3,0.0,
,,,33.76000002E-3,-79.999998212E-3,
,,,33.79999846E-3,-79.999998212E-3,
,,,33.84000063E-3,-79.999998212E-3,
,,,33.87999907E-3,-79.999998212E-3,
,,,33.92000124E-3,-79.999998212E-3,
,,,33.95999968E-3,-79.999998212E-3,
,,,34.00000185E-3,-79.999998212E-3,
,,,34.04000029E-3,-79.999998212E-3,
,,,34.07999873E-3,-79.999998212E-3,
,,,34.12000090E-3,-79.999998212E-3,
,,,34.15999934E-3,-79.999998212E-3,
,,,34.20000151E-3,-79.999998212E-3,
,,,34.23999995E-3,-79.999998212E-3,
,,,34.27999839E-3,-79.999998212E-3,
,,,34.32000056E-3,-79.999998212E-3,
,,,34.35999900E-3,-79.999998212E-3,
,,,34.40000117E-3,-79.999998212E-3,
,,,34.43999961E-3,-79.999998212E-3,
,,,34.48000178E-3,-79.999998212E-3,
,,,34.52000022E-3,-79.999998212E-3,
,,,34.55999866E-3,-79.999998212E-3,
,,,34.60000083E-3,-159.99999642E-3,
,,,34.63999927E-3,-159.99999642E-3,
,,,34.68000144E-3,-159.99999642E-3,
,,,34.71999988E-3,-159.99999642E-3,
,,,34.75999832E-3,-159.99999642E-3,
,,,34.80000049E-3,-159.99999642E-3,
,,,34.83999893E-3,-159.99999642E-3,
,,,34.88000110E-3,-159.99999642E-3,
,,,34.91999954E-3,-159.99999642E-3,
,,,34.96000171E-3,-159.99999642E-3,
,,,35.00000015E-3,-159.99999642E-3,
,,,35.03999859E-3,-79.999998212E-3,
,,,35.08000076E-3,-159.99999642E-3,
,,,35.11999920E-3,-159.99999642E-3,
,,,35.16000137E-3,-159.99999642E-3,
,,,35.19999981E-3,-79.999998212E-3,
,,,35.23999825E-3,-159.99999642E-3,
,,,35.28000042E-3,-159.99999642E-3,
,,,35.31999886E-3,-159.99999642E-3,
,,,35.36000103E-3,-79.999998212E-3,
,,,35.39999947E-3,-159.99999642E-3,
,,,35.44000164E-3,-159.99999642E-3,
,,,35.48000008E-3,-159.99999642E-3,
,,,35.51999852E-3,-159.99999642E-3,
,,,35.56000069E-3,-159.99999642E-3,
,,,35.59999913E-3,-159.99999642E-3,
,,,35.64000130E-3,-159.99999642E-3,
,,,35.67999974E-3,-159.99999642E-3,
,,,35.72000191E-3,-159.99999642E-3,
,,,35.76000035E-3,-159.99999642E-3,
,,,35.79999879E-3,-159.99999642E-3,
,,,35.84000096E-3,-159.99999642E-3,
,,,35.87999940E-3,-159.99999642E-3,
,,,35.92000157E-3,-79.999998212E-3,
,,,35.96000001E-3,-159.99999642E-3,
,,,35.99999845E-3,-239.99999464E-3,
,,,36.04000062E-3,-239.99999464E-3,
,,,36.07999906E-3,-159.99999642E-3,
,,,36.12000123E-3,-159.99999642E-3,
,,,36.15999967E-3,-159.99999642E-3,
,,,36.20000184E-3,-239.99999464E-3,
,,,36.24000028E-3,-159.99999642E-3,
,,,36.27999872E-3,-159.99999642E-3,
,,,36.32000089E-3,-159.99999642E-3,
,,,36.35999933E-3,-159.99999642E-3,
,,,36.40000150E-3,-159.99999642E-3,
,,,36.43999994E-3,-159.99999642E-3,
,,,36.47999838E-3,-159.99999642E-3,
,,,36.52000055E-3,-159.99999642E-3,
,,,36.55999899E-3,-159.99999642E-3,
,,,36.60000116E-3,-159.99999642E-3,
,,,36.63999960E-3,-159.99999642E-3,
,,,36.68000177E-3,-159.99999642E-3,
,,,36.72000021E-3,-159.99999642E-3,
,,,36.75999865E-3,-239.99999464E-3,
,,,36.80000082E-3,-159.99999642E-3,
,,,36.83999926E-3,-159.99999642E-3,
,,,36.88000143E-3,-159.99999642E-3,
,,,36.91999987E-3,-159.99999642E-3,
,,,36.95999831E-3,-159.99999642E-3,
,,,37.00000048E-3,-159.99999642E-3,
,,,37.03999892E-3,-159.99999642E-3,
,,,37.08000109E-3,-159.99999642E-3,
,,,37.11999953E-3,-239.99999464E-3,
,,,37.16000170E-3,-159.99999642E-3,
,,,37.20000014E-3,-79.999998212E-3,
,,,37.23999858E-3,-159.99999642E-3,
,,,37.28000075E-3,79.999998212E-3,
,,,37.31999919E-3,479.999989271E-3,
,,,37.36000136E-3,719.999969006E-3,
,,,37.39999980E-3,959.999978542E-3,
,,,37.43999824E-3,1.1999999,
,,,37.48000041E-3,1.4399999,
,,,37.51999885E-3,1.5999999,
,,,37.56000102E-3,1.8399999,
,,,37.59999946E-3,2.0799999,
,,,37.64000162E-3,2.2400000,
,,,37.68000007E-3,2.3999999,
,,,37.71999851E-3,2.5599999,
,,,37.76000068E-3,2.72000003,
,,,37.79999912E-3,2.87999988,
,,,37.84000129E-3,2.96000004,
,,,37.87999973E-3,3.19999981,
,,,37.91999817E-3,3.27999997,
,,,37.96000034E-3,3.43999982,
,,,37.99999878E-3,3.51999998,
,,,38.04000095E-3,3.59999990,
,,,38.07999939E-3,3.75999999,
,,,38.12000155E-3,3.83999991,
,,,38.16000000E-3,4.00000000,
,,,38.19999844E-3,4.00000000,
,,,38.24000061E-3,4.07999992,
,,,38.27999905E-3,4.15999985,
,,,38.32000121E-3,4.23999977,
,,,38.35999966E-3,4.31999969,
,,,38.40000182E-3,4.40000010,
,,,38.44000027E-3,4.48000002,
,,,38.47999871E-3,4.55999994,
,,,38.52000087E-3,4.55999994,
,,,38.55999932E-3,4.63999987,
,,,38.60000148E-3,4.71999979,
,,,38.63999993E-3,4.79999971,
,,,38.67999837E-3,4.88000011,
,,,38.72000054E-3,4.88000011,
,,,38.75999898E-3,4.88000011,
,,,38.80000114E-3,4.96000004,
,,,38.83999959E-3,5.03999996,
,,,38.88000175E-3,5.03999996,
,,,38.92000020E-3,5.11999989,
,,,38.95999864E-3,5.03999996,
,,,39.00000080E-3,5.11999989,
,,,39.03999925E-3,5.11999989,
,,,39.08000141E-3,5.11999989,
,,,39.11999986E-3,5.19999981,
,,,39.15999830E-3,5.19999981,
,,,39.20000046E-3,5.27999973,
,,,39.23999891E-3,5.27999973,
,,,39.28000107E-3,5.27999973,
,,,39.31999952E-3,5.27999973,
,,,39.36000168E-3,5.35999966,
,,,39.40000013E-3,5.35999966,
,,,39.43999857E-3,5.35999966,
,,,39.48000073E-3,5.35999966,
,,,39.51999918E-3,5.44000006,
,,,39.56000134E-3,5.44000006,
,,,39.59999979E-3,5.44000006,
,,,39.63999823E-3,5.44000006,
,,,39.68000039E-3,5.44000006,
,,,39.71999884E-3,5.51999998,
,,,39.76000100E-3,5.44000006,
,,,39.79999945E-3,5.51999998,
,,,39.84000161E-3,5.51999998,
,,,39.88000005E-3,5.51999998,
,,,39.91999850E-3,5.51999998,
,,,39.96000066E-3,5.59999990,
,,,39.99999911E-3,5.59999990,
,,,40.04000127E-3,5.59999990,
,,,40.07999972E-3,5.51999998,
,,,40.11999816E-3,5.59999990,
,,,40.16000032E-3,5.51999998,
,,,40.19999877E-3,5.51999998,
,,,40.24000093E-3,5.59999990,
,,,40.27999938E-3,5.59999990,
,,,40.32000154E-3,5.59999990,
,,,40.35999998E-3,5.59999990,
,,,40.39999843E-3,5.67999983,
,,,40.44000059E-3,5.67999983,
,,,40.47999904E-3,5.67999983,
,,,40.52000120E-3,5.67999983,
,,,40.55999964E-3,5.59999990,
,,,40.59999809E-3,5.67999983,
,,,40.64000025E-3,5.67999983,
,,,40.67999870E-3,5.67999983,
,,,40.72000086E-3,5.67999983,
,,,40.75999931E-3,5.67999983,
,,,40.80000147E-3,5.67999983,
,,,40.83999991E-3,5.67999983,
,,,40.87999836E-3,5.67999983,
,,,40.92000052E-3,5.67999983,
,,,40.95999897E-3,5.67999983,
,,,41.00000113E-3,5.67999983,
,,,41.03999957E-3,5.67999983,
,,,41.08000174E-3,5.67999983,
,,,41.12000018E-3,5.67999983,
,,,41.15999863E-3,5.67999983,
,,,41.20000079E-3,5.67999983,
,,,41.23999923E-3,5.67999983,
,,,41.28000140E-3,5.67999983,
,,,41.31999984E-3,5.67999983,
,,,41.35999829E-3,5.67999983,
,,,41.40000045E-3,5.67999983,
,,,41.43999889E-3,5.67999983,
,,,41.48000106E-3,5.67999983,
,,,41.51999950E-3,5.67999983,
,,,41.56000167E-3,5.67999983,
,,,41.60000011E-3,5.67999983,
,,,41.63999856E-3,5.67999983,
,,,41.68000072E-3,5.67999983,
,,,41.71999916E-3,5.67999983,
,,,41.76000133E-3,5.67999983,
,,,41.79999977E-3,5.67999983,
,,,41.83999822E-3,5.67999983,
,,,41.88000038E-3,5.67999983,
,,,41.91999882E-3,5.67999983,
,,,41.96000099E-3,5.67999983,
,,,41.99999943E-3,5.67999983,
,,,42.04000160E-3,5.67999983,
,,,42.08000004E-3,5.67999983,
,,,42.11999848E-3,5.67999983,
,,,42.16000065E-3,5.67999983,
,,,42.19999909E-3,5.67999983,
,,,42.24000126E-3,5.67999983,
,,,42.27999970E-3,5.67999983,
,,,42.31999815E-3,5.67999983,
,,,42.36000031E-3,5.67999983,
,,,42.39999875E-3,5.67999983,
,,,42.44000092E-3,5.67999983,
,,,42.47999936E-3,5.67999983,
,,,42.52000153E-3,5.67999983,
,,,42.55999997E-3,5.67999983,
,,,42.59999841E-3,5.67999983,
,,,42.64000058E-3,5.67999983,
,,,42.67999902E-3,5.67999983,
,,,42.72000119E-3,5.67999983,
,,,42.75999963E-3,5.67999983,
,,,42.79999807E-3,5.67999983,
,,,42.84000024E-3,5.67999983,
,,,42.87999868E-3,5.67999983,
,,,42.92000085E-3,5.67999983,
,,,42.95999929E-3,5.67999983,
,,,43.00000146E-3,5.67999983,
,,,43.03999990E-3,5.67999983,
,,,43.07999834E-3,5.67999983,
,,,43.12000051E-3,5.67999983,
,,,43.15999895E-3,5.67999983,
,,,43.20000112E-3,5.67999983,
,,,43.23999956E-3,5.67999983,
,,,43.27999800E-3,5.67999983,
,,,43.32000017E-3,5.67999983,
,,,43.35999861E-3,5.67999983,
,,,43.40000078E-3,5.35999966,
,,,43.43999922E-3,5.03999996,
,,,43.48000139E-3,4.88000011,
,,,43.51999983E-3,4.48000002,
,,,43.55999827E-3,4.31999969,
,,,43.60000044E-3,4.07999992,
,,,43.63999888E-3,3.83999991,
,,,43.68000105E-3,3.67999983,
,,,43.71999949E-3,3.43999982,
,,,43.76000166E-3,3.27999997,
,,,43.80000010E-3,3.11999989,
,,,43.83999854E-3,2.96000004,
,,,43.88000071E-3,2.79999995,
,,,43.91999915E-3,2.6399999,
,,,43.96000132E-3,2.4800000,
,,,43.99999976E-3,2.3999999,
,,,44.03999820E-3,2.2400000,
,,,44.08000037E-3,2.1599998,
,,,44.11999881E-3,2.0000000,
,,,44.16000098E-3,1.8399999,
,,,44.19999942E-3,1.8399999,
,,,44.24000159E-3,1.6799999,
,,,44.28000003E-3,1.5999999,
,,,44.31999847E-3,1.5200000,
,,,44.36000064E-3,1.4399999,
,,,44.39999908E-3,1.3600000,
,,,44.44000125E-3,1.2800000,
,,,44.47999969E-3,1.1999999,
,,,44.51999813E-3,1.1200000,
,,,44.56000030E-3,1.0400000,
,,,44.59999874E-3,1.0400000,
,,,44.64000091E-3,959.999978542E-3,
,,,44.67999935E-3,879.999995232E-3,
,,,44.72000152E-3,799.999952316E-3,
,,,44.75999996E-3,799.999952316E-3,
,,,44.79999840E-3,639.999985695E-3,
,,,44.84000057E-3,639.999985695E-3,
,,,44.87999901E-3,639.999985695E-3,
,,,44.92000118E-3,560.000002384E-3,
,,,44.95999962E-3,560.000002384E-3,
,,,44.99999806E-3,560.000002384E-3,
,,,45.04000023E-3,479.999989271E-3,
,,,45.07999867E-3,479.999989271E-3,
,,,45.12000084E-3,399.99997616E-3,
,,,45.15999928E-3,399.99997616E-3,
,,,45.20000145E-3,319.99999285E-3,
,,,45.23999989E-3,319.99999285E-3,
,,,45.27999833E-3,319.99999285E-3,
,,,45.32000050E-3,319.99999285E-3,
,,,45.35999894E-3,239.99999464E-3,
,,,45.40000111E-3,239.99999464E-3,
,,,45.43999955E-3,239.99999464E-3,
,,,45.47999799E-3,239.99999464E-3,
,,,45.52000016E-3,159.99999642E-3,
,,,45.55999860E-3,159.99999642E-3,
,,,45.60000077E-3,159.99999642E-3,
,,,45.63999921E-3,79.999998212E-3,
,,,45.68000138E-3,79.999998212E-3,
,,,45.71999982E-3,79.999998212E-3,
,,,45.75999826E-3,159.99999642E-3,
,,,45.80000043E-3,79.999998212E-3,
,,,45.83999887E-3,79.999998212E-3,
,,,45.88000104E-3,79.999998212E-3,
,,,45.91999948E-3,79.999998212E-3,
,,,45.96000165E-3,0.0,
