Record Length,2500,Points,-4.44000028E-3,-40.00000283E-3,
Sample Interval,3.99999999E-6,s,-4.43600025E-3,-40.00000283E-3,
Trigger Point,1.1100001E3,Samples,-4.43200022E-3,-40.00000283E-3,
,,,-4.42800019E-3,-40.00000283E-3,
,,,-4.42400016E-3,-40.00000283E-3,
,,,-4.42000013E-3,-40.00000283E-3,
Source,CH1,,-4.41600010E-3,-40.00000283E-3,
Vertical Units,Volts,,-4.41200007E-3,-32.00000152E-3,
Vertical Scale,200.00000950E-3,,-4.40800050E-3,-32.00000152E-3,
Vertical Offset,0,,-4.40400047E-3,-40.00000283E-3,
Horizontal Units,s,,-4.40000044E-3,-40.00000283E-3,
Horizontal Scale,1.000000E-3,,-4.39600041E-3,-32.00000152E-3,
Pt Fmt,Y,,-4.39200038E-3,-40.00000283E-3,
Yzero,-3.72000000,,-4.38800035E-3,-40.00000283E-3,
Probe Atten,1.000000,,-4.38400032E-3,-40.00000283E-3,
,,,-4.38000029E-3,-32.00000152E-3,
Note,TBS 1052B-EDU - 12:00:17 p.m.   05/02/2016,,-4.37600026E-3,-32.00000152E-3,
,,,-4.37200023E-3,-24.00000021E-3,
,,,-4.36800020E-3,-32.00000152E-3,
,,,-4.36400017E-3,-32.00000152E-3,
,,,-4.36000014E-3,-32.00000152E-3,
,,,-4.35600011E-3,-32.00000152E-3,
,,,-4.35200008E-3,-32.00000152E-3,
,,,-4.34800051E-3,-32.00000152E-3,
,,,-4.34400048E-3,-32.00000152E-3,
,,,-4.34000045E-3,-32.00000152E-3,
,,,-4.33600042E-3,-32.00000152E-3,
,,,-4.33200039E-3,-32.00000152E-3,
,,,-4.32800036E-3,-40.00000283E-3,
,,,-4.32400033E-3,-24.00000021E-3,
,,,-4.32000030E-3,-32.00000152E-3,
,,,-4.31600027E-3,-24.00000021E-3,
,,,-4.31200024E-3,-32.00000152E-3,
,,,-4.30800021E-3,-24.00000021E-3,
,,,-4.30400018E-3,-32.00000152E-3,
,,,-4.30000015E-3,-32.00000152E-3,
,,,-4.29600012E-3,-24.00000021E-3,
,,,-4.29200009E-3,-32.00000152E-3,
,,,-4.28800005E-3,-24.00000021E-3,
,,,-4.28400049E-3,-24.00000021E-3,
,,,-4.28000046E-3,-24.00000021E-3,
,,,-4.27600043E-3,-24.00000021E-3,
,,,-4.27200040E-3,-24.00000021E-3,
,,,-4.26800037E-3,-32.00000152E-3,
,,,-4.26400034E-3,-32.00000152E-3,
,,,-4.26000031E-3,-24.00000021E-3,
,,,-4.25600028E-3,-24.00000021E-3,
,,,-4.25200025E-3,-24.00000021E-3,
,,,-4.24800022E-3,-24.00000021E-3,
,,,-4.24400019E-3,-24.00000021E-3,
,,,-4.24000015E-3,-32.00000152E-3,
,,,-4.23600012E-3,-24.00000021E-3,
,,,-4.23200009E-3,-24.00000021E-3,
,,,-4.22800006E-3,-24.00000021E-3,
,,,-4.22400050E-3,-32.00000152E-3,
,,,-4.22000047E-3,-24.00000021E-3,
,,,-4.21600044E-3,-24.00000021E-3,
,,,-4.21200041E-3,-24.00000021E-3,
,,,-4.20800038E-3,-32.00000152E-3,
,,,-4.20400035E-3,-24.00000021E-3,
,,,-4.20000032E-3,-24.00000021E-3,
,,,-4.19600029E-3,-24.00000021E-3,
,,,-4.19200025E-3,-24.00000021E-3,
,,,-4.18800022E-3,-24.00000021E-3,
,,,-4.18400019E-3,-24.00000021E-3,
,,,-4.18000016E-3,-24.00000021E-3,
,,,-4.17600013E-3,-24.00000021E-3,
,,,-4.17200010E-3,-24.00000021E-3,
,,,-4.16800007E-3,-24.00000021E-3,
,,,-4.16400051E-3,-24.00000021E-3,
,,,-4.16000048E-3,-24.00000021E-3,
,,,-4.15600045E-3,-24.00000021E-3,
,,,-4.15200042E-3,-24.00000021E-3,
,,,-4.14800039E-3,-24.00000021E-3,
,,,-4.14400036E-3,-24.00000021E-3,
,,,-4.14000032E-3,-24.00000021E-3,
,,,-4.13600029E-3,-16.0000008E-3,
,,,-4.13200026E-3,-16.0000008E-3,
,,,-4.12800023E-3,-24.00000021E-3,
,,,-4.12400020E-3,-24.00000021E-3,
,,,-4.12000017E-3,-16.0000008E-3,
,,,-4.11600014E-3,-24.00000021E-3,
,,,-4.11200011E-3,-16.0000008E-3,
,,,-4.10800008E-3,-24.00000021E-3,
,,,-4.10400005E-3,-16.0000008E-3,
,,,-4.10000049E-3,-16.0000008E-3,
,,,-4.09600046E-3,-16.0000008E-3,
,,,-4.09200042E-3,-16.0000008E-3,
,,,-4.08800039E-3,-24.00000021E-3,
,,,-4.08400036E-3,-16.0000008E-3,
,,,-4.08000033E-3,-16.0000008E-3,
,,,-4.07600030E-3,-16.0000008E-3,
,,,-4.07200027E-3,-24.00000021E-3,
,,,-4.06800024E-3,-16.0000008E-3,
,,,-4.06400021E-3,-16.0000008E-3,
,,,-4.06000018E-3,-16.0000008E-3,
,,,-4.05600015E-3,-16.0000008E-3,
,,,-4.05200012E-3,-16.0000008E-3,
,,,-4.04800009E-3,-16.0000008E-3,
,,,-4.04400006E-3,-16.0000008E-3,
,,,-4.04000049E-3,-16.0000008E-3,
,,,-4.03600046E-3,-16.0000008E-3,
,,,-4.03200043E-3,-16.0000008E-3,
,,,-4.02800040E-3,-16.0000008E-3,
,,,-4.02400037E-3,-16.0000008E-3,
,,,-4.02000034E-3,-16.0000008E-3,
,,,-4.01600031E-3,-16.0000008E-3,
,,,-4.01200028E-3,-16.0000008E-3,
,,,-4.00800025E-3,-16.0000008E-3,
,,,-4.00400022E-3,-8.000000380E-3,
,,,-4.00000019E-3,-16.0000008E-3,
,,,-3.99600016E-3,-16.0000008E-3,
,,,-3.99200013E-3,-16.0000008E-3,
,,,-3.98800010E-3,-16.0000008E-3,
,,,-3.98400007E-3,-16.0000008E-3,
,,,-3.98000050E-3,-16.0000008E-3,
,,,-3.97600047E-3,-16.0000008E-3,
,,,-3.97200044E-3,-8.000000380E-3,
,,,-3.96800041E-3,-16.0000008E-3,
,,,-3.96400038E-3,-16.0000008E-3,
,,,-3.96000035E-3,-16.0000008E-3,
,,,-3.95600032E-3,-8.000000380E-3,
,,,-3.95200029E-3,-16.0000008E-3,
,,,-3.94800026E-3,-16.0000008E-3,
,,,-3.94400023E-3,-16.0000008E-3,
,,,-3.94000020E-3,-16.0000008E-3,
,,,-3.93600017E-3,-8.000000380E-3,
,,,-3.93200014E-3,-16.0000008E-3,
,,,-3.92800011E-3,-8.000000380E-3,
,,,-3.92400008E-3,-8.000000380E-3,
,,,-3.92000051E-3,-16.0000008E-3,
,,,-3.91600048E-3,-8.000000380E-3,
,,,-3.91200045E-3,-16.0000008E-3,
,,,-3.90800042E-3,-8.000000380E-3,
,,,-3.90400039E-3,-8.000000380E-3,
,,,-3.90000036E-3,-16.0000008E-3,
,,,-3.89600033E-3,-8.000000380E-3,
,,,-3.89200030E-3,-8.000000380E-3,
,,,-3.88800027E-3,-16.0000008E-3,
,,,-3.88400024E-3,-8.000000380E-3,
,,,-3.88000021E-3,-16.0000008E-3,
,,,-3.87600018E-3,-8.000000380E-3,
,,,-3.87200038E-3,-16.0000008E-3,
,,,-3.86800035E-3,-16.0000008E-3,
,,,-3.86400032E-3,-32.00000152E-3,
,,,-3.86000029E-3,-16.0000008E-3,
,,,-3.85600026E-3,-8.000000380E-3,
,,,-3.85200023E-3,-8.000000380E-3,
,,,-3.84800020E-3,-8.000000380E-3,
,,,-3.84400017E-3,-8.000000380E-3,
,,,-3.84000037E-3,-8.000000380E-3,
,,,-3.83600034E-3,-8.000000380E-3,
,,,-3.83200031E-3,-16.0000008E-3,
,,,-3.82800028E-3,-8.000000380E-3,
,,,-3.82400025E-3,-8.000000380E-3,
,,,-3.82000022E-3,-8.000000380E-3,
,,,-3.81600019E-3,-8.000000380E-3,
,,,-3.81200039E-3,-8.000000380E-3,
,,,-3.80800036E-3,0.0,
,,,-3.80400033E-3,0.0,
,,,-3.80000030E-3,-8.000000380E-3,
,,,-3.79600027E-3,-8.000000380E-3,
,,,-3.79200024E-3,-8.000000380E-3,
,,,-3.78800021E-3,-8.000000380E-3,
,,,-3.78400018E-3,-8.000000380E-3,
,,,-3.78000038E-3,-8.000000380E-3,
,,,-3.77600035E-3,0.0,
,,,-3.77200032E-3,-8.000000380E-3,
,,,-3.76800029E-3,-8.000000380E-3,
,,,-3.76400026E-3,-8.000000380E-3,
,,,-3.76000023E-3,-8.000000380E-3,
,,,-3.75600019E-3,-8.000000380E-3,
,,,-3.75200040E-3,-8.000000380E-3,
,,,-3.74800037E-3,-8.000000380E-3,
,,,-3.74400034E-3,-16.0000008E-3,
,,,-3.74000031E-3,-8.000000380E-3,
,,,-3.73600028E-3,-8.000000380E-3,
,,,-3.73200024E-3,-8.000000380E-3,
,,,-3.72800021E-3,-8.000000380E-3,
,,,-3.72400018E-3,-8.000000380E-3,
,,,-3.72000039E-3,-8.000000380E-3,
,,,-3.71600036E-3,-8.000000380E-3,
,,,-3.71200033E-3,-8.000000380E-3,
,,,-3.70800029E-3,-8.000000380E-3,
,,,-3.70400026E-3,-8.000000380E-3,
,,,-3.70000023E-3,-8.000000380E-3,
,,,-3.69600020E-3,-8.000000380E-3,
,,,-3.69200017E-3,-8.000000380E-3,
,,,-3.68800038E-3,-8.000000380E-3,
,,,-3.68400034E-3,-8.000000380E-3,
,,,-3.68000031E-3,-8.000000380E-3,
,,,-3.67600028E-3,-8.000000380E-3,
,,,-3.67200025E-3,-8.000000380E-3,
,,,-3.66800022E-3,-8.000000380E-3,
,,,-3.66400019E-3,0.0,
,,,-3.66000040E-3,-8.000000380E-3,
,,,-3.65600036E-3,-8.000000380E-3,
,,,-3.65200033E-3,-8.000000380E-3,
,,,-3.64800030E-3,-8.000000380E-3,
,,,-3.64400027E-3,-8.000000380E-3,
,,,-3.64000024E-3,-8.000000380E-3,
,,,-3.63600021E-3,-8.000000380E-3,
,,,-3.63200018E-3,-8.000000380E-3,
,,,-3.62800038E-3,-8.000000380E-3,
,,,-3.62400035E-3,-8.000000380E-3,
,,,-3.62000032E-3,0.0,
,,,-3.61600029E-3,0.0,
,,,-3.61200026E-3,0.0,
,,,-3.60800023E-3,0.0,
,,,-3.60400020E-3,-8.000000380E-3,
,,,-3.60000017E-3,-8.000000380E-3,
,,,-3.59600037E-3,-8.000000380E-3,
,,,-3.59200034E-3,-8.000000380E-3,
,,,-3.58800031E-3,-8.000000380E-3,
,,,-3.58400028E-3,0.0,
,,,-3.58000025E-3,0.0,
,,,-3.57600022E-3,-8.000000380E-3,
,,,-3.57200019E-3,-8.000000380E-3,
,,,-3.56800039E-3,-8.000000380E-3,
,,,-3.56400036E-3,-8.000000380E-3,
,,,-3.56000033E-3,0.0,
,,,-3.55600030E-3,0.0,
,,,-3.55200027E-3,-8.000000380E-3,
,,,-3.54800024E-3,-8.000000380E-3,
,,,-3.54400021E-3,0.0,
,,,-3.54000018E-3,-8.000000380E-3,
,,,-3.53600038E-3,0.0,
,,,-3.53200035E-3,0.0,
,,,-3.52800032E-3,0.0,
,,,-3.52400029E-3,0.0,
,,,-3.52000026E-3,0.0,
,,,-3.51600023E-3,-8.000000380E-3,
,,,-3.51200020E-3,0.0,
,,,-3.50800017E-3,-8.000000380E-3,
,,,-3.50400037E-3,0.0,
,,,-3.50000034E-3,0.0,
,,,-3.49600031E-3,-8.000000380E-3,
,,,-3.49200028E-3,-8.000000380E-3,
,,,-3.48800025E-3,0.0,
,,,-3.48400022E-3,0.0,
,,,-3.48000019E-3,-8.000000380E-3,
,,,-3.47600039E-3,0.0,
,,,-3.47200036E-3,0.0,
,,,-3.46800033E-3,0.0,
,,,-3.46400030E-3,-8.000000380E-3,
,,,-3.46000027E-3,-8.000000380E-3,
,,,-3.45600024E-3,0.0,
,,,-3.45200021E-3,-8.000000380E-3,
,,,-3.44800018E-3,0.0,
,,,-3.44400038E-3,0.0,
,,,-3.44000035E-3,0.0,
,,,-3.43600032E-3,0.0,
,,,-3.43200029E-3,0.0,
,,,-3.42800026E-3,0.0,
,,,-3.42400023E-3,-8.000000380E-3,
,,,-3.42000020E-3,-8.000000380E-3,
,,,-3.41600040E-3,0.0,
,,,-3.41200037E-3,0.0,
,,,-3.40800034E-3,-8.000000380E-3,
,,,-3.40400031E-3,-8.000000380E-3,
,,,-3.40000028E-3,0.0,
,,,-3.39600025E-3,-8.000000380E-3,
,,,-3.39200022E-3,0.0,
,,,-3.38800019E-3,0.0,
,,,-3.38400039E-3,0.0,
,,,-3.38000036E-3,0.0,
,,,-3.37600033E-3,0.0,
,,,-3.37200030E-3,-8.000000380E-3,
,,,-3.36800027E-3,0.0,
,,,-3.36400024E-3,-8.000000380E-3,
,,,-3.36000021E-3,-8.000000380E-3,
,,,-3.35600018E-3,0.0,
,,,-3.35200038E-3,-8.000000380E-3,
,,,-3.34800035E-3,0.0,
,,,-3.34400032E-3,-8.000000380E-3,
,,,-3.34000029E-3,0.0,
,,,-3.33600026E-3,-8.000000380E-3,
,,,-3.33200023E-3,0.0,
,,,-3.32800020E-3,0.0,
,,,-3.32400040E-3,0.0,
,,,-3.32000037E-3,0.0,
,,,-3.31600034E-3,-8.000000380E-3,
,,,-3.31200031E-3,0.0,
,,,-3.30800028E-3,0.0,
,,,-3.30400025E-3,-8.000000380E-3,
,,,-3.30000021E-3,0.0,
,,,-3.29600018E-3,0.0,
,,,-3.29200039E-3,-8.000000380E-3,
,,,-3.28800036E-3,0.0,
,,,-3.28400033E-3,0.0,
,,,-3.28000030E-3,0.0,
,,,-3.27600027E-3,0.0,
,,,-3.27200023E-3,0.0,
,,,-3.26800020E-3,0.0,
,,,-3.26400017E-3,0.0,
,,,-3.26000038E-3,0.0,
,,,-3.25600035E-3,0.0,
,,,-3.25200032E-3,-8.000000380E-3,
,,,-3.24800028E-3,0.0,
,,,-3.24400025E-3,8.000000380E-3,
,,,-3.24000022E-3,0.0,
,,,-3.23600019E-3,0.0,
,,,-3.23200040E-3,0.0,
,,,-3.22800037E-3,0.0,
,,,-3.22400033E-3,0.0,
,,,-3.22000030E-3,0.0,
,,,-3.21600027E-3,0.0,
,,,-3.21200024E-3,0.0,
,,,-3.20800021E-3,0.0,
,,,-3.20400018E-3,0.0,
,,,-3.20000038E-3,0.0,
,,,-3.19600035E-3,0.0,
,,,-3.19200032E-3,0.0,
,,,-3.18800029E-3,0.0,
,,,-3.18400026E-3,0.0,
,,,-3.18000023E-3,0.0,
,,,-3.17600020E-3,0.0,
,,,-3.17200017E-3,0.0,
,,,-3.16800037E-3,0.0,
,,,-3.16400034E-3,0.0,
,,,-3.16000031E-3,0.0,
,,,-3.15600028E-3,0.0,
,,,-3.15200025E-3,0.0,
,,,-3.14800022E-3,0.0,
,,,-3.14400019E-3,0.0,
,,,-3.14000039E-3,0.0,
,,,-3.13600036E-3,0.0,
,,,-3.13200033E-3,0.0,
,,,-3.12800030E-3,0.0,
,,,-3.12400027E-3,0.0,
,,,-3.12000024E-3,0.0,
,,,-3.11600021E-3,0.0,
,,,-3.11200018E-3,0.0,
,,,-3.10800038E-3,0.0,
,,,-3.10400035E-3,0.0,
,,,-3.10000032E-3,-8.000000380E-3,
,,,-3.09600029E-3,0.0,
,,,-3.09200026E-3,0.0,
,,,-3.08800023E-3,8.000000380E-3,
,,,-3.08400020E-3,0.0,
,,,-3.08000017E-3,-8.000000380E-3,
,,,-3.07600037E-3,0.0,
,,,-3.07200034E-3,0.0,
,,,-3.06800031E-3,0.0,
,,,-3.06400028E-3,0.0,
,,,-3.06000025E-3,8.000000380E-3,
,,,-3.05600022E-3,0.0,
,,,-3.05200019E-3,0.0,
,,,-3.04800039E-3,0.0,
,,,-3.04400036E-3,0.0,
,,,-3.04000033E-3,0.0,
,,,-3.03600030E-3,0.0,
,,,-3.03200027E-3,0.0,
,,,-3.02800024E-3,0.0,
,,,-3.02400021E-3,0.0,
,,,-3.02000018E-3,0.0,
,,,-3.01600038E-3,0.0,
,,,-3.01200035E-3,0.0,
,,,-3.00800032E-3,0.0,
,,,-3.00400029E-3,0.0,
,,,-3.00000026E-3,0.0,
,,,-2.99600023E-3,0.0,
,,,-2.99200020E-3,8.000000380E-3,
,,,-2.98800040E-3,0.0,
,,,-2.98400037E-3,0.0,
,,,-2.98000034E-3,0.0,
,,,-2.97600031E-3,0.0,
,,,-2.97200028E-3,0.0,
,,,-2.96800025E-3,0.0,
,,,-2.96400022E-3,0.0,
,,,-2.96000019E-3,0.0,
,,,-2.95600039E-3,0.0,
,,,-2.95200036E-3,0.0,
,,,-2.94800033E-3,0.0,
,,,-2.94400030E-3,0.0,
,,,-2.94000027E-3,0.0,
,,,-2.93600024E-3,0.0,
,,,-2.93200021E-3,0.0,
,,,-2.92800018E-3,0.0,
,,,-2.92400038E-3,0.0,
,,,-2.92000035E-3,0.0,
,,,-2.91600032E-3,0.0,
,,,-2.91200029E-3,0.0,
,,,-2.90800026E-3,0.0,
,,,-2.90400023E-3,8.000000380E-3,
,,,-2.90000020E-3,0.0,
,,,-2.89600040E-3,0.0,
,,,-2.89200037E-3,0.0,
,,,-2.88800034E-3,0.0,
,,,-2.88400031E-3,0.0,
,,,-2.88000028E-3,0.0,
,,,-2.87600025E-3,0.0,
,,,-2.87200022E-3,0.0,
,,,-2.86800019E-3,0.0,
,,,-2.86400039E-3,0.0,
,,,-2.86000036E-3,0.0,
,,,-2.85600033E-3,8.000000380E-3,
,,,-2.85200030E-3,0.0,
,,,-2.84800027E-3,0.0,
,,,-2.84400024E-3,0.0,
,,,-2.84000020E-3,0.0,
,,,-2.83600017E-3,0.0,
,,,-2.83200038E-3,8.000000380E-3,
,,,-2.82800035E-3,0.0,
,,,-2.82400032E-3,0.0,
,,,-2.82000029E-3,0.0,
,,,-2.81600025E-3,-8.000000380E-3,
,,,-2.81200022E-3,8.000000380E-3,
,,,-2.80800019E-3,0.0,
,,,-2.80400040E-3,0.0,
,,,-2.80000037E-3,0.0,
,,,-2.79600034E-3,0.0,
,,,-2.79200030E-3,0.0,
,,,-2.78800027E-3,0.0,
,,,-2.78400024E-3,0.0,
,,,-2.78000021E-3,0.0,
,,,-2.77600018E-3,0.0,
,,,-2.77200039E-3,0.0,
,,,-2.76800035E-3,0.0,
,,,-2.76400032E-3,0.0,
,,,-2.76000029E-3,0.0,
,,,-2.75600026E-3,0.0,
,,,-2.75200023E-3,0.0,
,,,-2.74800020E-3,8.000000380E-3,
,,,-2.74400017E-3,0.0,
,,,-2.74000037E-3,8.000000380E-3,
,,,-2.73600034E-3,8.000000380E-3,
,,,-2.73200031E-3,0.0,
,,,-2.72800028E-3,0.0,
,,,-2.72400025E-3,8.000000380E-3,
,,,-2.72000022E-3,8.000000380E-3,
,,,-2.7160002E-3,0.0,
,,,-2.7120004E-3,0.0,
,,,-2.7080004E-3,0.0,
,,,-2.7040003E-3,0.0,
,,,-2.7000003E-3,0.0,
,,,-2.6960003E-3,0.0,
,,,-2.6920002E-3,8.000000380E-3,
,,,-2.6880002E-3,0.0,
,,,-2.6840002E-3,0.0,
,,,-2.6800004E-3,0.0,
,,,-2.6760004E-3,0.0,
,,,-2.6720003E-3,0.0,
,,,-2.6680003E-3,0.0,
,,,-2.6640003E-3,0.0,
,,,-2.6600002E-3,0.0,
,,,-2.6560002E-3,8.000000380E-3,
,,,-2.6520002E-3,0.0,
,,,-2.6480004E-3,0.0,
,,,-2.6440003E-3,0.0,
,,,-2.6400003E-3,0.0,
,,,-2.6360003E-3,8.000000380E-3,
,,,-2.6320003E-3,8.000000380E-3,
,,,-2.6280002E-3,0.0,
,,,-2.6240002E-3,0.0,
,,,-2.6200004E-3,0.0,
,,,-2.6160004E-3,0.0,
,,,-2.6120003E-3,0.0,
,,,-2.6080003E-3,0.0,
,,,-2.6040003E-3,0.0,
,,,-2.6000002E-3,0.0,
,,,-2.5960002E-3,0.0,
,,,-2.5920002E-3,0.0,
,,,-2.5880004E-3,0.0,
,,,-2.5840004E-3,0.0,
,,,-2.5800003E-3,8.000000380E-3,
,,,-2.5760003E-3,0.0,
,,,-2.5720003E-3,0.0,
,,,-2.5680002E-3,0.0,
,,,-2.5640002E-3,8.000000380E-3,
,,,-2.5600004E-3,0.0,
,,,-2.5560004E-3,0.0,
,,,-2.5520003E-3,8.000000380E-3,
,,,-2.5480003E-3,0.0,
,,,-2.5440003E-3,8.000000380E-3,
,,,-2.5400002E-3,0.0,
,,,-2.5360002E-3,0.0,
,,,-2.5320002E-3,8.000000380E-3,
,,,-2.5280004E-3,8.000000380E-3,
,,,-2.5240004E-3,0.0,
,,,-2.5200003E-3,0.0,
,,,-2.5160003E-3,8.000000380E-3,
,,,-2.5120003E-3,8.000000380E-3,
,,,-2.5080002E-3,0.0,
,,,-2.5040002E-3,0.0,
,,,-2.5000002E-3,0.0,
,,,-2.4960004E-3,8.000000380E-3,
,,,-2.4920003E-3,8.000000380E-3,
,,,-2.4880003E-3,0.0,
,,,-2.4840003E-3,8.000000380E-3,
,,,-2.4800003E-3,0.0,
,,,-2.4760002E-3,0.0,
,,,-2.4720002E-3,8.000000380E-3,
,,,-2.4680004E-3,0.0,
,,,-2.4640004E-3,0.0,
,,,-2.4600003E-3,0.0,
,,,-2.4560003E-3,0.0,
,,,-2.4520003E-3,0.0,
,,,-2.4480002E-3,8.000000380E-3,
,,,-2.4440002E-3,0.0,
,,,-2.4400002E-3,0.0,
,,,-2.4360004E-3,0.0,
,,,-2.4320004E-3,0.0,
,,,-2.4280003E-3,0.0,
,,,-2.4240003E-3,0.0,
,,,-2.4200003E-3,0.0,
,,,-2.4160002E-3,0.0,
,,,-2.4120002E-3,0.0,
,,,-2.4080002E-3,0.0,
,,,-2.4040004E-3,0.0,
,,,-2.4000003E-3,0.0,
,,,-2.3960003E-3,0.0,
,,,-2.3920003E-3,0.0,
,,,-2.3880003E-3,0.0,
,,,-2.3840002E-3,0.0,
,,,-2.3800002E-3,0.0,
,,,-2.3760004E-3,8.000000380E-3,
,,,-2.3720004E-3,0.0,
,,,-2.3680003E-3,0.0,
,,,-2.3640003E-3,0.0,
,,,-2.3600003E-3,0.0,
,,,-2.3560002E-3,8.000000380E-3,
,,,-2.3520002E-3,0.0,
,,,-2.3480002E-3,8.000000380E-3,
,,,-2.3440004E-3,0.0,
,,,-2.3400004E-3,0.0,
,,,-2.3360003E-3,8.000000380E-3,
,,,-2.3320003E-3,8.000000380E-3,
,,,-2.3280003E-3,0.0,
,,,-2.3240002E-3,0.0,
,,,-2.3200002E-3,0.0,
,,,-2.3160002E-3,0.0,
,,,-2.3120004E-3,0.0,
,,,-2.3080003E-3,8.000000380E-3,
,,,-2.3040003E-3,8.000000380E-3,
,,,-2.3000003E-3,0.0,
,,,-2.2960003E-3,8.000000380E-3,
,,,-2.2920002E-3,0.0,
,,,-2.2880002E-3,0.0,
,,,-2.2840004E-3,0.0,
,,,-2.2800004E-3,8.000000380E-3,
,,,-2.2760003E-3,8.000000380E-3,
,,,-2.2720003E-3,8.000000380E-3,
,,,-2.2680003E-3,0.0,
,,,-2.2640002E-3,0.0,
,,,-2.2600002E-3,0.0,
,,,-2.2560002E-3,8.000000380E-3,
,,,-2.2520004E-3,0.0,
,,,-2.2480004E-3,0.0,
,,,-2.2440003E-3,0.0,
,,,-2.2400003E-3,0.0,
,,,-2.2360003E-3,8.000000380E-3,
,,,-2.2320002E-3,0.0,
,,,-2.2280002E-3,8.000000380E-3,
,,,-2.2240002E-3,0.0,
,,,-2.2200004E-3,8.000000380E-3,
,,,-2.2160003E-3,8.000000380E-3,
,,,-2.2120003E-3,0.0,
,,,-2.2080003E-3,0.0,
,,,-2.2040003E-3,0.0,
,,,-2.2000002E-3,8.000000380E-3,
,,,-2.1960002E-3,0.0,
,,,-2.1920004E-3,0.0,
,,,-2.1880004E-3,8.000000380E-3,
,,,-2.1840003E-3,0.0,
,,,-2.1800003E-3,0.0,
,,,-2.1760003E-3,8.000000380E-3,
,,,-2.1720002E-3,0.0,
,,,-2.1680002E-3,8.000000380E-3,
,,,-2.1640002E-3,0.0,
,,,-2.1600004E-3,0.0,
,,,-2.1560004E-3,0.0,
,,,-2.1520003E-3,0.0,
,,,-2.1480003E-3,8.000000380E-3,
,,,-2.1440003E-3,0.0,
,,,-2.1400002E-3,0.0,
,,,-2.1360002E-3,8.000000380E-3,
,,,-2.1320004E-3,0.0,
,,,-2.1280004E-3,0.0,
,,,-2.1240003E-3,0.0,
,,,-2.1200003E-3,0.0,
,,,-2.1160003E-3,8.000000380E-3,
,,,-2.1120002E-3,0.0,
,,,-2.1080002E-3,0.0,
,,,-2.1040002E-3,8.000000380E-3,
,,,-2.1000004E-3,0.0,
,,,-2.0960004E-3,0.0,
,,,-2.0920003E-3,0.0,
,,,-2.0880003E-3,8.000000380E-3,
,,,-2.0840003E-3,0.0,
,,,-2.0800002E-3,0.0,
,,,-2.0760002E-3,0.0,
,,,-2.0720002E-3,0.0,
,,,-2.0680004E-3,0.0,
,,,-2.0640003E-3,0.0,
,,,-2.0600003E-3,0.0,
,,,-2.0560003E-3,0.0,
,,,-2.0520003E-3,0.0,
,,,-2.0480002E-3,8.000000380E-3,
,,,-2.0440002E-3,8.000000380E-3,
,,,-2.0400004E-3,8.000000380E-3,
,,,-2.0360004E-3,0.0,
,,,-2.0320003E-3,0.0,
,,,-2.0280003E-3,0.0,
,,,-2.0240003E-3,0.0,
,,,-2.0200002E-3,8.000000380E-3,
,,,-2.0160002E-3,0.0,
,,,-2.0120002E-3,0.0,
,,,-2.0080004E-3,0.0,
,,,-2.0040004E-3,0.0,
,,,-2.0000003E-3,0.0,
,,,-1.9960003E-3,8.000000380E-3,
,,,-1.9920003E-3,8.000000380E-3,
,,,-1.9880002E-3,8.000000380E-3,
,,,-1.9840002E-3,0.0,
,,,-1.9800002E-3,8.000000380E-3,
,,,-1.9760004E-3,0.0,
,,,-1.9720003E-3,8.000000380E-3,
,,,-1.9680003E-3,8.000000380E-3,
,,,-1.9640003E-3,8.000000380E-3,
,,,-1.9600003E-3,0.0,
,,,-1.9560002E-3,0.0,
,,,-1.9520003E-3,0.0,
,,,-1.9480003E-3,0.0,
,,,-1.9440003E-3,0.0,
,,,-1.9400003E-3,0.0,
,,,-1.9360003E-3,0.0,
,,,-1.9320003E-3,0.0,
,,,-1.9280002E-3,0.0,
,,,-1.9240003E-3,8.000000380E-3,
,,,-1.9200003E-3,0.0,
,,,-1.9160003E-3,0.0,
,,,-1.9120002E-3,0.0,
,,,-1.9080003E-3,0.0,
,,,-1.9040003E-3,0.0,
,,,-1.9000003E-3,0.0,
,,,-1.8960002E-3,0.0,
,,,-1.8920003E-3,0.0,
,,,-1.8880003E-3,0.0,
,,,-1.8840003E-3,8.000000380E-3,
,,,-1.8800003E-3,8.000000380E-3,
,,,-1.8760003E-3,0.0,
,,,-1.8720003E-3,8.000000380E-3,
,,,-1.8680003E-3,0.0,
,,,-1.8640003E-3,8.000000380E-3,
,,,-1.8600003E-3,8.000000380E-3,
,,,-1.8560003E-3,8.000000380E-3,
,,,-1.8520002E-3,8.000000380E-3,
,,,-1.8480003E-3,0.0,
,,,-1.8440003E-3,0.0,
,,,-1.8400003E-3,8.000000380E-3,
,,,-1.8360002E-3,8.000000380E-3,
,,,-1.8320003E-3,0.0,
,,,-1.8280003E-3,0.0,
,,,-1.8240003E-3,0.0,
,,,-1.8200002E-3,0.0,
,,,-1.8160003E-3,0.0,
,,,-1.8120003E-3,0.0,
,,,-1.8080003E-3,8.000000380E-3,
,,,-1.8040002E-3,0.0,
,,,-1.8000003E-3,0.0,
,,,-1.7960003E-3,8.000000380E-3,
,,,-1.7920003E-3,8.000000380E-3,
,,,-1.7880003E-3,8.000000380E-3,
,,,-1.7840003E-3,0.0,
,,,-1.7800003E-3,0.0,
,,,-1.7760003E-3,8.000000380E-3,
,,,-1.7720003E-3,8.000000380E-3,
,,,-1.7680003E-3,8.000000380E-3,
,,,-1.7640003E-3,0.0,
,,,-1.7600002E-3,0.0,
,,,-1.7560003E-3,0.0,
,,,-1.7520003E-3,0.0,
,,,-1.7480003E-3,0.0,
,,,-1.7440002E-3,0.0,
,,,-1.7400003E-3,8.000000380E-3,
,,,-1.7360003E-3,0.0,
,,,-1.7320003E-3,0.0,
,,,-1.7280002E-3,8.000000380E-3,
,,,-1.7240003E-3,8.000000380E-3,
,,,-1.7200003E-3,8.000000380E-3,
,,,-1.7160003E-3,0.0,
,,,-1.7120002E-3,0.0,
,,,-1.7080003E-3,8.000000380E-3,
,,,-1.7040003E-3,0.0,
,,,-1.7000003E-3,8.000000380E-3,
,,,-1.6960003E-3,8.000000380E-3,
,,,-1.6920003E-3,8.000000380E-3,
,,,-1.6880003E-3,0.0,
,,,-1.6840002E-3,0.0,
,,,-1.6800003E-3,0.0,
,,,-1.6760003E-3,0.0,
,,,-1.6720003E-3,8.000000380E-3,
,,,-1.6680002E-3,8.000000380E-3,
,,,-1.6640003E-3,0.0,
,,,-1.6600003E-3,0.0,
,,,-1.6560003E-3,0.0,
,,,-1.6520002E-3,8.000000380E-3,
,,,-1.6480003E-3,8.000000380E-3,
,,,-1.6440003E-3,0.0,
,,,-1.6400003E-3,8.000000380E-3,
,,,-1.6360002E-3,8.000000380E-3,
,,,-1.6320003E-3,8.000000380E-3,
,,,-1.6280003E-3,8.000000380E-3,
,,,-1.6240003E-3,0.0,
,,,-1.6200003E-3,0.0,
,,,-1.6160003E-3,8.000000380E-3,
,,,-1.6120003E-3,0.0,
,,,-1.6080003E-3,8.000000380E-3,
,,,-1.6040003E-3,0.0,
,,,-1.6000003E-3,8.000000380E-3,
,,,-1.5960003E-3,0.0,
,,,-1.5920002E-3,8.000000380E-3,
,,,-1.5880003E-3,8.000000380E-3,
,,,-1.5840003E-3,0.0,
,,,-1.5800003E-3,0.0,
,,,-1.5760002E-3,0.0,
,,,-1.5720003E-3,0.0,
,,,-1.5680003E-3,0.0,
,,,-1.5640003E-3,0.0,
,,,-1.5600002E-3,0.0,
,,,-1.5560003E-3,0.0,
,,,-1.5520003E-3,8.000000380E-3,
,,,-1.5480003E-3,0.0,
,,,-1.5440002E-3,0.0,
,,,-1.5400003E-3,8.000000380E-3,
,,,-1.5360003E-3,8.000000380E-3,
,,,-1.5320003E-3,8.000000380E-3,
,,,-1.5280003E-3,8.000000380E-3,
,,,-1.5240003E-3,0.0,
,,,-1.5200003E-3,8.000000380E-3,
,,,-1.5160003E-3,-16.0000008E-3,
,,,-1.5120003E-3,0.0,
,,,-1.5080003E-3,8.000000380E-3,
,,,-1.5040003E-3,0.0,
,,,-1.5000002E-3,8.000000380E-3,
,,,-1.4960003E-3,0.0,
,,,-1.4920003E-3,0.0,
,,,-1.4880003E-3,8.000000380E-3,
,,,-1.4840002E-3,0.0,
,,,-1.4800003E-3,8.000000380E-3,
,,,-1.4760003E-3,8.000000380E-3,
,,,-1.4720003E-3,0.0,
,,,-1.4680002E-3,0.0,
,,,-1.4640003E-3,8.000000380E-3,
,,,-1.4600003E-3,0.0,
,,,-1.4560003E-3,0.0,
,,,-1.4520003E-3,0.0,
,,,-1.4480003E-3,8.000000380E-3,
,,,-1.4440003E-3,0.0,
,,,-1.4400003E-3,0.0,
,,,-1.4360003E-3,8.000000380E-3,
,,,-1.4320003E-3,8.000000380E-3,
,,,-1.4280003E-3,8.000000380E-3,
,,,-1.4240002E-3,0.0,
,,,-1.4200003E-3,0.0,
,,,-1.4160003E-3,8.000000380E-3,
,,,-1.4120003E-3,8.000000380E-3,
,,,-1.4080002E-3,0.0,
,,,-1.4040003E-3,0.0,
,,,-1.4000003E-3,0.0,
,,,-1.3960003E-3,0.0,
,,,-1.3920002E-3,8.000000380E-3,
,,,-1.3880003E-3,0.0,
,,,-1.3840003E-3,8.000000380E-3,
,,,-1.3800003E-3,0.0,
,,,-1.3760002E-3,8.000000380E-3,
,,,-1.3720003E-3,0.0,
,,,-1.3680003E-3,8.000000380E-3,
,,,-1.3640003E-3,0.0,
,,,-1.3600003E-3,0.0,
,,,-1.3560003E-3,8.000000380E-3,
,,,-1.3520003E-3,0.0,
,,,-1.3480003E-3,0.0,
,,,-1.3440003E-3,8.000000380E-3,
,,,-1.3400003E-3,0.0,
,,,-1.3360003E-3,0.0,
,,,-1.3320002E-3,8.000000380E-3,
,,,-1.3280003E-3,0.0,
,,,-1.3240003E-3,8.000000380E-3,
,,,-1.3200003E-3,8.000000380E-3,
,,,-1.3160002E-3,8.000000380E-3,
,,,-1.3120003E-3,0.0,
,,,-1.3080003E-3,0.0,
,,,-1.3040003E-3,0.0,
,,,-1.3000002E-3,0.0,
,,,-1.2960003E-3,8.000000380E-3,
,,,-1.2920003E-3,8.000000380E-3,
,,,-1.2880003E-3,8.000000380E-3,
,,,-1.2840002E-3,8.000000380E-3,
,,,-1.2800003E-3,0.0,
,,,-1.2760003E-3,0.0,
,,,-1.2720003E-3,8.000000380E-3,
,,,-1.2680003E-3,0.0,
,,,-1.2640003E-3,8.000000380E-3,
,,,-1.2600003E-3,0.0,
,,,-1.2560003E-3,0.0,
,,,-1.2520003E-3,8.000000380E-3,
,,,-1.2480003E-3,8.000000380E-3,
,,,-1.2440003E-3,8.000000380E-3,
,,,-1.2400002E-3,8.000000380E-3,
,,,-1.2360003E-3,0.0,
,,,-1.2320003E-3,8.000000380E-3,
,,,-1.2280003E-3,0.0,
,,,-1.2240002E-3,8.000000380E-3,
,,,-1.2200003E-3,0.0,
,,,-1.2160003E-3,0.0,
,,,-1.2120003E-3,8.000000380E-3,
,,,-1.2080002E-3,0.0,
,,,-1.2040003E-3,-8.000000380E-3,
,,,-1.2000003E-3,0.0,
,,,-1.1960003E-3,0.0,
,,,-1.1920003E-3,0.0,
,,,-1.1880003E-3,8.000000380E-3,
,,,-1.1840003E-3,8.000000380E-3,
,,,-1.1800003E-3,8.000000380E-3,
,,,-1.1760003E-3,16.0000008E-3,
,,,-1.1720003E-3,8.000000380E-3,
,,,-1.1680003E-3,0.0,
,,,-1.1640002E-3,0.0,
,,,-1.1600003E-3,8.000000380E-3,
,,,-1.1560003E-3,8.000000380E-3,
,,,-1.1520003E-3,0.0,
,,,-1.1480002E-3,0.0,
,,,-1.1440003E-3,16.0000008E-3,
,,,-1.1400003E-3,0.0,
,,,-1.1360003E-3,0.0,
,,,-1.1320002E-3,8.000000380E-3,
,,,-1.1280003E-3,0.0,
,,,-1.1240003E-3,0.0,
,,,-1.1200003E-3,0.0,
,,,-1.1160002E-3,-16.0000008E-3,
,,,-1.1120003E-3,8.000000380E-3,
,,,-1.1080003E-3,8.000000380E-3,
,,,-1.1040003E-3,0.0,
,,,-1.1000003E-3,0.0,
,,,-1.0960003E-3,8.000000380E-3,
,,,-1.0920003E-3,8.000000380E-3,
,,,-1.0880003E-3,8.000000380E-3,
,,,-1.0840003E-3,0.0,
,,,-1.0800003E-3,0.0,
,,,-1.0760003E-3,8.000000380E-3,
,,,-1.0720002E-3,8.000000380E-3,
,,,-1.0680003E-3,8.000000380E-3,
,,,-1.0640003E-3,8.000000380E-3,
,,,-1.0600003E-3,0.0,
,,,-1.0560002E-3,0.0,
,,,-1.0520003E-3,0.0,
,,,-1.0480003E-3,0.0,
,,,-1.0440003E-3,0.0,
,,,-1.0400002E-3,8.000000380E-3,
,,,-1.0360003E-3,8.000000380E-3,
,,,-1.0320003E-3,0.0,
,,,-1.0280003E-3,8.000000380E-3,
,,,-1.0240003E-3,8.000000380E-3,
,,,-1.0200003E-3,0.0,
,,,-1.0160003E-3,0.0,
,,,-1.0120003E-3,0.0,
,,,-1.0080003E-3,8.000000380E-3,
,,,-1.0040003E-3,0.0,
,,,-1.0000003E-3,0.0,
,,,-996.000249870E-6,8.000000380E-3,
,,,-992.000335827E-6,0.0,
,,,-988.000305369E-6,8.000000380E-3,
,,,-984.000274912E-6,8.000000380E-3,
,,,-980.000244454E-6,0.0,
,,,-976.000272203E-6,8.000000380E-3,
,,,-972.000299953E-6,0.0,
,,,-968.000269495E-6,0.0,
,,,-964.000297245E-6,0.0,
,,,-960.000266787E-6,0.0,
,,,-956.000294536E-6,0.0,
,,,-952.000264078E-6,8.000000380E-3,
,,,-948.000291828E-6,8.000000380E-3,
,,,-944.000261370E-6,0.0,
,,,-940.000289120E-6,0.0,
,,,-936.000316869E-6,0.0,
,,,-932.000286411E-6,0.0,
,,,-928.000314161E-6,8.000000380E-3,
,,,-924.000283703E-6,0.0,
,,,-920.000311453E-6,0.0,
,,,-916.000280995E-6,0.0,
,,,-912.000308745E-6,0.0,
,,,-908.000278287E-6,8.000000380E-3,
,,,-904.000306036E-6,0.0,
,,,-900.000275578E-6,0.0,
,,,-896.000303328E-6,0.0,
,,,-892.000272870E-6,8.000000380E-3,
,,,-888.000300620E-6,8.000000380E-3,
,,,-884.000270162E-6,8.000000380E-3,
,,,-880.000297911E-6,8.000000380E-3,
,,,-876.000267453E-6,0.0,
,,,-872.000295203E-6,0.0,
,,,-868.000264745E-6,0.0,
,,,-864.000292495E-6,8.000000380E-3,
,,,-860.000262037E-6,0.0,
,,,-856.000289787E-6,0.0,
,,,-852.000317536E-6,8.000000380E-3,
,,,-848.000287078E-6,8.000000380E-3,
,,,-844.000314828E-6,0.0,
,,,-840.000284370E-6,8.000000380E-3,
,,,-836.000312120E-6,0.0,
,,,-832.000281662E-6,0.0,
,,,-828.000309411E-6,8.000000380E-3,
,,,-824.000278953E-6,0.0,
,,,-820.000306703E-6,8.000000380E-3,
,,,-816.000276245E-6,0.0,
,,,-812.000303995E-6,8.000000380E-3,
,,,-808.000273537E-6,8.000000380E-3,
,,,-804.000301287E-6,8.000000380E-3,
,,,-800.000270829E-6,0.0,
,,,-796.000298578E-6,8.000000380E-3,
,,,-792.000268120E-6,8.000000380E-3,
,,,-788.000295870E-6,8.000000380E-3,
,,,-784.000265412E-6,0.0,
,,,-780.000293162E-6,0.0,
,,,-776.000262704E-6,8.000000380E-3,
,,,-772.000290453E-6,8.000000380E-3,
,,,-768.000318203E-6,0.0,
,,,-764.000287745E-6,0.0,
,,,-760.000315495E-6,8.000000380E-3,
,,,-756.000285037E-6,0.0,
,,,-752.000312787E-6,8.000000380E-3,
,,,-748.000282329E-6,0.0,
,,,-744.000310078E-6,0.0,
,,,-740.000279620E-6,16.0000008E-3,
,,,-736.000307370E-6,16.0000008E-3,
,,,-732.000276912E-6,0.0,
,,,-728.000304662E-6,8.000000380E-3,
,,,-724.000274204E-6,0.0,
,,,-720.000301953E-6,0.0,
,,,-716.000271495E-6,8.000000380E-3,
,,,-712.000299245E-6,8.000000380E-3,
,,,-708.000268787E-6,16.0000008E-3,
,,,-704.000296537E-6,8.000000380E-3,
,,,-700.000266079E-6,0.0,
,,,-696.000293829E-6,8.000000380E-3,
,,,-692.000263371E-6,8.000000380E-3,
,,,-688.000291120E-6,0.0,
,,,-684.000318870E-6,0.0,
,,,-680.000288412E-6,0.0,
,,,-676.000316162E-6,8.000000380E-3,
,,,-672.000285704E-6,8.000000380E-3,
,,,-668.000313453E-6,0.0,
,,,-664.000282995E-6,0.0,
,,,-660.000310745E-6,0.0,
,,,-656.000280287E-6,8.000000380E-3,
,,,-652.000308037E-6,0.0,
,,,-648.000277579E-6,0.0,
,,,-644.000305329E-6,-8.000000380E-3,
,,,-640.000274871E-6,-8.000000380E-3,
,,,-636.000302620E-6,0.0,
,,,-632.000272162E-6,0.0,
,,,-628.000299912E-6,0.0,
,,,-624.000269454E-6,0.0,
,,,-620.000297204E-6,8.000000380E-3,
,,,-616.000266746E-6,0.0,
,,,-612.000294495E-6,8.000000380E-3,
,,,-608.000264037E-6,8.000000380E-3,
,,,-604.000291787E-6,0.0,
,,,-600.000261329E-6,8.000000380E-3,
,,,-596.000289079E-6,8.000000380E-3,
,,,-592.000316828E-6,0.0,
,,,-588.000286371E-6,0.0,
,,,-584.000314120E-6,0.0,
,,,-580.000283662E-6,0.0,
,,,-576.000311412E-6,0.0,
,,,-572.000280954E-6,8.000000380E-3,
,,,-568.000308704E-6,8.000000380E-3,
,,,-564.000278246E-6,0.0,
,,,-560.000305995E-6,8.000000380E-3,
,,,-556.000275537E-6,0.0,
,,,-552.000303287E-6,8.000000380E-3,
,,,-548.000272829E-6,0.0,
,,,-544.000300579E-6,8.000000380E-3,
,,,-540.000270121E-6,0.0,
,,,-536.000297870E-6,0.0,
,,,-532.000267413E-6,8.000000380E-3,
,,,-528.000295162E-6,0.0,
,,,-524.000264704E-6,8.000000380E-3,
,,,-520.000292454E-6,0.0,
,,,-516.000261996E-6,8.000000380E-3,
,,,-512.000289746E-6,8.000000380E-3,
,,,-508.000317495E-6,0.0,
,,,-504.000287037E-6,0.0,
,,,-500.000314787E-6,8.000000380E-3,
,,,-496.000284329E-6,0.0,
,,,-492.000312079E-6,8.000000380E-3,
,,,-488.000281621E-6,0.0,
,,,-484.000280267E-6,0.0,
,,,-480.000278912E-6,0.0,
,,,-476.000277558E-6,8.000000380E-3,
,,,-472.000276204E-6,0.0,
,,,-468.000303954E-6,0.0,
,,,-464.000302600E-6,0.0,
,,,-460.000301246E-6,0.0,
,,,-456.000299891E-6,0.0,
,,,-452.000298537E-6,8.000000380E-3,
,,,-448.000297183E-6,8.000000380E-3,
,,,-444.000295829E-6,8.000000380E-3,
,,,-440.000294475E-6,8.000000380E-3,
,,,-436.000293121E-6,0.0,
,,,-432.000291767E-6,8.000000380E-3,
,,,-428.000290412E-6,8.000000380E-3,
,,,-424.000289058E-6,8.000000380E-3,
,,,-420.000287704E-6,8.000000380E-3,
,,,-416.000286350E-6,0.0,
,,,-412.000284996E-6,-8.000000380E-3,
,,,-408.000283642E-6,8.000000380E-3,
,,,-404.000282288E-6,0.0,
,,,-400.00028093E-6,0.0,
,,,-396.00027958E-6,8.000000380E-3,
,,,-392.00027823E-6,0.0,
,,,-388.00027687E-6,8.000000380E-3,
,,,-384.00030462E-6,0.0,
,,,-380.00030327E-6,8.000000380E-3,
,,,-376.00030191E-6,0.0,
,,,-372.00030056E-6,0.0,
,,,-368.00029920E-6,0.0,
,,,-364.00029785E-6,8.000000380E-3,
,,,-360.00029650E-6,16.0000008E-3,
,,,-356.00029514E-6,8.000000380E-3,
,,,-352.00029379E-6,8.000000380E-3,
,,,-348.00029243E-6,0.0,
,,,-344.00029108E-6,8.000000380E-3,
,,,-340.00028973E-6,0.0,
,,,-336.00028837E-6,8.000000380E-3,
,,,-332.00028702E-6,16.0000008E-3,
,,,-328.00028566E-6,0.0,
,,,-324.00028431E-6,0.0,
,,,-320.00028295E-6,8.000000380E-3,
,,,-316.00028160E-6,0.0,
,,,-312.00028025E-6,0.0,
,,,-308.00027889E-6,0.0,
,,,-304.00027754E-6,8.000000380E-3,
,,,-300.00030529E-6,8.000000380E-3,
,,,-296.00030393E-6,8.000000380E-3,
,,,-292.00030258E-6,8.000000380E-3,
,,,-288.00030123E-6,0.0,
,,,-284.00029987E-6,8.000000380E-3,
,,,-280.00029852E-6,8.000000380E-3,
,,,-276.00029716E-6,0.0,
,,,-272.00029581E-6,8.000000380E-3,
,,,-268.00029445E-6,0.0,
,,,-264.00029310E-6,8.000000380E-3,
,,,-260.00029175E-6,0.0,
,,,-256.00029039E-6,0.0,
,,,-252.00028904E-6,8.000000380E-3,
,,,-248.00028768E-6,0.0,
,,,-244.00028633E-6,8.000000380E-3,
,,,-240.00028498E-6,16.0000008E-3,
,,,-236.00029817E-6,8.000000380E-3,
,,,-232.00029682E-6,8.000000380E-3,
,,,-228.00029546E-6,8.000000380E-3,
,,,-224.00029411E-6,16.0000008E-3,
,,,-220.00029276E-6,0.0,
,,,-216.00029140E-6,8.000000380E-3,
,,,-212.00029005E-6,0.0,
,,,-208.00028869E-6,8.000000380E-3,
,,,-204.00028734E-6,0.0,
,,,-200.00028599E-6,0.0,
,,,-196.00028463E-6,0.0,
,,,-192.00029783E-6,8.000000380E-3,
,,,-188.00029648E-6,8.000000380E-3,
,,,-184.00029512E-6,0.0,
,,,-180.00029377E-6,0.0,
,,,-176.00029241E-6,0.0,
,,,-172.00029106E-6,0.0,
,,,-168.00028970E-6,0.0,
,,,-164.00028835E-6,8.000000380E-3,
,,,-160.00028700E-6,0.0,
,,,-156.00028564E-6,0.0,
,,,-152.00028429E-6,0.0,
,,,-148.0002975E-6,0.0,
,,,-144.0002961E-6,8.000000380E-3,
,,,-140.0002948E-6,8.000000380E-3,
,,,-136.0002934E-6,0.0,
,,,-132.0002921E-6,8.000000380E-3,
,,,-128.0002907E-6,0.0,
,,,-124.0002894E-6,8.000000380E-3,
,,,-120.0002880E-6,8.000000380E-3,
,,,-116.0002939E-6,0.0,
,,,-112.0002926E-6,8.000000380E-3,
,,,-108.0002912E-6,-8.000000380E-3,
,,,-104.0002899E-6,0.0,
,,,-100.0002885E-6,0.0,
,,,-96.000294434E-6,0.0,
,,,-92.000293080E-6,8.000000380E-3,
,,,-88.000291726E-6,0.0,
,,,-84.000290371E-6,0.0,
,,,-80.000289017E-6,16.0000008E-3,
,,,-76.000294939E-6,16.0000008E-3,
,,,-72.000293585E-6,8.000000380E-3,
,,,-68.000292231E-6,0.0,
,,,-64.000290877E-6,8.000000380E-3,
,,,-60.000293161E-6,8.000000380E-3,
,,,-56.000291806E-6,0.0,
,,,-52.00029045E-6,8.000000380E-3,
,,,-48.00029274E-6,-8.000000380E-3,
,,,-44.00029138E-6,8.000000380E-3,
,,,-40.00029003E-6,0.0,
,,,-36.00029231E-6,8.000000380E-3,
,,,-32.00029096E-6,0.0,
,,,-28.00029142E-6,8.000000380E-3,
,,,-24.00029189E-6,0.0,
,,,-20.0002924E-6,16.0000008E-3,
,,,-16.0002928E-6,8.000000380E-3,
,,,-12.0002915E-6,0.0,
,,,-8.000291928E-6,0.0,
,,,-4.00029194E-6,8.000000380E-3,
,,,-291.94779807E-12,1.7600001,
,,,3.99970804E-6,1.7600001,
,,,7.999708032E-6,1.7600001,
,,,11.9997076E-6,1.7600001,
,,,15.9997071E-6,1.7600001,
,,,19.9997085E-6,1.7600001,
,,,23.99970799E-6,1.7600001,
,,,27.99970753E-6,1.7600001,
,,,31.99970888E-6,1.7600001,
,,,35.99970660E-6,1.7600001,
,,,39.99970795E-6,1.7600001,
,,,43.99970931E-6,1.7600001,
,,,47.99970702E-6,1.7520001,
,,,51.99970838E-6,1.7440001,
,,,55.999706092E-6,1.7280000,
,,,59.999707446E-6,1.7200000,
,,,63.999708800E-6,1.7040001,
,,,67.999710154E-6,1.6880001,
,,,71.999704232E-6,1.6800001,
,,,75.999705587E-6,1.6640000,
,,,79.999706941E-6,1.6560001,
,,,83.999708295E-6,1.6400001,
,,,87.999709649E-6,1.6320001,
,,,91.999711003E-6,1.6160001,
,,,95.999705081E-6,1.6080000,
,,,99.999706435E-6,1.5920001,
,,,103.9997078E-6,1.5840001,
,,,107.9997091E-6,1.5680001,
,,,111.9997105E-6,1.5520000,
,,,115.9997046E-6,1.5440000,
,,,119.9997059E-6,1.5280001,
,,,123.9997073E-6,1.5200001,
,,,127.9997086E-6,1.5120001,
,,,131.9997100E-6,1.4960001,
,,,135.9997113E-6,1.4800000,
,,,139.9997127E-6,1.4800000,
,,,143.9997141E-6,1.4640001,
,,,147.9997009E-6,1.4480001,
,,,151.99970221E-6,1.4400001,
,,,155.99970357E-6,1.4320000,
,,,159.99970492E-6,1.4160000,
,,,163.99970627E-6,1.4160000,
,,,167.99970763E-6,1.4000001,
,,,171.99970898E-6,1.3840001,
,,,175.99971034E-6,1.3760000,
,,,179.99971169E-6,1.3680000,
,,,183.99971304E-6,1.3600000,
,,,187.99971440E-6,1.3440001,
,,,191.99970120E-6,1.3360001,
,,,195.99970256E-6,1.3280001,
,,,199.99970391E-6,1.3200001,
,,,203.99970526E-6,1.3040000,
,,,207.99970662E-6,1.3040000,
,,,211.99970797E-6,1.2880001,
,,,215.99970933E-6,1.2720001,
,,,219.99971068E-6,1.2640001,
,,,223.99971203E-6,1.2560000,
,,,227.99971339E-6,1.2480000,
,,,231.99970019E-6,1.2400000,
,,,235.99970154E-6,1.2320001,
,,,239.99970290E-6,1.2160001,
,,,243.99970425E-6,1.2080001,
,,,247.99970561E-6,1.2000000,
,,,251.99970696E-6,1.1920000,
,,,255.99970832E-6,1.1840000,
,,,259.99970967E-6,1.1760000,
,,,263.99971102E-6,1.1600001,
,,,267.99971238E-6,1.1600001,
,,,271.99971373E-6,1.1520001,
,,,275.99971509E-6,1.1360000,
,,,279.99971644E-6,1.1280000,
,,,283.99971779E-6,1.1200000,
,,,287.99971915E-6,1.1120001,
,,,291.99972050E-6,1.1040001,
,,,295.99969275E-6,1.0960001,
,,,299.99969411E-6,1.0960001,
,,,303.99969546E-6,1.0800000,
,,,307.99969682E-6,1.0720000,
,,,311.99969817E-6,1.0640000,
,,,315.99969952E-6,1.0480001,
,,,319.99970088E-6,1.0480001,
,,,323.99970223E-6,1.0400001,
,,,327.99970359E-6,1.0400001,
,,,331.99970494E-6,1.0240000,
,,,335.99970629E-6,1.0160000,
,,,339.99970765E-6,1.0080000,
,,,343.99970900E-6,1.000000,
,,,347.99971036E-6,992.000043392E-3,
,,,351.99971171E-6,984.000027180E-3,
,,,355.99971307E-6,976.000070572E-3,
,,,359.99971442E-6,976.000070572E-3,
,,,363.99971577E-6,960.000038147E-3,
,,,367.99971713E-6,952.000021935E-3,
,,,371.99971848E-6,952.000021935E-3,
,,,375.99971984E-6,944.000065327E-3,
,,,379.99972119E-6,936.000049114E-3,
,,,383.99969344E-6,928.000032902E-3,
,,,387.99969479E-6,936.000049114E-3,
,,,391.99969615E-6,912.000060081E-3,
,,,395.99969750E-6,904.000043869E-3,
,,,399.99969886E-6,896.000027657E-3,
,,,403.999700211E-6,888.000071049E-3,
,,,407.999701565E-6,880.000054836E-3,
,,,411.999702919E-6,880.000054836E-3,
,,,415.999704273E-6,872.000038624E-3,
,,,419.999705628E-6,864.000022411E-3,
,,,423.999706982E-6,856.000065804E-3,
,,,427.999708336E-6,848.000049591E-3,
,,,431.999709690E-6,840.000033379E-3,
,,,435.999711044E-6,840.000033379E-3,
,,,439.999712398E-6,832.000017166E-3,
,,,443.999713752E-6,824.000060558E-3,
,,,447.999715107E-6,816.000044346E-3,
,,,451.999716461E-6,808.000028133E-3,
,,,455.999717815E-6,808.000028133E-3,
,,,459.999719169E-6,800.000011921E-3,
,,,463.999720523E-6,792.000055313E-3,
,,,467.999692773E-6,792.000055313E-3,
,,,471.999694128E-6,784.000039101E-3,
,,,475.999695482E-6,776.000022888E-3,
,,,479.999696836E-6,776.000022888E-3,
,,,483.999698190E-6,760.000050068E-3,
,,,487.999699544E-6,760.000050068E-3,
,,,491.999730002E-6,752.000033855E-3,
,,,495.999702252E-6,760.000050068E-3,
,,,499.999732710E-6,736.000061035E-3,
,,,503.999704961E-6,736.000061035E-3,
,,,507.999735419E-6,728.000044823E-3,
,,,511.999707669E-6,728.000044823E-3,
,,,515.999679919E-6,720.000028610E-3,
,,,519.999710377E-6,712.000012398E-3,
,,,523.999682628E-6,704.000055790E-3,
,,,527.999713086E-6,704.000055790E-3,
,,,531.999685336E-6,696.000039577E-3,
,,,535.999715794E-6,696.000039577E-3,
,,,539.999688044E-6,688.000023365E-3,
,,,543.999718502E-6,680.000007153E-3,
,,,547.999690752E-6,680.000007153E-3,
,,,551.999721210E-6,672.000050545E-3,
,,,555.999693461E-6,664.000034332E-3,
,,,559.999723919E-6,664.000034332E-3,
,,,563.999696169E-6,656.000018120E-3,
,,,567.999726627E-6,656.000018120E-3,
,,,571.999698877E-6,648.000001907E-3,
,,,575.999729335E-6,640.000045300E-3,
,,,579.999701586E-6,640.000045300E-3,
,,,583.999732044E-6,624.000012875E-3,
,,,587.999704294E-6,624.000012875E-3,
,,,591.999734752E-6,624.000012875E-3,
,,,595.999707002E-6,616.000056267E-3,
,,,599.999679253E-6,608.000040054E-3,
,,,603.999709710E-6,608.000040054E-3,
,,,607.999681961E-6,600.000023842E-3,
,,,611.999712419E-6,592.000007629E-3,
,,,615.999684669E-6,592.000007629E-3,
,,,619.999715127E-6,584.000051022E-3,
,,,623.999687377E-6,584.000051022E-3,
,,,627.999717835E-6,576.000034809E-3,
,,,631.999690086E-6,576.000034809E-3,
,,,635.999720544E-6,576.000034809E-3,
,,,639.999692794E-6,568.000018597E-3,
,,,643.999723252E-6,560.000002384E-3,
,,,647.999695502E-6,568.000018597E-3,
,,,651.999725960E-6,552.000045776E-3,
,,,655.999698211E-6,552.000045776E-3,
,,,659.999728668E-6,536.000013351E-3,
,,,663.999700919E-6,544.000029564E-3,
,,,667.999731377E-6,536.000013351E-3,
,,,671.999703627E-6,536.000013351E-3,
,,,675.999734085E-6,527.999997139E-3,
,,,679.999706335E-6,527.999997139E-3,
,,,683.999678586E-6,527.999997139E-3,
,,,687.999709044E-6,512.000024319E-3,
,,,691.999681294E-6,512.000024319E-3,
,,,695.999711752E-6,504.000008106E-3,
,,,699.999684002E-6,504.000008106E-3,
,,,703.999714460E-6,504.000008106E-3,
,,,707.999686711E-6,496.000021696E-3,
,,,711.999717169E-6,488.000035286E-3,
,,,715.999689419E-6,496.000021696E-3,
,,,719.999719877E-6,480.000019073E-3,
,,,723.999692127E-6,480.000019073E-3,
,,,727.999722585E-6,472.000032663E-3,
,,,731.999694835E-6,480.000019073E-3,
,,,735.999725293E-6,472.000032663E-3,
,,,739.999697544E-6,472.000032663E-3,
,,,743.999728002E-6,464.000016451E-3,
,,,747.999700252E-6,456.000030041E-3,
,,,751.999730710E-6,456.000030041E-3,
,,,755.999702960E-6,456.000030041E-3,
,,,759.999733418E-6,448.000013828E-3,
,,,763.999705669E-6,448.000013828E-3,
,,,767.999677919E-6,448.000013828E-3,
,,,771.999708377E-6,440.000027418E-3,
,,,775.999680627E-6,432.000011206E-3,
,,,779.999711085E-6,432.000011206E-3,
,,,783.999683335E-6,432.000011206E-3,
,,,787.999713793E-6,424.000024796E-3,
,,,791.999686044E-6,424.000024796E-3,
,,,795.999716502E-6,424.000024796E-3,
,,,799.999688752E-6,416.000008583E-3,
,,,803.999719210E-6,408.000022173E-3,
,,,807.999691460E-6,408.000022173E-3,
,,,811.999721918E-6,408.000022173E-3,
,,,815.999694169E-6,400.00000596E-3,
,,,819.999724627E-6,400.00000596E-3,
,,,823.999696877E-6,400.00000596E-3,
,,,827.999727335E-6,392.00001955E-3,
,,,831.999699585E-6,392.00001955E-3,
,,,835.999730043E-6,384.00000334E-3,
,,,839.999702293E-6,400.00000596E-3,
,,,843.999732751E-6,376.00001693E-3,
,,,847.999705002E-6,376.00001693E-3,
,,,851.999677252E-6,376.00001693E-3,
,,,855.999707710E-6,376.00001693E-3,
,,,859.999679960E-6,376.00001693E-3,
,,,863.999710418E-6,368.00003052E-3,
,,,867.999682669E-6,368.00003052E-3,
,,,871.999713127E-6,368.00003052E-3,
,,,875.999685377E-6,352.00002789E-3,
,,,879.999715835E-6,360.00001431E-3,
,,,883.999688085E-6,352.00002789E-3,
,,,887.999718543E-6,352.00002789E-3,
,,,891.999690793E-6,352.00002789E-3,
,,,895.999721251E-6,344.00001168E-3,
,,,899.999693502E-6,336.00002527E-3,
,,,903.999723960E-6,344.00001168E-3,
,,,907.999696210E-6,336.00002527E-3,
,,,911.999726668E-6,336.00002527E-3,
,,,915.999698918E-6,328.00000906E-3,
,,,919.999729376E-6,328.00000906E-3,
,,,923.999701627E-6,320.00002265E-3,
,,,927.999732085E-6,320.00002265E-3,
,,,931.999704335E-6,320.00002265E-3,
,,,935.999676585E-6,320.00002265E-3,
,,,939.999707043E-6,320.00002265E-3,
,,,943.999679293E-6,312.00000644E-3,
,,,947.999709751E-6,312.00000644E-3,
,,,951.999682002E-6,312.00000644E-3,
,,,955.999712460E-6,304.00002003E-3,
,,,959.999684710E-6,304.00002003E-3,
,,,963.999715168E-6,304.00002003E-3,
,,,967.999687418E-6,312.00000644E-3,
,,,971.999717876E-6,304.00002003E-3,
,,,975.999690127E-6,304.00002003E-3,
,,,979.999662377E-6,296.00000381E-3,
,,,983.999692835E-6,296.00000381E-3,
,,,987.999723293E-6,296.00000381E-3,
,,,991.999753751E-6,288.00001740E-3,
,,,995.999667794E-6,288.00001740E-3,
,,,0.0E-3,288.00001740E-3,
,,,1.0039997E-3,280.00000119E-3,
,,,1.0079998E-3,280.00000119E-3,
,,,1.0119997E-3,288.00001740E-3,
,,,1.0159997E-3,272.00001478E-3,
,,,1.0199997E-3,272.00001478E-3,
,,,1.0239996E-3,272.00001478E-3,
,,,1.0279997E-3,263.99999857E-3,
,,,1.0319997E-3,263.99999857E-3,
,,,1.0359997E-3,263.99999857E-3,
,,,1.0399997E-3,263.99999857E-3,
,,,1.0439997E-3,263.99999857E-3,
,,,1.0479997E-3,256.00001216E-3,
,,,1.0519997E-3,256.00001216E-3,
,,,1.0559997E-3,256.00001216E-3,
,,,1.0599997E-3,248.00001085E-3,
,,,1.0639997E-3,256.00001216E-3,
,,,1.0679998E-3,248.00001085E-3,
,,,1.0719997E-3,240.00000954E-3,
,,,1.0759997E-3,240.00000954E-3,
,,,1.0799997E-3,240.00000954E-3,
,,,1.0839998E-3,240.00000954E-3,
,,,1.0879997E-3,240.00000954E-3,
,,,1.0919997E-3,240.00000954E-3,
,,,1.0959997E-3,240.00000954E-3,
,,,1.0999998E-3,240.00000954E-3,
,,,1.1039997E-3,232.00000823E-3,
,,,1.1079997E-3,232.00000823E-3,
,,,1.1119997E-3,224.00000691E-3,
,,,1.1159997E-3,232.00000823E-3,
,,,1.1199997E-3,224.00000691E-3,
,,,1.1239997E-3,224.00000691E-3,
,,,1.1279997E-3,224.00000691E-3,
,,,1.1319997E-3,224.00000691E-3,
,,,1.1359997E-3,216.00000560E-3,
,,,1.1399997E-3,224.00000691E-3,
,,,1.1439997E-3,216.00000560E-3,
,,,1.1479997E-3,224.00000691E-3,
,,,1.1519997E-3,216.00000560E-3,
,,,1.1559997E-3,216.00000560E-3,
,,,1.1599998E-3,216.00000560E-3,
,,,1.1639997E-3,208.00000429E-3,
,,,1.1679997E-3,208.00000429E-3,
,,,1.1719997E-3,200.00000298E-3,
,,,1.1759998E-3,200.00000298E-3,
,,,1.1799997E-3,200.00000298E-3,
,,,1.1839997E-3,200.00000298E-3,
,,,1.1879997E-3,200.00000298E-3,
,,,1.1919998E-3,192.00000167E-3,
,,,1.1959997E-3,200.00000298E-3,
,,,1.1999997E-3,184.00001526E-3,
,,,1.2039997E-3,192.00000167E-3,
,,,1.2079997E-3,176.00001395E-3,
,,,1.2119997E-3,192.00000167E-3,
,,,1.2159997E-3,184.00001526E-3,
,,,1.2199997E-3,184.00001526E-3,
,,,1.2239997E-3,184.00001526E-3,
,,,1.2279997E-3,184.00001526E-3,
,,,1.2319997E-3,184.00001526E-3,
,,,1.2359997E-3,184.00001526E-3,
,,,1.2399997E-3,184.00001526E-3,
,,,1.2439997E-3,184.00001526E-3,
,,,1.2479997E-3,176.00001395E-3,
,,,1.2519998E-3,176.00001395E-3,
,,,1.2559997E-3,176.00001395E-3,
,,,1.2599997E-3,176.00001395E-3,
,,,1.2639997E-3,176.00001395E-3,
,,,1.2679998E-3,176.00001395E-3,
,,,1.2719997E-3,176.00001395E-3,
,,,1.2759997E-3,168.00001264E-3,
,,,1.2799997E-3,168.00001264E-3,
,,,1.2839996E-3,168.00001264E-3,
,,,1.2879997E-3,168.00001264E-3,
,,,1.2919997E-3,168.00001264E-3,
,,,1.2959997E-3,168.00001264E-3,
,,,1.2999997E-3,168.00001264E-3,
,,,1.3039997E-3,168.00001264E-3,
,,,1.3079997E-3,160.00001132E-3,
,,,1.3119997E-3,168.00001264E-3,
,,,1.3159997E-3,160.00001132E-3,
,,,1.3199997E-3,160.00001132E-3,
,,,1.3239997E-3,152.00001001E-3,
,,,1.3279998E-3,160.00001132E-3,
,,,1.3319997E-3,152.00001001E-3,
,,,1.3359997E-3,152.00001001E-3,
,,,1.3399997E-3,152.00001001E-3,
,,,1.3439998E-3,152.00001001E-3,
,,,1.3479997E-3,152.00001001E-3,
,,,1.3519997E-3,144.0000087E-3,
,,,1.3559997E-3,152.00001001E-3,
,,,1.3599998E-3,144.0000087E-3,
,,,1.3639997E-3,144.0000087E-3,
,,,1.3679997E-3,136.0000074E-3,
,,,1.3719997E-3,152.00001001E-3,
,,,1.3759997E-3,144.0000087E-3,
,,,1.3799997E-3,144.0000087E-3,
,,,1.3839997E-3,136.0000074E-3,
,,,1.3879997E-3,128.0000061E-3,
,,,1.3919997E-3,136.0000074E-3,
,,,1.3959997E-3,144.0000087E-3,
,,,1.3999997E-3,128.0000061E-3,
,,,1.4039997E-3,136.0000074E-3,
,,,1.4079997E-3,136.0000074E-3,
,,,1.4119997E-3,128.0000061E-3,
,,,1.4159997E-3,136.0000074E-3,
,,,1.4199998E-3,120.0000048E-3,
,,,1.4239997E-3,128.0000061E-3,
,,,1.4279997E-3,128.0000061E-3,
,,,1.4319997E-3,128.0000061E-3,
,,,1.4359998E-3,128.0000061E-3,
,,,1.4399997E-3,128.0000061E-3,
,,,1.4439997E-3,128.0000061E-3,
,,,1.4479997E-3,128.0000061E-3,
,,,1.4519996E-3,120.0000048E-3,
,,,1.4559997E-3,120.0000048E-3,
,,,1.4599997E-3,120.0000048E-3,
,,,1.4639997E-3,128.0000061E-3,
,,,1.4679997E-3,128.0000061E-3,
,,,1.4719997E-3,112.0000035E-3,
,,,1.4759997E-3,120.0000048E-3,
,,,1.4799997E-3,120.0000048E-3,
,,,1.4839997E-3,120.0000048E-3,
,,,1.4879997E-3,112.0000035E-3,
,,,1.4919997E-3,120.0000048E-3,
,,,1.4959997E-3,112.0000035E-3,
,,,1.4999997E-3,112.0000035E-3,
,,,1.5039997E-3,112.0000035E-3,
,,,1.5079997E-3,112.0000035E-3,
,,,1.5119998E-3,112.0000035E-3,
,,,1.5159997E-3,112.0000035E-3,
,,,1.5199997E-3,112.0000035E-3,
,,,1.5239997E-3,112.0000035E-3,
,,,1.5279998E-3,112.0000035E-3,
,,,1.5319997E-3,104.0000021E-3,
,,,1.5359997E-3,112.0000035E-3,
,,,1.5399997E-3,104.0000021E-3,
,,,1.5439996E-3,112.0000035E-3,
,,,1.5479997E-3,104.0000021E-3,
,,,1.5519997E-3,104.0000021E-3,
,,,1.5559997E-3,104.0000021E-3,
,,,1.5599997E-3,104.0000021E-3,
,,,1.5639997E-3,96.000000834E-3,
,,,1.5679997E-3,104.0000021E-3,
,,,1.5719997E-3,96.000000834E-3,
,,,1.5759997E-3,104.0000021E-3,
,,,1.5799997E-3,96.000000834E-3,
,,,1.5839997E-3,88.000006974E-3,
,,,1.5879998E-3,96.000000834E-3,
,,,1.5919997E-3,104.0000021E-3,
,,,1.5959997E-3,96.000000834E-3,
,,,1.5999997E-3,88.000006974E-3,
,,,1.6039998E-3,88.000006974E-3,
,,,1.6079997E-3,96.000000834E-3,
,,,1.6119997E-3,88.000006974E-3,
,,,1.6159997E-3,88.000006974E-3,
,,,1.6199996E-3,88.000006974E-3,
,,,1.6239997E-3,88.000006974E-3,
,,,1.6279997E-3,88.000006974E-3,
,,,1.6319997E-3,96.000000834E-3,
,,,1.6359997E-3,88.000006974E-3,
,,,1.6399997E-3,88.000006974E-3,
,,,1.6439997E-3,88.000006974E-3,
,,,1.6479997E-3,88.000006974E-3,
,,,1.6519997E-3,80.000005662E-3,
,,,1.6559997E-3,88.000006974E-3,
,,,1.6599997E-3,80.000005662E-3,
,,,1.6639997E-3,80.000005662E-3,
,,,1.6679997E-3,88.000006974E-3,
,,,1.6719997E-3,88.000006974E-3,
,,,1.6759997E-3,72.000004351E-3,
,,,1.6799998E-3,80.000005662E-3,
,,,1.6839997E-3,72.000004351E-3,
,,,1.6879997E-3,80.000005662E-3,
,,,1.6919997E-3,80.000005662E-3,
,,,1.6959998E-3,80.000005662E-3,
,,,1.6999997E-3,72.000004351E-3,
,,,1.7039997E-3,80.000005662E-3,
,,,1.7079997E-3,80.000005662E-3,
,,,1.7119996E-3,80.000005662E-3,
,,,1.7159997E-3,80.000005662E-3,
,,,1.7199997E-3,72.000004351E-3,
,,,1.7239997E-3,80.000005662E-3,
,,,1.7279997E-3,72.000004351E-3,
,,,1.7319997E-3,72.000004351E-3,
,,,1.7359997E-3,80.000005662E-3,
,,,1.7399997E-3,72.000004351E-3,
,,,1.7439997E-3,80.000005662E-3,
,,,1.7479997E-3,72.000004351E-3,
,,,1.7519997E-3,64.000003040E-3,
,,,1.7559998E-3,80.000005662E-3,
,,,1.7599997E-3,72.000004351E-3,
,,,1.7639997E-3,64.000003040E-3,
,,,1.7679997E-3,72.000004351E-3,
,,,1.7719998E-3,72.000004351E-3,
,,,1.7759997E-3,72.000004351E-3,
,,,1.7799997E-3,72.000004351E-3,
,,,1.7839997E-3,72.000004351E-3,
,,,1.7879998E-3,64.000003040E-3,
,,,1.7919997E-3,64.000003040E-3,
,,,1.7959997E-3,56.000001729E-3,
,,,1.7999997E-3,64.000003040E-3,
,,,1.8039997E-3,64.000003040E-3,
,,,1.8079997E-3,64.000003040E-3,
,,,1.8119997E-3,72.000004351E-3,
,,,1.8159997E-3,64.000003040E-3,
,,,1.8199997E-3,48.00000042E-3,
,,,1.8239997E-3,56.000001729E-3,
,,,1.8279997E-3,56.000001729E-3,
,,,1.8319997E-3,64.000003040E-3,
,,,1.8359997E-3,56.000001729E-3,
,,,1.8399997E-3,56.000001729E-3,
,,,1.8439997E-3,56.000001729E-3,
,,,1.8479998E-3,56.000001729E-3,
,,,1.8519997E-3,56.000001729E-3,
,,,1.8559997E-3,64.000003040E-3,
,,,1.8599997E-3,56.000001729E-3,
,,,1.8639998E-3,56.000001729E-3,
,,,1.8679997E-3,56.000001729E-3,
,,,1.8719997E-3,48.00000042E-3,
,,,1.8759997E-3,56.000001729E-3,
,,,1.8799996E-3,48.00000042E-3,
,,,1.8839997E-3,48.00000042E-3,
,,,1.8879997E-3,48.00000042E-3,
,,,1.8919997E-3,48.00000042E-3,
,,,1.8959997E-3,56.000001729E-3,
,,,1.8999997E-3,56.000001729E-3,
,,,1.9039997E-3,48.00000042E-3,
,,,1.9079997E-3,56.000001729E-3,
,,,1.9119997E-3,56.000001729E-3,
,,,1.9159997E-3,56.000001729E-3,
,,,1.9199997E-3,56.000001729E-3,
,,,1.9239997E-3,56.000001729E-3,
,,,1.9279997E-3,48.00000042E-3,
,,,1.9319997E-3,56.000001729E-3,
,,,1.9359997E-3,48.00000042E-3,
,,,1.9399998E-3,48.00000042E-3,
,,,1.9439997E-3,48.00000042E-3,
,,,1.9479997E-3,48.00000042E-3,
,,,1.9519997E-3,48.00000042E-3,
,,,1.9559998E-3,56.000001729E-3,
,,,1.9599998E-3,48.00000042E-3,
,,,1.9639996E-3,48.00000042E-3,
,,,1.9679996E-3,48.00000042E-3,
,,,1.9719996E-3,48.00000042E-3,
,,,1.9759997E-3,48.00000042E-3,
,,,1.9799997E-3,48.00000042E-3,
,,,1.9839997E-3,48.00000042E-3,
,,,1.9879998E-3,56.000001729E-3,
,,,1.9919998E-3,48.00000042E-3,
,,,1.9959996E-3,48.00000042E-3,
,,,1.9999996E-3,48.00000042E-3,
,,,2.0039997E-3,48.00000042E-3,
,,,2.0079997E-3,48.00000042E-3,
,,,2.0119997E-3,48.00000042E-3,
,,,2.0159998E-3,40.00000283E-3,
,,,2.0199998E-3,48.00000042E-3,
,,,2.0239998E-3,40.00000283E-3,
,,,2.0279996E-3,40.00000283E-3,
,,,2.0319996E-3,48.00000042E-3,
,,,2.0359997E-3,48.00000042E-3,
,,,2.0399997E-3,40.00000283E-3,
,,,2.0439997E-3,48.00000042E-3,
,,,2.0479998E-3,48.00000042E-3,
,,,2.0519998E-3,48.00000042E-3,
,,,2.0559996E-3,40.00000283E-3,
,,,2.0599996E-3,32.00000152E-3,
,,,2.0639997E-3,40.00000283E-3,
,,,2.0679997E-3,48.00000042E-3,
,,,2.0719997E-3,48.00000042E-3,
,,,2.0759997E-3,40.00000283E-3,
,,,2.0799998E-3,32.00000152E-3,
,,,2.0839998E-3,40.00000283E-3,
,,,2.0879996E-3,40.00000283E-3,
,,,2.0919996E-3,32.00000152E-3,
,,,2.0959997E-3,40.00000283E-3,
,,,2.0999997E-3,40.00000283E-3,
,,,2.1039997E-3,32.00000152E-3,
,,,2.1079998E-3,48.00000042E-3,
,,,2.1119998E-3,40.00000283E-3,
,,,2.1159998E-3,40.00000283E-3,
,,,2.1199996E-3,32.00000152E-3,
,,,2.1239996E-3,40.00000283E-3,
,,,2.1279997E-3,48.00000042E-3,
,,,2.1319997E-3,40.00000283E-3,
,,,2.1359997E-3,40.00000283E-3,
,,,2.1399998E-3,40.00000283E-3,
,,,2.1439998E-3,32.00000152E-3,
,,,2.1479996E-3,40.00000283E-3,
,,,2.1519996E-3,40.00000283E-3,
,,,2.1559997E-3,32.00000152E-3,
,,,2.1599997E-3,32.00000152E-3,
,,,2.1639997E-3,40.00000283E-3,
,,,2.1679997E-3,32.00000152E-3,
,,,2.1719998E-3,32.00000152E-3,
,,,2.1759998E-3,32.00000152E-3,
,,,2.1799996E-3,32.00000152E-3,
,,,2.1839996E-3,32.00000152E-3,
,,,2.1879997E-3,32.00000152E-3,
,,,2.1919997E-3,32.00000152E-3,
,,,2.1959997E-3,32.00000152E-3,
,,,2.1999998E-3,32.00000152E-3,
,,,2.2039998E-3,32.00000152E-3,
,,,2.2079998E-3,40.00000283E-3,
,,,2.2119996E-3,32.00000152E-3,
,,,2.2159996E-3,32.00000152E-3,
,,,2.2199997E-3,32.00000152E-3,
,,,2.2239997E-3,32.00000152E-3,
,,,2.2279997E-3,32.00000152E-3,
,,,2.2319998E-3,32.00000152E-3,
,,,2.2359998E-3,32.00000152E-3,
,,,2.2399996E-3,32.00000152E-3,
,,,2.2439996E-3,24.00000021E-3,
,,,2.2479997E-3,24.00000021E-3,
,,,2.2519997E-3,24.00000021E-3,
,,,2.2559997E-3,24.00000021E-3,
,,,2.2599997E-3,32.00000152E-3,
,,,2.2639998E-3,24.00000021E-3,
,,,2.2679998E-3,32.00000152E-3,
,,,2.2719996E-3,32.00000152E-3,
,,,2.2759996E-3,32.00000152E-3,
,,,2.2799997E-3,16.0000008E-3,
,,,2.2839997E-3,24.00000021E-3,
,,,2.2879997E-3,24.00000021E-3,
,,,2.2919998E-3,32.00000152E-3,
,,,2.2959998E-3,24.00000021E-3,
,,,2.2999998E-3,32.00000152E-3,
,,,2.3039996E-3,32.00000152E-3,
,,,2.3079996E-3,24.00000021E-3,
,,,2.3119997E-3,32.00000152E-3,
,,,2.3159997E-3,32.00000152E-3,
,,,2.3199997E-3,32.00000152E-3,
,,,2.3239998E-3,32.00000152E-3,
,,,2.3279998E-3,24.00000021E-3,
,,,2.3319996E-3,32.00000152E-3,
,,,2.3359996E-3,24.00000021E-3,
,,,2.3399997E-3,32.00000152E-3,
,,,2.3439997E-3,24.00000021E-3,
,,,2.3479997E-3,24.00000021E-3,
,,,2.3519997E-3,16.0000008E-3,
,,,2.3559998E-3,24.00000021E-3,
,,,2.3599998E-3,16.0000008E-3,
,,,2.3639996E-3,24.00000021E-3,
,,,2.3679996E-3,24.00000021E-3,
,,,2.3719997E-3,24.00000021E-3,
,,,2.3759997E-3,16.0000008E-3,
,,,2.3799997E-3,16.0000008E-3,
,,,2.3839998E-3,32.00000152E-3,
,,,2.3879998E-3,16.0000008E-3,
,,,2.3919996E-3,24.00000021E-3,
,,,2.3959996E-3,24.00000021E-3,
,,,2.3999996E-3,24.00000021E-3,
,,,2.4039997E-3,32.00000152E-3,
,,,2.4079997E-3,16.0000008E-3,
,,,2.4119997E-3,24.00000021E-3,
,,,2.4159998E-3,24.00000021E-3,
,,,2.4199998E-3,24.00000021E-3,
,,,2.4239996E-3,24.00000021E-3,
,,,2.4279996E-3,24.00000021E-3,
,,,2.4319997E-3,24.00000021E-3,
,,,2.4359997E-3,24.00000021E-3,
,,,2.4399997E-3,24.00000021E-3,
,,,2.4439998E-3,24.00000021E-3,
,,,2.4479998E-3,24.00000021E-3,
,,,2.4519998E-3,16.0000008E-3,
,,,2.4559996E-3,24.00000021E-3,
,,,2.4599996E-3,32.00000152E-3,
,,,2.4639997E-3,24.00000021E-3,
,,,2.4679997E-3,8.000000380E-3,
,,,2.4719997E-3,24.00000021E-3,
,,,2.4759998E-3,24.00000021E-3,
,,,2.4799998E-3,24.00000021E-3,
,,,2.4839996E-3,16.0000008E-3,
,,,2.4879996E-3,24.00000021E-3,
,,,2.4919997E-3,24.00000021E-3,
,,,2.4959997E-3,16.0000008E-3,
,,,2.4999997E-3,16.0000008E-3,
,,,2.5039997E-3,24.00000021E-3,
,,,2.5079998E-3,16.0000008E-3,
,,,2.5119998E-3,16.0000008E-3,
,,,2.5159996E-3,16.0000008E-3,
,,,2.5199996E-3,16.0000008E-3,
,,,2.5239997E-3,16.0000008E-3,
,,,2.5279997E-3,16.0000008E-3,
,,,2.5319997E-3,16.0000008E-3,
,,,2.5359998E-3,16.0000008E-3,
,,,2.5399998E-3,16.0000008E-3,
,,,2.5439998E-3,24.00000021E-3,
,,,2.5479996E-3,16.0000008E-3,
,,,2.5519996E-3,16.0000008E-3,
,,,2.5559997E-3,16.0000008E-3,
,,,2.5599997E-3,24.00000021E-3,
,,,2.5639997E-3,24.00000021E-3,
,,,2.5679998E-3,16.0000008E-3,
,,,2.5719998E-3,16.0000008E-3,
,,,2.5759996E-3,24.00000021E-3,
,,,2.5799996E-3,16.0000008E-3,
,,,2.5839997E-3,16.0000008E-3,
,,,2.5879997E-3,16.0000008E-3,
,,,2.5919997E-3,16.0000008E-3,
,,,2.5959997E-3,16.0000008E-3,
,,,2.5999998E-3,24.00000021E-3,
,,,2.6039998E-3,24.00000021E-3,
,,,2.6079996E-3,16.0000008E-3,
,,,2.6119996E-3,16.0000008E-3,
,,,2.6159997E-3,16.0000008E-3,
,,,2.6199997E-3,16.0000008E-3,
,,,2.6239997E-3,16.0000008E-3,
,,,2.6279998E-3,16.0000008E-3,
,,,2.6319998E-3,16.0000008E-3,
,,,2.6359998E-3,16.0000008E-3,
,,,2.6399996E-3,8.000000380E-3,
,,,2.6439996E-3,8.000000380E-3,
,,,2.6479997E-3,16.0000008E-3,
,,,2.6519997E-3,16.0000008E-3,
,,,2.6559997E-3,24.00000021E-3,
,,,2.6599998E-3,16.0000008E-3,
,,,2.6639998E-3,24.00000021E-3,
,,,2.6679996E-3,24.00000021E-3,
,,,2.6719996E-3,16.0000008E-3,
,,,2.6759997E-3,16.0000008E-3,
,,,2.6799997E-3,24.00000021E-3,
,,,2.6839997E-3,24.00000021E-3,
,,,2.6879997E-3,24.00000021E-3,
,,,2.6919998E-3,16.0000008E-3,
,,,2.6959998E-3,16.0000008E-3,
,,,2.6999996E-3,16.0000008E-3,
,,,2.7039996E-3,16.0000008E-3,
,,,2.7079997E-3,16.0000008E-3,
,,,2.7119997E-3,24.00000021E-3,
,,,2.7159997E-3,16.0000008E-3,
,,,2.71999976E-3,16.0000008E-3,
,,,2.72399979E-3,8.000000380E-3,
,,,2.72799982E-3,16.0000008E-3,
,,,2.73199962E-3,16.0000008E-3,
,,,2.73599965E-3,16.0000008E-3,
,,,2.73999968E-3,16.0000008E-3,
,,,2.74399971E-3,24.00000021E-3,
,,,2.74799974E-3,16.0000008E-3,
,,,2.75199977E-3,8.000000380E-3,
,,,2.75599980E-3,16.0000008E-3,
,,,2.75999960E-3,8.000000380E-3,
,,,2.76399963E-3,8.000000380E-3,
,,,2.76799966E-3,16.0000008E-3,
,,,2.77199969E-3,8.000000380E-3,
,,,2.77599972E-3,16.0000008E-3,
,,,2.77999975E-3,16.0000008E-3,
,,,2.78399978E-3,8.000000380E-3,
,,,2.78799981E-3,16.0000008E-3,
,,,2.79199961E-3,16.0000008E-3,
,,,2.79599964E-3,16.0000008E-3,
,,,2.79999967E-3,16.0000008E-3,
,,,2.80399970E-3,16.0000008E-3,
,,,2.80799973E-3,8.000000380E-3,
,,,2.81199976E-3,16.0000008E-3,
,,,2.81599979E-3,16.0000008E-3,
,,,2.81999959E-3,8.000000380E-3,
,,,2.82399962E-3,16.0000008E-3,
,,,2.82799965E-3,0.0,
,,,2.83199968E-3,16.0000008E-3,
,,,2.83599971E-3,8.000000380E-3,
,,,2.83999974E-3,16.0000008E-3,
,,,2.84399977E-3,8.000000380E-3,
,,,2.84799980E-3,16.0000008E-3,
,,,2.85199960E-3,16.0000008E-3,
,,,2.85599963E-3,16.0000008E-3,
,,,2.85999966E-3,0.0,
,,,2.86399969E-3,8.000000380E-3,
,,,2.86799972E-3,16.0000008E-3,
,,,2.87199975E-3,16.0000008E-3,
,,,2.87599978E-3,8.000000380E-3,
,,,2.87999981E-3,8.000000380E-3,
,,,2.88399961E-3,16.0000008E-3,
,,,2.88799964E-3,8.000000380E-3,
,,,2.89199967E-3,8.000000380E-3,
,,,2.89599970E-3,8.000000380E-3,
,,,2.89999973E-3,16.0000008E-3,
,,,2.90399976E-3,8.000000380E-3,
,,,2.90799979E-3,16.0000008E-3,
,,,2.91199959E-3,16.0000008E-3,
,,,2.91599962E-3,16.0000008E-3,
,,,2.91999965E-3,16.0000008E-3,
,,,2.92399968E-3,16.0000008E-3,
,,,2.92799971E-3,8.000000380E-3,
,,,2.93199974E-3,16.0000008E-3,
,,,2.93599977E-3,8.000000380E-3,
,,,2.93999980E-3,8.000000380E-3,
,,,2.94399960E-3,16.0000008E-3,
,,,2.94799963E-3,16.0000008E-3,
,,,2.95199966E-3,16.0000008E-3,
,,,2.95599969E-3,16.0000008E-3,
,,,2.95999972E-3,8.000000380E-3,
,,,2.96399975E-3,8.000000380E-3,
,,,2.96799978E-3,16.0000008E-3,
,,,2.97199981E-3,16.0000008E-3,
,,,2.97599961E-3,16.0000008E-3,
,,,2.97999964E-3,16.0000008E-3,
,,,2.98399967E-3,16.0000008E-3,
,,,2.98799970E-3,16.0000008E-3,
,,,2.99199973E-3,16.0000008E-3,
,,,2.99599976E-3,16.0000008E-3,
,,,2.99999979E-3,0.0,
,,,3.00399959E-3,16.0000008E-3,
,,,3.00799962E-3,16.0000008E-3,
,,,3.01199965E-3,16.0000008E-3,
,,,3.01599968E-3,8.000000380E-3,
,,,3.01999971E-3,16.0000008E-3,
,,,3.02399974E-3,16.0000008E-3,
,,,3.02799977E-3,16.0000008E-3,
,,,3.03199980E-3,16.0000008E-3,
,,,3.03599960E-3,16.0000008E-3,
,,,3.03999963E-3,8.000000380E-3,
,,,3.04399966E-3,8.000000380E-3,
,,,3.04799969E-3,8.000000380E-3,
,,,3.05199972E-3,16.0000008E-3,
,,,3.05599975E-3,16.0000008E-3,
,,,3.05999978E-3,0.0,
,,,3.06399981E-3,8.000000380E-3,
,,,3.06799961E-3,8.000000380E-3,
,,,3.07199964E-3,0.0,
,,,3.07599967E-3,8.000000380E-3,
,,,3.07999970E-3,8.000000380E-3,
,,,3.08399973E-3,16.0000008E-3,
,,,3.08799976E-3,16.0000008E-3,
,,,3.09199980E-3,16.0000008E-3,
,,,3.09599959E-3,16.0000008E-3,
,,,3.09999962E-3,16.0000008E-3,
,,,3.10399965E-3,16.0000008E-3,
,,,3.10799968E-3,8.000000380E-3,
,,,3.11199971E-3,16.0000008E-3,
,,,3.11599975E-3,16.0000008E-3,
,,,3.11999978E-3,8.000000380E-3,
,,,3.12399981E-3,8.000000380E-3,
,,,3.12799960E-3,8.000000380E-3,
,,,3.13199963E-3,8.000000380E-3,
,,,3.13599966E-3,8.000000380E-3,
,,,3.13999970E-3,16.0000008E-3,
,,,3.14399973E-3,8.000000380E-3,
,,,3.14799976E-3,8.000000380E-3,
,,,3.15199979E-3,8.000000380E-3,
,,,3.15599958E-3,8.000000380E-3,
,,,3.15999961E-3,0.0,
,,,3.16399965E-3,0.0,
,,,3.16799968E-3,8.000000380E-3,
,,,3.17199971E-3,0.0,
,,,3.17599974E-3,16.0000008E-3,
,,,3.17999977E-3,16.0000008E-3,
,,,3.18399980E-3,16.0000008E-3,
,,,3.18799959E-3,24.00000021E-3,
,,,3.19199963E-3,8.000000380E-3,
,,,3.19599966E-3,0.0,
,,,3.19999969E-3,16.0000008E-3,
,,,3.20399972E-3,16.0000008E-3,
,,,3.20799975E-3,16.0000008E-3,
,,,3.21199978E-3,16.0000008E-3,
,,,3.21599981E-3,16.0000008E-3,
,,,3.21999961E-3,16.0000008E-3,
,,,3.22399964E-3,0.0,
,,,3.22799967E-3,16.0000008E-3,
,,,3.23199970E-3,8.000000380E-3,
,,,3.23599973E-3,16.0000008E-3,
,,,3.23999976E-3,8.000000380E-3,
,,,3.24399979E-3,8.000000380E-3,
,,,3.24799959E-3,8.000000380E-3,
,,,3.25199962E-3,8.000000380E-3,
,,,3.25599965E-3,8.000000380E-3,
,,,3.25999968E-3,8.000000380E-3,
,,,3.26399971E-3,16.0000008E-3,
,,,3.26799974E-3,8.000000380E-3,
,,,3.27199977E-3,8.000000380E-3,
,,,3.27599980E-3,8.000000380E-3,
,,,3.27999960E-3,8.000000380E-3,
,,,3.28399963E-3,8.000000380E-3,
,,,3.28799966E-3,16.0000008E-3,
,,,3.29199969E-3,8.000000380E-3,
,,,3.29599972E-3,8.000000380E-3,
,,,3.29999975E-3,8.000000380E-3,
,,,3.30399978E-3,16.0000008E-3,
,,,3.30799981E-3,8.000000380E-3,
,,,3.31199961E-3,8.000000380E-3,
,,,3.31599964E-3,16.0000008E-3,
,,,3.31999967E-3,16.0000008E-3,
,,,3.32399970E-3,16.0000008E-3,
,,,3.32799973E-3,16.0000008E-3,
,,,3.33199976E-3,8.000000380E-3,
,,,3.33599979E-3,0.0,
,,,3.33999959E-3,0.0,
,,,3.34399962E-3,16.0000008E-3,
,,,3.34799965E-3,16.0000008E-3,
,,,3.35199968E-3,8.000000380E-3,
,,,3.35599971E-3,8.000000380E-3,
,,,3.35999974E-3,0.0,
,,,3.36399977E-3,8.000000380E-3,
,,,3.36799980E-3,8.000000380E-3,
,,,3.37199960E-3,8.000000380E-3,
,,,3.37599963E-3,16.0000008E-3,
,,,3.37999966E-3,8.000000380E-3,
,,,3.38399969E-3,8.000000380E-3,
,,,3.38799972E-3,8.000000380E-3,
,,,3.39199975E-3,8.000000380E-3,
,,,3.39599978E-3,16.0000008E-3,
,,,3.39999981E-3,8.000000380E-3,
,,,3.40399961E-3,16.0000008E-3,
,,,3.40799964E-3,16.0000008E-3,
,,,3.41199967E-3,0.0,
,,,3.41599970E-3,8.000000380E-3,
,,,3.41999973E-3,8.000000380E-3,
,,,3.42399976E-3,8.000000380E-3,
,,,3.42799979E-3,8.000000380E-3,
,,,3.43199959E-3,0.0,
,,,3.43599962E-3,8.000000380E-3,
,,,3.43999965E-3,0.0,
,,,3.44399968E-3,8.000000380E-3,
,,,3.44799971E-3,8.000000380E-3,
,,,3.45199974E-3,8.000000380E-3,
,,,3.45599977E-3,0.0,
,,,3.45999980E-3,8.000000380E-3,
,,,3.46399960E-3,8.000000380E-3,
,,,3.46799963E-3,0.0,
,,,3.47199966E-3,8.000000380E-3,
,,,3.47599969E-3,8.000000380E-3,
,,,3.47999972E-3,8.000000380E-3,
,,,3.48399975E-3,8.000000380E-3,
,,,3.48799978E-3,8.000000380E-3,
,,,3.49199981E-3,8.000000380E-3,
,,,3.49599961E-3,16.0000008E-3,
,,,3.49999964E-3,8.000000380E-3,
,,,3.50399967E-3,8.000000380E-3,
,,,3.50799970E-3,8.000000380E-3,
,,,3.51199973E-3,8.000000380E-3,
,,,3.51599976E-3,8.000000380E-3,
,,,3.51999979E-3,16.0000008E-3,
,,,3.52399959E-3,16.0000008E-3,
,,,3.52799962E-3,8.000000380E-3,
,,,3.53199965E-3,8.000000380E-3,
,,,3.53599968E-3,8.000000380E-3,
,,,3.53999971E-3,0.0,
,,,3.54399974E-3,8.000000380E-3,
,,,3.54799978E-3,16.0000008E-3,
,,,3.55199981E-3,8.000000380E-3,
,,,3.55599960E-3,8.000000380E-3,
,,,3.55999963E-3,0.0,
,,,3.56399966E-3,16.0000008E-3,
,,,3.56799969E-3,0.0,
,,,3.57199972E-3,0.0,
,,,3.57599976E-3,8.000000380E-3,
,,,3.57999979E-3,8.000000380E-3,
,,,3.58399958E-3,8.000000380E-3,
,,,3.58799961E-3,8.000000380E-3,
,,,3.59199964E-3,8.000000380E-3,
,,,3.59599967E-3,8.000000380E-3,
,,,3.59999971E-3,8.000000380E-3,
,,,3.60399974E-3,16.0000008E-3,
,,,3.60799977E-3,8.000000380E-3,
,,,3.61199980E-3,8.000000380E-3,
,,,3.61599959E-3,16.0000008E-3,
,,,3.61999962E-3,8.000000380E-3,
,,,3.62399966E-3,8.000000380E-3,
,,,3.62799969E-3,8.000000380E-3,
,,,3.63199972E-3,8.000000380E-3,
,,,3.63599975E-3,8.000000380E-3,
,,,3.63999978E-3,8.000000380E-3,
,,,3.64399981E-3,8.000000380E-3,
,,,3.64799961E-3,16.0000008E-3,
,,,3.65199964E-3,8.000000380E-3,
,,,3.65599967E-3,0.0,
,,,3.65999970E-3,8.000000380E-3,
,,,3.66399973E-3,8.000000380E-3,
,,,3.66799976E-3,0.0,
,,,3.67199979E-3,8.000000380E-3,
,,,3.67599959E-3,8.000000380E-3,
,,,3.67999962E-3,8.000000380E-3,
,,,3.68399965E-3,0.0,
,,,3.68799968E-3,8.000000380E-3,
,,,3.69199971E-3,0.0,
,,,3.69599974E-3,0.0,
,,,3.69999977E-3,8.000000380E-3,
,,,3.70399980E-3,8.000000380E-3,
,,,3.70799960E-3,8.000000380E-3,
,,,3.71199963E-3,0.0,
,,,3.71599966E-3,0.0,
,,,3.71999969E-3,0.0,
,,,3.72399972E-3,8.000000380E-3,
,,,3.72799975E-3,16.0000008E-3,
,,,3.73199978E-3,8.000000380E-3,
,,,3.73599981E-3,8.000000380E-3,
,,,3.73999961E-3,8.000000380E-3,
,,,3.74399964E-3,8.000000380E-3,
,,,3.74799967E-3,8.000000380E-3,
,,,3.75199970E-3,0.0,
,,,3.75599973E-3,8.000000380E-3,
,,,3.75999976E-3,8.000000380E-3,
,,,3.76399979E-3,8.000000380E-3,
,,,3.76799959E-3,0.0,
,,,3.77199962E-3,0.0,
,,,3.77599965E-3,8.000000380E-3,
,,,3.77999968E-3,8.000000380E-3,
,,,3.78399971E-3,8.000000380E-3,
,,,3.78799974E-3,8.000000380E-3,
,,,3.79199977E-3,8.000000380E-3,
,,,3.79599980E-3,0.0,
,,,3.79999960E-3,8.000000380E-3,
,,,3.80399963E-3,8.000000380E-3,
,,,3.80799966E-3,8.000000380E-3,
,,,3.81199969E-3,16.0000008E-3,
,,,3.81599972E-3,8.000000380E-3,
,,,3.81999975E-3,8.000000380E-3,
,,,3.82399978E-3,8.000000380E-3,
,,,3.82799981E-3,8.000000380E-3,
,,,3.83199961E-3,16.0000008E-3,
,,,3.83599964E-3,8.000000380E-3,
,,,3.83999967E-3,8.000000380E-3,
,,,3.84399970E-3,8.000000380E-3,
,,,3.84799973E-3,8.000000380E-3,
,,,3.85199976E-3,8.000000380E-3,
,,,3.85599979E-3,0.0,
,,,3.85999959E-3,8.000000380E-3,
,,,3.86399962E-3,16.0000008E-3,
,,,3.86799965E-3,8.000000380E-3,
,,,3.87199968E-3,8.000000380E-3,
,,,3.87599971E-3,8.000000380E-3,
,,,3.87999974E-3,0.0,
,,,3.88399977E-3,8.000000380E-3,
,,,3.88799980E-3,8.000000380E-3,
,,,3.89199960E-3,8.000000380E-3,
,,,3.89599963E-3,0.0,
,,,3.89999966E-3,8.000000380E-3,
,,,3.90399969E-3,8.000000380E-3,
,,,3.90799949E-3,16.0000008E-3,
,,,3.91199952E-3,0.0,
,,,3.91599955E-3,0.0,
,,,3.91999958E-3,0.0,
,,,3.92399961E-3,16.0000008E-3,
,,,3.92799964E-3,8.000000380E-3,
,,,3.93199967E-3,8.000000380E-3,
,,,3.93599970E-3,16.0000008E-3,
,,,3.93999973E-3,0.0,
,,,3.94399976E-3,8.000000380E-3,
,,,3.94799979E-3,8.000000380E-3,
,,,3.95199982E-3,8.000000380E-3,
,,,3.95599985E-3,8.000000380E-3,
,,,3.95999989E-3,8.000000380E-3,
,,,3.96399992E-3,0.0,
,,,3.96799948E-3,8.000000380E-3,
,,,3.97199951E-3,0.0,
,,,3.97599954E-3,8.000000380E-3,
,,,3.97999957E-3,8.000000380E-3,
,,,3.98399960E-3,8.000000380E-3,
,,,3.98799963E-3,8.000000380E-3,
,,,3.99199966E-3,8.000000380E-3,
,,,3.99599969E-3,0.0,
,,,3.99999972E-3,0.0,
,,,4.00399975E-3,0.0,
,,,4.00799979E-3,0.0,
,,,4.01199982E-3,16.0000008E-3,
,,,4.01599985E-3,8.000000380E-3,
,,,4.01999988E-3,8.000000380E-3,
,,,4.02399991E-3,8.000000380E-3,
,,,4.02799947E-3,8.000000380E-3,
,,,4.03199950E-3,8.000000380E-3,
,,,4.03599953E-3,8.000000380E-3,
,,,4.03999956E-3,8.000000380E-3,
,,,4.04399959E-3,8.000000380E-3,
,,,4.04799962E-3,8.000000380E-3,
,,,4.05199965E-3,0.0,
,,,4.05599969E-3,0.0,
,,,4.05999972E-3,8.000000380E-3,
,,,4.06399975E-3,8.000000380E-3,
,,,4.06799978E-3,8.000000380E-3,
,,,4.07199981E-3,8.000000380E-3,
,,,4.07599984E-3,8.000000380E-3,
,,,4.07999987E-3,0.0,
,,,4.08399990E-3,0.0,
,,,4.08799993E-3,8.000000380E-3,
,,,4.09199949E-3,16.0000008E-3,
,,,4.09599952E-3,8.000000380E-3,
,,,4.09999955E-3,8.000000380E-3,
,,,4.10399958E-3,8.000000380E-3,
,,,4.10799962E-3,8.000000380E-3,
,,,4.11199965E-3,8.000000380E-3,
,,,4.11599968E-3,0.0,
,,,4.11999971E-3,16.0000008E-3,
,,,4.12399974E-3,16.0000008E-3,
,,,4.12799977E-3,0.0,
,,,4.13199980E-3,16.0000008E-3,
,,,4.13599983E-3,16.0000008E-3,
,,,4.13999986E-3,8.000000380E-3,
,,,4.14399989E-3,16.0000008E-3,
,,,4.14799992E-3,8.000000380E-3,
,,,4.15199948E-3,8.000000380E-3,
,,,4.15599952E-3,0.0,
,,,4.15999955E-3,0.0,
,,,4.16399958E-3,8.000000380E-3,
,,,4.16799961E-3,8.000000380E-3,
,,,4.17199964E-3,0.0,
,,,4.17599967E-3,8.000000380E-3,
,,,4.17999970E-3,0.0,
,,,4.18399973E-3,0.0,
,,,4.18799976E-3,16.0000008E-3,
,,,4.19199979E-3,8.000000380E-3,
,,,4.19599982E-3,8.000000380E-3,
,,,4.19999985E-3,0.0,
,,,4.20399988E-3,8.000000380E-3,
,,,4.20799991E-3,8.000000380E-3,
,,,4.21199948E-3,8.000000380E-3,
,,,4.21599951E-3,8.000000380E-3,
,,,4.21999954E-3,16.0000008E-3,
,,,4.22399957E-3,16.0000008E-3,
,,,4.22799960E-3,8.000000380E-3,
,,,4.23199963E-3,8.000000380E-3,
,,,4.23599966E-3,0.0,
,,,4.23999969E-3,8.000000380E-3,
,,,4.24399972E-3,16.0000008E-3,
,,,4.24799975E-3,8.000000380E-3,
,,,4.25199978E-3,8.000000380E-3,
,,,4.25599981E-3,8.000000380E-3,
,,,4.25999984E-3,0.0,
,,,4.26399987E-3,0.0,
,,,4.26799990E-3,16.0000008E-3,
,,,4.27199947E-3,0.0,
,,,4.27599950E-3,0.0,
,,,4.27999953E-3,0.0,
,,,4.28399956E-3,8.000000380E-3,
,,,4.28799959E-3,8.000000380E-3,
,,,4.29199962E-3,8.000000380E-3,
,,,4.29599965E-3,8.000000380E-3,
,,,4.29999968E-3,8.000000380E-3,
,,,4.30399971E-3,8.000000380E-3,
,,,4.30799974E-3,8.000000380E-3,
,,,4.31199977E-3,8.000000380E-3,
,,,4.31599980E-3,8.000000380E-3,
,,,4.31999983E-3,8.000000380E-3,
,,,4.32399986E-3,8.000000380E-3,
,,,4.32799989E-3,8.000000380E-3,
,,,4.33199992E-3,8.000000380E-3,
,,,4.33599949E-3,8.000000380E-3,
,,,4.33999952E-3,0.0,
,,,4.34399955E-3,8.000000380E-3,
,,,4.34799958E-3,0.0,
,,,4.35199961E-3,0.0,
,,,4.35599964E-3,8.000000380E-3,
,,,4.35999967E-3,8.000000380E-3,
,,,4.36399970E-3,0.0,
,,,4.36799973E-3,0.0,
,,,4.37199976E-3,8.000000380E-3,
,,,4.37599979E-3,8.000000380E-3,
,,,4.37999982E-3,0.0,
,,,4.38399985E-3,8.000000380E-3,
,,,4.38799988E-3,8.000000380E-3,
,,,4.39199992E-3,8.000000380E-3,
,,,4.39599948E-3,8.000000380E-3,
,,,4.39999951E-3,8.000000380E-3,
,,,4.40399954E-3,8.000000380E-3,
,,,4.40799957E-3,8.000000380E-3,
,,,4.41199960E-3,0.0,
,,,4.41599963E-3,8.000000380E-3,
,,,4.41999966E-3,0.0,
,,,4.42399969E-3,8.000000380E-3,
,,,4.42799972E-3,8.000000380E-3,
,,,4.43199975E-3,0.0,
,,,4.43599978E-3,8.000000380E-3,
,,,4.43999982E-3,8.000000380E-3,
,,,4.44399985E-3,8.000000380E-3,
,,,4.44799988E-3,8.000000380E-3,
,,,4.45199991E-3,16.0000008E-3,
,,,4.45599947E-3,24.00000021E-3,
,,,4.45999950E-3,8.000000380E-3,
,,,4.46399953E-3,8.000000380E-3,
,,,4.46799956E-3,0.0,
,,,4.47199959E-3,8.000000380E-3,
,,,4.47599962E-3,8.000000380E-3,
,,,4.47999965E-3,0.0,
,,,4.48399968E-3,8.000000380E-3,
,,,4.48799971E-3,8.000000380E-3,
,,,4.49199975E-3,8.000000380E-3,
,,,4.49599978E-3,0.0,
,,,4.49999981E-3,0.0,
,,,4.50399984E-3,0.0,
,,,4.50799987E-3,0.0,
,,,4.51199990E-3,8.000000380E-3,
,,,4.51599993E-3,8.000000380E-3,
,,,4.51999949E-3,8.000000380E-3,
,,,4.52399952E-3,0.0,
,,,4.52799955E-3,8.000000380E-3,
,,,4.53199958E-3,8.000000380E-3,
,,,4.53599961E-3,8.000000380E-3,
,,,4.53999965E-3,8.000000380E-3,
,,,4.54399968E-3,8.000000380E-3,
,,,4.54799971E-3,8.000000380E-3,
,,,4.55199974E-3,8.000000380E-3,
,,,4.55599977E-3,8.000000380E-3,
,,,4.55999980E-3,0.0,
,,,4.56399983E-3,8.000000380E-3,
,,,4.56799986E-3,0.0,
,,,4.57199989E-3,0.0,
,,,4.57599992E-3,0.0,
,,,4.57999948E-3,0.0,
,,,4.58399951E-3,0.0,
,,,4.58799955E-3,8.000000380E-3,
,,,4.59199958E-3,8.000000380E-3,
,,,4.59599961E-3,16.0000008E-3,
,,,4.59999964E-3,8.000000380E-3,
,,,4.60399967E-3,0.0,
,,,4.60799970E-3,8.000000380E-3,
,,,4.61199973E-3,16.0000008E-3,
,,,4.61599976E-3,0.0,
,,,4.61999979E-3,8.000000380E-3,
,,,4.62399982E-3,8.000000380E-3,
,,,4.62799985E-3,0.0,
,,,4.63199988E-3,0.0,
,,,4.63599991E-3,8.000000380E-3,
,,,4.63999948E-3,8.000000380E-3,
,,,4.64399951E-3,0.0,
,,,4.64799954E-3,0.0,
,,,4.65199957E-3,0.0,
,,,4.65599960E-3,8.000000380E-3,
,,,4.65999963E-3,0.0,
,,,4.66399966E-3,0.0,
,,,4.66799969E-3,8.000000380E-3,
,,,4.67199972E-3,8.000000380E-3,
,,,4.67599975E-3,0.0,
,,,4.67999978E-3,8.000000380E-3,
,,,4.68399981E-3,8.000000380E-3,
,,,4.68799984E-3,8.000000380E-3,
,,,4.69199987E-3,0.0,
,,,4.69599990E-3,0.0,
,,,4.69999947E-3,8.000000380E-3,
,,,4.70399950E-3,8.000000380E-3,
,,,4.70799953E-3,8.000000380E-3,
,,,4.71199956E-3,8.000000380E-3,
,,,4.71599959E-3,8.000000380E-3,
,,,4.71999962E-3,8.000000380E-3,
,,,4.72399965E-3,0.0,
,,,4.72799968E-3,8.000000380E-3,
,,,4.73199971E-3,8.000000380E-3,
,,,4.73599974E-3,8.000000380E-3,
,,,4.73999977E-3,8.000000380E-3,
,,,4.74399980E-3,8.000000380E-3,
,,,4.74799983E-3,0.0,
,,,4.75199986E-3,8.000000380E-3,
,,,4.75599989E-3,8.000000380E-3,
,,,4.75999992E-3,8.000000380E-3,
,,,4.76399949E-3,0.0,
,,,4.76799952E-3,8.000000380E-3,
,,,4.77199955E-3,0.0,
,,,4.77599958E-3,8.000000380E-3,
,,,4.77999961E-3,8.000000380E-3,
,,,4.78399964E-3,8.000000380E-3,
,,,4.78799967E-3,0.0,
,,,4.79199970E-3,0.0,
,,,4.79599973E-3,8.000000380E-3,
,,,4.79999976E-3,8.000000380E-3,
,,,4.80399979E-3,8.000000380E-3,
,,,4.80799982E-3,0.0,
,,,4.81199985E-3,8.000000380E-3,
,,,4.81599988E-3,-8.000000380E-3,
,,,4.81999991E-3,8.000000380E-3,
,,,4.82399948E-3,0.0,
,,,4.82799951E-3,0.0,
,,,4.83199954E-3,16.0000008E-3,
,,,4.83599957E-3,8.000000380E-3,
,,,4.83999960E-3,0.0,
,,,4.84399963E-3,0.0,
,,,4.84799966E-3,8.000000380E-3,
,,,4.85199969E-3,8.000000380E-3,
,,,4.85599972E-3,8.000000380E-3,
,,,4.85999975E-3,8.000000380E-3,
,,,4.86399978E-3,8.000000380E-3,
,,,4.86799981E-3,8.000000380E-3,
,,,4.87199984E-3,0.0,
,,,4.87599988E-3,8.000000380E-3,
,,,4.87999991E-3,8.000000380E-3,
,,,4.88399947E-3,8.000000380E-3,
,,,4.88799950E-3,0.0,
,,,4.89199953E-3,8.000000380E-3,
,,,4.89599956E-3,0.0,
,,,4.89999959E-3,0.0,
,,,4.90399962E-3,0.0,
,,,4.90799965E-3,8.000000380E-3,
,,,4.91199968E-3,0.0,
,,,4.91599971E-3,8.000000380E-3,
,,,4.91999974E-3,8.000000380E-3,
,,,4.92399978E-3,8.000000380E-3,
,,,4.92799981E-3,8.000000380E-3,
,,,4.93199984E-3,16.0000008E-3,
,,,4.93599987E-3,16.0000008E-3,
,,,4.93999990E-3,8.000000380E-3,
,,,4.94399993E-3,8.000000380E-3,
,,,4.94799949E-3,8.000000380E-3,
,,,4.95199952E-3,8.000000380E-3,
,,,4.95599955E-3,8.000000380E-3,
,,,4.95999958E-3,0.0,
,,,4.96399961E-3,8.000000380E-3,
,,,4.96799964E-3,8.000000380E-3,
,,,4.97199968E-3,8.000000380E-3,
,,,4.97599971E-3,0.0,
,,,4.97999974E-3,0.0,
,,,4.98399977E-3,8.000000380E-3,
,,,4.98799980E-3,-8.000000380E-3,
,,,4.99199983E-3,0.0,
,,,4.99599986E-3,8.000000380E-3,
,,,4.99999989E-3,0.0,
,,,5.00399992E-3,8.000000380E-3,
,,,5.00799948E-3,8.000000380E-3,
,,,5.01199951E-3,-8.000000380E-3,
,,,5.01599954E-3,0.0,
,,,5.01999957E-3,8.000000380E-3,
,,,5.02399961E-3,16.0000008E-3,
,,,5.02799964E-3,0.0,
,,,5.03199967E-3,8.000000380E-3,
,,,5.03599970E-3,8.000000380E-3,
,,,5.03999973E-3,8.000000380E-3,
,,,5.04399976E-3,8.000000380E-3,
,,,5.04799979E-3,16.0000008E-3,
,,,5.05199982E-3,8.000000380E-3,
,,,5.05599985E-3,16.0000008E-3,
,,,5.05999988E-3,8.000000380E-3,
,,,5.06399991E-3,8.000000380E-3,
,,,5.06799947E-3,0.0,
,,,5.07199951E-3,0.0,
,,,5.07599954E-3,0.0,
,,,5.07999957E-3,8.000000380E-3,
,,,5.08399960E-3,8.000000380E-3,
,,,5.08799963E-3,16.0000008E-3,
,,,5.09199966E-3,8.000000380E-3,
,,,5.09599969E-3,8.000000380E-3,
,,,5.09999972E-3,8.000000380E-3,
,,,5.10399975E-3,8.000000380E-3,
,,,5.10799978E-3,16.0000008E-3,
,,,5.11199981E-3,8.000000380E-3,
,,,5.11599984E-3,0.0,
,,,5.11999987E-3,16.0000008E-3,
,,,5.12399990E-3,8.000000380E-3,
,,,5.12799947E-3,8.000000380E-3,
,,,5.13199950E-3,8.000000380E-3,
,,,5.13599953E-3,0.0,
,,,5.13999956E-3,8.000000380E-3,
,,,5.14399959E-3,8.000000380E-3,
,,,5.14799962E-3,8.000000380E-3,
,,,5.15199965E-3,8.000000380E-3,
,,,5.15599968E-3,0.0,
,,,5.15999971E-3,8.000000380E-3,
,,,5.16399974E-3,8.000000380E-3,
,,,5.16799977E-3,0.0,
,,,5.17199980E-3,8.000000380E-3,
,,,5.17599983E-3,0.0,
,,,5.17999986E-3,8.000000380E-3,
,,,5.18399989E-3,8.000000380E-3,
,,,5.18799992E-3,8.000000380E-3,
,,,5.19199949E-3,8.000000380E-3,
,,,5.19599952E-3,8.000000380E-3,
,,,5.19999955E-3,8.000000380E-3,
,,,5.20399958E-3,8.000000380E-3,
,,,5.20799961E-3,0.0,
,,,5.21199964E-3,8.000000380E-3,
,,,5.21599967E-3,0.0,
,,,5.21999970E-3,0.0,
,,,5.22399973E-3,0.0,
,,,5.22799976E-3,0.0,
,,,5.23199979E-3,8.000000380E-3,
,,,5.23599982E-3,0.0,
,,,5.23999985E-3,8.000000380E-3,
,,,5.24399988E-3,0.0,
,,,5.24799991E-3,0.0,
,,,5.25199948E-3,0.0,
,,,5.25599951E-3,8.000000380E-3,
,,,5.25999954E-3,8.000000380E-3,
,,,5.26399957E-3,8.000000380E-3,
,,,5.26799960E-3,16.0000008E-3,
,,,5.27199963E-3,8.000000380E-3,
,,,5.27599966E-3,8.000000380E-3,
,,,5.27999969E-3,8.000000380E-3,
,,,5.28399972E-3,8.000000380E-3,
,,,5.28799975E-3,0.0,
,,,5.29199978E-3,0.0,
,,,5.29599981E-3,0.0,
,,,5.29999984E-3,0.0,
,,,5.30399987E-3,0.0,
,,,5.30799991E-3,0.0,
,,,5.31199947E-3,0.0,
,,,5.31599950E-3,8.000000380E-3,
,,,5.31999953E-3,8.000000380E-3,
,,,5.32399956E-3,0.0,
,,,5.32799959E-3,8.000000380E-3,
,,,5.33199962E-3,8.000000380E-3,
,,,5.33599965E-3,0.0,
,,,5.33999968E-3,8.000000380E-3,
,,,5.34399971E-3,0.0,
,,,5.34799974E-3,0.0,
,,,5.35199977E-3,8.000000380E-3,
,,,5.35599981E-3,8.000000380E-3,
,,,5.35999984E-3,16.0000008E-3,
,,,5.36399987E-3,-8.000000380E-3,
,,,5.36799990E-3,8.000000380E-3,
,,,5.37199993E-3,0.0,
,,,5.37599949E-3,8.000000380E-3,
,,,5.37999952E-3,8.000000380E-3,
,,,5.38399955E-3,8.000000380E-3,
,,,5.38799958E-3,8.000000380E-3,
,,,5.39199961E-3,8.000000380E-3,
,,,5.39599964E-3,0.0,
,,,5.39999967E-3,8.000000380E-3,
,,,5.40399970E-3,8.000000380E-3,
,,,5.40799974E-3,8.000000380E-3,
,,,5.41199977E-3,8.000000380E-3,
,,,5.41599980E-3,8.000000380E-3,
,,,5.41999983E-3,8.000000380E-3,
,,,5.42399986E-3,0.0,
,,,5.42799989E-3,8.000000380E-3,
,,,5.43199992E-3,8.000000380E-3,
,,,5.43599948E-3,0.0,
,,,5.43999951E-3,16.0000008E-3,
,,,5.44399954E-3,8.000000380E-3,
,,,5.44799957E-3,8.000000380E-3,
,,,5.45199960E-3,8.000000380E-3,
,,,5.45599964E-3,0.0,
,,,5.45999967E-3,0.0,
,,,5.46399970E-3,8.000000380E-3,
,,,5.46799973E-3,16.0000008E-3,
,,,5.47199976E-3,8.000000380E-3,
,,,5.47599979E-3,0.0,
,,,5.47999982E-3,0.0,
,,,5.48399985E-3,8.000000380E-3,
,,,5.48799988E-3,0.0,
,,,5.49199991E-3,0.0,
,,,5.49599947E-3,8.000000380E-3,
,,,5.49999950E-3,8.000000380E-3,
,,,5.50399953E-3,8.000000380E-3,
,,,5.50799957E-3,0.0,
,,,5.51199960E-3,0.0,
,,,5.51599963E-3,8.000000380E-3,
,,,5.51999966E-3,0.0,
,,,5.52399969E-3,8.000000380E-3,
,,,5.52799972E-3,8.000000380E-3,
,,,5.53199975E-3,8.000000380E-3,
,,,5.53599978E-3,8.000000380E-3,
,,,5.53999981E-3,0.0,
,,,5.54399984E-3,8.000000380E-3,
,,,5.54799987E-3,8.000000380E-3,
,,,5.55199990E-3,8.000000380E-3,
,,,5.55599947E-3,8.000000380E-3,
