Record Length,2500,Points,-57.999998331E-3,39.99999911E-3,
Sample Interval,39.99999899E-6,s,-57.959999889E-3,0.0,
Trigger Point,1.4500001E3,Samples,-57.919997722E-3,0.0,
,,,-57.879999280E-3,0.0,
,,,-57.839997113E-3,0.0,
,,,-57.799998671E-3,0.0,
Source,CH1,,-57.759996504E-3,0.0,
Vertical Units,Volts,,-57.719998062E-3,0.0,
Vertical Scale,1.000000,,-57.679999620E-3,0.0,
Vertical Offset,0,,-57.639997452E-3,39.99999911E-3,
Horizontal Units,s,,-57.599999011E-3,39.99999911E-3,
Horizontal Scale,9.999999747E-3,,-57.559996843E-3,0.0,
Pt Fmt,Y,,-57.519998401E-3,0.0,
Yzero,-40.00000000E-3,,-57.479999959E-3,0.0,
Probe Atten,1.000000,,-57.439997792E-3,0.0,
,,,-57.399999350E-3,0.0,
Note,TBS 1052B-EDU - 11:51:49 a.m.   05/02/2016,,-57.359997183E-3,0.0,
,,,-57.319998741E-3,0.0,
,,,-57.279996574E-3,0.0,
,,,-57.239998132E-3,39.99999911E-3,
,,,-57.199999690E-3,0.0,
,,,-57.159997523E-3,0.0,
,,,-57.119999081E-3,0.0,
,,,-57.079996914E-3,0.0,
,,,-57.039998472E-3,0.0,
,,,-57.000000030E-3,39.99999911E-3,
,,,-56.959997863E-3,0.0,
,,,-56.919999421E-3,0.0,
,,,-56.879997253E-3,0.0,
,,,-56.839998811E-3,0.0,
,,,-56.799996644E-3,0.0,
,,,-56.759998202E-3,0.0,
,,,-56.719999760E-3,0.0,
,,,-56.679997593E-3,0.0,
,,,-56.639999151E-3,0.0,
,,,-56.599996984E-3,39.99999911E-3,
,,,-56.559998542E-3,0.0,
,,,-56.520000100E-3,0.0,
,,,-56.479997933E-3,0.0,
,,,-56.439999491E-3,0.0,
,,,-56.399997324E-3,-1.8399999,
,,,-56.359998882E-3,-1.6400000,
,,,-56.319996715E-3,-1.4399999,
,,,-56.279998273E-3,-1.2800000,
,,,-56.239999831E-3,-1.1200000,
,,,-56.199997663E-3,-959.999978542E-3,
,,,-56.159999222E-3,-839.999973774E-3,
,,,-56.119997054E-3,-759.999990463E-3,
,,,-56.079998612E-3,-680.000007153E-3,
,,,-56.040000170E-3,-560.000002384E-3,
,,,-55.999998003E-3,-519.999980927E-3,
,,,-55.959999561E-3,-479.999989271E-3,
,,,-55.919997394E-3,-399.99997616E-3,
,,,-55.879998952E-3,-359.99998450E-3,
,,,-55.839996785E-3,-319.99999285E-3,
,,,-55.799998343E-3,-280.00000119E-3,
,,,-55.759999901E-3,-239.99999464E-3,
,,,-55.719997734E-3,-199.99998808E-3,
,,,-55.679999292E-3,-159.99999642E-3,
,,,-55.639997125E-3,-159.99999642E-3,
,,,-55.599998683E-3,-159.99999642E-3,
,,,-55.560000241E-3,-119.9999973E-3,
,,,-55.519998074E-3,-79.999998212E-3,
,,,-55.479999632E-3,-119.9999973E-3,
,,,-55.439997464E-3,-79.999998212E-3,
,,,-55.399999022E-3,-79.999998212E-3,
,,,-55.359996855E-3,-79.999998212E-3,
,,,-55.319998413E-3,-39.99999911E-3,
,,,-55.279999971E-3,-39.99999911E-3,
,,,-55.239997804E-3,-79.999998212E-3,
,,,-55.199999362E-3,-39.99999911E-3,
,,,-55.159997195E-3,-39.99999911E-3,
,,,-55.119998753E-3,-39.99999911E-3,
,,,-55.079996586E-3,0.0,
,,,-55.039998144E-3,0.0,
,,,-54.999999702E-3,0.0,
,,,-54.959997535E-3,0.0,
,,,-54.919999093E-3,0.0,
,,,-54.879996926E-3,0.0,
,,,-54.839998484E-3,0.0,
,,,-54.800000042E-3,0.0,
,,,-54.759997874E-3,0.0,
,,,-54.719999433E-3,0.0,
,,,-54.679997265E-3,0.0,
,,,-54.639998823E-3,0.0,
,,,-54.599996656E-3,0.0,
,,,-54.55999821E-3,0.0,
,,,-54.51999977E-3,0.0,
,,,-54.47999761E-3,0.0,
,,,-54.43999916E-3,0.0,
,,,-54.39999700E-3,0.0,
,,,-54.35999855E-3,0.0,
,,,-54.32000011E-3,0.0,
,,,-54.27999794E-3,0.0,
,,,-54.23999950E-3,0.0,
,,,-54.19999734E-3,39.99999911E-3,
,,,-54.15999889E-3,0.0,
,,,-54.11999673E-3,0.0,
,,,-54.07999828E-3,0.0,
,,,-54.03999984E-3,39.99999911E-3,
,,,-53.99999768E-3,0.0,
,,,-53.95999923E-3,0.0,
,,,-53.91999707E-3,39.99999911E-3,
,,,-53.87999862E-3,0.0,
,,,-53.84000018E-3,0.0,
,,,-53.79999802E-3,0.0,
,,,-53.75999957E-3,0.0,
,,,-53.71999741E-3,0.0,
,,,-53.67999896E-3,0.0,
,,,-53.63999680E-3,0.0,
,,,-53.59999835E-3,0.0,
,,,-53.55999991E-3,0.0,
,,,-53.51999775E-3,0.0,
,,,-53.47999930E-3,0.0,
,,,-53.43999714E-3,0.0,
,,,-53.39999869E-3,0.0,
,,,-53.36000025E-3,0.0,
,,,-53.31999809E-3,0.0,
,,,-53.27999964E-3,0.0,
,,,-53.23999748E-3,0.0,
,,,-53.19999903E-3,0.0,
,,,-53.15999687E-3,0.0,
,,,-53.11999843E-3,0.0,
,,,-53.07999998E-3,0.0,
,,,-53.03999782E-3,0.0,
,,,-52.99999937E-3,0.0,
,,,-52.95999721E-3,0.0,
,,,-52.91999876E-3,0.0,
,,,-52.87999660E-3,0.0,
,,,-52.83999816E-3,0.0,
,,,-52.79999971E-3,0.0,
,,,-52.75999755E-3,0.0,
,,,-52.71999910E-3,0.0,
,,,-52.67999694E-3,39.99999911E-3,
,,,-52.63999850E-3,0.0,
,,,-52.60000005E-3,0.0,
,,,-52.55999789E-3,0.0,
,,,-52.51999944E-3,0.0,
,,,-52.47999728E-3,0.0,
,,,-52.43999884E-3,0.0,
,,,-52.39999667E-3,0.0,
,,,-52.35999823E-3,39.99999911E-3,
,,,-52.31999978E-3,0.0,
,,,-52.27999762E-3,0.0,
,,,-52.23999918E-3,0.0,
,,,-52.19999701E-3,0.0,
,,,-52.15999857E-3,0.0,
,,,-52.12000012E-3,0.0,
,,,-52.07999796E-3,0.0,
,,,-52.03999951E-3,0.0,
,,,-51.99999735E-3,0.0,
,,,-51.95999891E-3,0.0,
,,,-51.91999674E-3,0.0,
,,,-51.87999830E-3,0.0,
,,,-51.83999985E-3,0.0,
,,,-51.79999769E-3,0.0,
,,,-51.75999925E-3,0.0,
,,,-51.71999708E-3,0.0,
,,,-51.67999864E-3,0.0,
,,,-51.64000019E-3,0.0,
,,,-51.59999803E-3,0.0,
,,,-51.55999959E-3,0.0,
,,,-51.51999742E-3,0.0,
,,,-51.47999898E-3,0.0,
,,,-51.43999681E-3,0.0,
,,,-51.39999837E-3,0.0,
,,,-51.35999992E-3,0.0,
,,,-51.31999776E-3,39.99999911E-3,
,,,-51.27999932E-3,0.0,
,,,-51.23999715E-3,0.0,
,,,-51.19999871E-3,0.0,
,,,-51.16000026E-3,0.0,
,,,-51.11999810E-3,0.0,
,,,-51.07999966E-3,0.0,
,,,-51.03999749E-3,0.0,
,,,-50.99999905E-3,0.0,
,,,-50.95999688E-3,0.0,
,,,-50.91999844E-3,0.0,
,,,-50.88000000E-3,0.0,
,,,-50.83999783E-3,0.0,
,,,-50.79999939E-3,0.0,
,,,-50.75999722E-3,0.0,
,,,-50.71999878E-3,0.0,
,,,-50.68000033E-3,0.0,
,,,-50.63999817E-3,0.0,
,,,-50.59999973E-3,0.0,
,,,-50.55999756E-3,0.0,
,,,-50.51999912E-3,0.0,
,,,-50.47999695E-3,0.0,
,,,-50.43999851E-3,39.99999911E-3,
,,,-50.40000007E-3,0.0,
,,,-50.35999790E-3,0.0,
,,,-50.31999946E-3,0.0,
,,,-50.27999729E-3,0.0,
,,,-50.23999885E-3,0.0,
,,,-50.19999668E-3,0.0,
,,,-50.15999824E-3,0.0,
,,,-50.11999980E-3,0.0,
,,,-50.07999763E-3,0.0,
,,,-50.03999919E-3,0.0,
,,,-49.99999702E-3,1.8000000,
,,,-49.95999858E-3,1.5999999,
,,,-49.92000014E-3,1.4000000,
,,,-49.87999797E-3,1.2400000,
,,,-49.83999953E-3,1.1200000,
,,,-49.79999736E-3,1.000000,
,,,-49.75999892E-3,879.999995232E-3,
,,,-49.71999675E-3,759.999990463E-3,
,,,-49.67999831E-3,680.000007153E-3,
,,,-49.63999987E-3,599.999964237E-3,
,,,-49.59999770E-3,519.999980927E-3,
,,,-49.55999926E-3,479.999989271E-3,
,,,-49.51999709E-3,399.99997616E-3,
,,,-49.47999865E-3,359.99998450E-3,
,,,-49.44000021E-3,319.99999285E-3,
,,,-49.39999804E-3,280.00000119E-3,
,,,-49.35999960E-3,239.99999464E-3,
,,,-49.31999743E-3,239.99999464E-3,
,,,-49.27999899E-3,199.99998808E-3,
,,,-49.23999682E-3,159.99999642E-3,
,,,-49.19999838E-3,159.99999642E-3,
,,,-49.15999994E-3,119.9999973E-3,
,,,-49.11999777E-3,119.9999973E-3,
,,,-49.07999933E-3,119.9999973E-3,
,,,-49.03999716E-3,119.9999973E-3,
,,,-48.99999872E-3,119.9999973E-3,
,,,-48.96000028E-3,79.999998212E-3,
,,,-48.91999811E-3,79.999998212E-3,
,,,-48.87999967E-3,79.999998212E-3,
,,,-48.83999750E-3,79.999998212E-3,
,,,-48.79999906E-3,79.999998212E-3,
,,,-48.75999689E-3,79.999998212E-3,
,,,-48.71999845E-3,39.99999911E-3,
,,,-48.68000001E-3,39.99999911E-3,
,,,-48.63999784E-3,39.99999911E-3,
,,,-48.59999940E-3,39.99999911E-3,
,,,-48.55999723E-3,39.99999911E-3,
,,,-48.51999879E-3,39.99999911E-3,
,,,-48.48000035E-3,39.99999911E-3,
,,,-48.43999818E-3,39.99999911E-3,
,,,-48.39999974E-3,0.0,
,,,-48.35999757E-3,39.99999911E-3,
,,,-48.31999913E-3,0.0,
,,,-48.27999696E-3,0.0,
,,,-48.23999852E-3,0.0,
,,,-48.20000008E-3,0.0,
,,,-48.15999791E-3,0.0,
,,,-48.11999947E-3,0.0,
,,,-48.07999730E-3,0.0,
,,,-48.03999886E-3,0.0,
,,,-48.00000042E-3,0.0,
,,,-47.95999825E-3,39.99999911E-3,
,,,-47.91999981E-3,0.0,
,,,-47.87999764E-3,0.0,
,,,-47.83999920E-3,0.0,
,,,-47.79999703E-3,0.0,
,,,-47.75999859E-3,0.0,
,,,-47.72000015E-3,0.0,
,,,-47.67999798E-3,0.0,
,,,-47.63999954E-3,0.0,
,,,-47.59999737E-3,0.0,
,,,-47.55999893E-3,0.0,
,,,-47.51999676E-3,0.0,
,,,-47.47999832E-3,0.0,
,,,-47.43999988E-3,0.0,
,,,-47.39999771E-3,0.0,
,,,-47.35999927E-3,39.99999911E-3,
,,,-47.31999710E-3,0.0,
,,,-47.27999866E-3,0.0,
,,,-47.24000022E-3,0.0,
,,,-47.19999805E-3,0.0,
,,,-47.15999961E-3,0.0,
,,,-47.11999744E-3,0.0,
,,,-47.07999900E-3,0.0,
,,,-47.03999683E-3,0.0,
,,,-46.99999839E-3,0.0,
,,,-46.95999995E-3,0.0,
,,,-46.91999778E-3,0.0,
,,,-46.87999934E-3,0.0,
,,,-46.83999717E-3,0.0,
,,,-46.79999873E-3,0.0,
,,,-46.76000029E-3,0.0,
,,,-46.71999812E-3,0.0,
,,,-46.67999968E-3,39.99999911E-3,
,,,-46.63999751E-3,0.0,
,,,-46.59999907E-3,0.0,
,,,-46.55999690E-3,0.0,
,,,-46.51999846E-3,0.0,
,,,-46.48000002E-3,0.0,
,,,-46.43999785E-3,0.0,
,,,-46.39999941E-3,0.0,
,,,-46.35999724E-3,0.0,
,,,-46.31999880E-3,0.0,
,,,-46.28000036E-3,0.0,
,,,-46.23999819E-3,0.0,
,,,-46.19999975E-3,39.99999911E-3,
,,,-46.15999758E-3,39.99999911E-3,
,,,-46.11999914E-3,0.0,
,,,-46.07999697E-3,0.0,
,,,-46.03999853E-3,0.0,
,,,-46.00000009E-3,0.0,
,,,-45.95999792E-3,0.0,
,,,-45.91999948E-3,0.0,
,,,-45.87999731E-3,0.0,
,,,-45.83999887E-3,39.99999911E-3,
,,,-45.80000043E-3,0.0,
,,,-45.75999826E-3,0.0,
,,,-45.71999982E-3,0.0,
,,,-45.67999765E-3,0.0,
,,,-45.63999921E-3,0.0,
,,,-45.59999704E-3,0.0,
,,,-45.55999860E-3,0.0,
,,,-45.52000016E-3,0.0,
,,,-45.47999799E-3,0.0,
,,,-45.43999955E-3,0.0,
,,,-45.39999738E-3,0.0,
,,,-45.35999894E-3,0.0,
,,,-45.32000050E-3,0.0,
,,,-45.27999833E-3,0.0,
,,,-45.23999989E-3,0.0,
,,,-45.19999772E-3,0.0,
,,,-45.15999928E-3,0.0,
,,,-45.11999711E-3,0.0,
,,,-45.07999867E-3,0.0,
,,,-45.04000023E-3,0.0,
,,,-44.99999806E-3,0.0,
,,,-44.95999962E-3,0.0,
,,,-44.91999745E-3,0.0,
,,,-44.87999901E-3,0.0,
,,,-44.83999684E-3,0.0,
,,,-44.79999840E-3,0.0,
,,,-44.75999996E-3,0.0,
,,,-44.71999779E-3,0.0,
,,,-44.67999935E-3,0.0,
,,,-44.63999718E-3,0.0,
,,,-44.59999874E-3,0.0,
,,,-44.56000030E-3,0.0,
,,,-44.51999813E-3,39.99999911E-3,
,,,-44.47999969E-3,0.0,
,,,-44.43999752E-3,0.0,
,,,-44.39999908E-3,0.0,
,,,-44.35999691E-3,0.0,
,,,-44.31999847E-3,0.0,
,,,-44.28000003E-3,0.0,
,,,-44.23999786E-3,0.0,
,,,-44.19999942E-3,0.0,
,,,-44.15999725E-3,0.0,
,,,-44.11999881E-3,0.0,
,,,-44.08000037E-3,0.0,
,,,-44.03999820E-3,0.0,
,,,-43.99999976E-3,0.0,
,,,-43.95999759E-3,0.0,
,,,-43.91999915E-3,0.0,
,,,-43.87999699E-3,-1.7199999,
,,,-43.83999854E-3,-1.5200000,
,,,-43.80000010E-3,-1.3199999,
,,,-43.75999793E-3,-1.1600000,
,,,-43.71999949E-3,-1.0400000,
,,,-43.67999732E-3,-879.999995232E-3,
,,,-43.63999888E-3,-799.999952316E-3,
,,,-43.60000044E-3,-719.999969006E-3,
,,,-43.55999827E-3,-639.999985695E-3,
,,,-43.51999983E-3,-560.000002384E-3,
,,,-43.47999766E-3,-479.999989271E-3,
,,,-43.43999922E-3,-439.999997616E-3,
,,,-43.39999706E-3,-359.99998450E-3,
,,,-43.35999861E-3,-319.99999285E-3,
,,,-43.32000017E-3,-280.00000119E-3,
,,,-43.27999800E-3,-239.99999464E-3,
,,,-43.23999956E-3,-199.99998808E-3,
,,,-43.19999740E-3,-199.99998808E-3,
,,,-43.15999895E-3,-159.99999642E-3,
,,,-43.12000051E-3,-119.9999973E-3,
,,,-43.07999834E-3,-159.99999642E-3,
,,,-43.03999990E-3,-119.9999973E-3,
,,,-42.99999774E-3,-79.999998212E-3,
,,,-42.95999929E-3,-79.999998212E-3,
,,,-42.91999713E-3,-79.999998212E-3,
,,,-42.87999868E-3,-79.999998212E-3,
,,,-42.84000024E-3,-79.999998212E-3,
,,,-42.79999807E-3,-39.99999911E-3,
,,,-42.75999963E-3,-39.99999911E-3,
,,,-42.71999747E-3,0.0,
,,,-42.67999902E-3,-39.99999911E-3,
,,,-42.64000058E-3,-39.99999911E-3,
,,,-42.59999841E-3,-39.99999911E-3,
,,,-42.55999997E-3,-39.99999911E-3,
,,,-42.51999781E-3,0.0,
,,,-42.47999936E-3,0.0,
,,,-42.43999720E-3,0.0,
,,,-42.39999875E-3,0.0,
,,,-42.36000031E-3,0.0,
,,,-42.31999815E-3,0.0,
,,,-42.27999970E-3,0.0,
,,,-42.23999754E-3,0.0,
,,,-42.19999909E-3,0.0,
,,,-42.15999693E-3,0.0,
,,,-42.11999848E-3,0.0,
,,,-42.08000004E-3,0.0,
,,,-42.03999788E-3,0.0,
,,,-41.99999943E-3,0.0,
,,,-41.95999727E-3,0.0,
,,,-41.91999882E-3,0.0,
,,,-41.88000038E-3,0.0,
,,,-41.83999822E-3,0.0,
,,,-41.79999977E-3,39.99999911E-3,
,,,-41.75999761E-3,0.0,
,,,-41.71999916E-3,0.0,
,,,-41.67999700E-3,0.0,
,,,-41.63999856E-3,0.0,
,,,-41.60000011E-3,0.0,
,,,-41.55999795E-3,0.0,
,,,-41.51999950E-3,0.0,
,,,-41.47999734E-3,39.99999911E-3,
,,,-41.43999889E-3,0.0,
,,,-41.40000045E-3,0.0,
,,,-41.35999829E-3,0.0,
,,,-41.31999984E-3,0.0,
,,,-41.27999768E-3,0.0,
,,,-41.23999923E-3,0.0,
,,,-41.19999707E-3,0.0,
,,,-41.15999863E-3,0.0,
,,,-41.12000018E-3,0.0,
,,,-41.07999802E-3,0.0,
,,,-41.03999957E-3,0.0,
,,,-40.99999741E-3,0.0,
,,,-40.95999897E-3,0.0,
,,,-40.92000052E-3,0.0,
,,,-40.87999836E-3,0.0,
,,,-40.83999991E-3,0.0,
,,,-40.79999775E-3,0.0,
,,,-40.75999931E-3,0.0,
,,,-40.71999714E-3,0.0,
,,,-40.67999870E-3,0.0,
,,,-40.64000025E-3,0.0,
,,,-40.59999809E-3,0.0,
,,,-40.55999964E-3,0.0,
,,,-40.51999748E-3,0.0,
,,,-40.47999904E-3,0.0,
,,,-40.44000059E-3,0.0,
,,,-40.39999843E-3,0.0,
,,,-40.35999998E-3,0.0,
,,,-40.31999782E-3,0.0,
,,,-40.27999938E-3,0.0,
,,,-40.23999721E-3,0.0,
,,,-40.19999877E-3,0.0,
,,,-40.16000032E-3,0.0,
,,,-40.11999816E-3,0.0,
,,,-40.07999972E-3,0.0,
,,,-40.03999755E-3,0.0,
,,,-39.99999911E-3,0.0,
,,,-39.95999694E-3,0.0,
,,,-39.91999850E-3,0.0,
,,,-39.88000005E-3,0.0,
,,,-39.83999789E-3,0.0,
,,,-39.79999945E-3,0.0,
,,,-39.75999728E-3,39.99999911E-3,
,,,-39.71999884E-3,0.0,
,,,-39.68000039E-3,0.0,
,,,-39.63999823E-3,0.0,
,,,-39.59999979E-3,0.0,
,,,-39.55999762E-3,0.0,
,,,-39.51999918E-3,0.0,
,,,-39.47999701E-3,0.0,
,,,-39.43999857E-3,0.0,
,,,-39.40000013E-3,0.0,
,,,-39.35999796E-3,0.0,
,,,-39.31999952E-3,0.0,
,,,-39.27999735E-3,0.0,
,,,-39.23999891E-3,0.0,
,,,-39.20000046E-3,0.0,
,,,-39.15999830E-3,0.0,
,,,-39.11999986E-3,39.99999911E-3,
,,,-39.07999769E-3,0.0,
,,,-39.03999925E-3,0.0,
,,,-38.99999708E-3,0.0,
,,,-38.95999864E-3,0.0,
,,,-38.92000020E-3,0.0,
,,,-38.87999803E-3,0.0,
,,,-38.83999959E-3,0.0,
,,,-38.79999742E-3,0.0,
,,,-38.75999898E-3,0.0,
,,,-38.72000054E-3,0.0,
,,,-38.67999837E-3,0.0,
,,,-38.63999993E-3,0.0,
,,,-38.59999776E-3,0.0,
,,,-38.55999932E-3,0.0,
,,,-38.51999715E-3,0.0,
,,,-38.47999871E-3,0.0,
,,,-38.44000027E-3,0.0,
,,,-38.39999810E-3,0.0,
,,,-38.35999966E-3,0.0,
,,,-38.31999749E-3,0.0,
,,,-38.27999905E-3,0.0,
,,,-38.24000061E-3,0.0,
,,,-38.19999844E-3,0.0,
,,,-38.16000000E-3,0.0,
,,,-38.11999783E-3,0.0,
,,,-38.07999939E-3,0.0,
,,,-38.03999722E-3,0.0,
,,,-37.99999878E-3,0.0,
,,,-37.96000034E-3,0.0,
,,,-37.91999817E-3,0.0,
,,,-37.87999973E-3,39.99999911E-3,
,,,-37.83999756E-3,0.0,
,,,-37.79999912E-3,0.0,
,,,-37.76000068E-3,0.0,
,,,-37.71999851E-3,0.0,
,,,-37.68000007E-3,0.0,
,,,-37.63999790E-3,0.0,
,,,-37.59999946E-3,0.0,
,,,-37.55999729E-3,0.0,
,,,-37.51999885E-3,1.9200000,
,,,-37.48000041E-3,1.7199999,
,,,-37.43999824E-3,1.5200000,
,,,-37.39999980E-3,1.3199999,
,,,-37.35999763E-3,1.1999999,
,,,-37.31999919E-3,1.0400000,
,,,-37.27999702E-3,919.999957085E-3,
,,,-37.23999858E-3,799.999952316E-3,
,,,-37.20000014E-3,719.999969006E-3,
,,,-37.15999797E-3,639.999985695E-3,
,,,-37.11999953E-3,599.999964237E-3,
,,,-37.07999736E-3,519.999980927E-3,
,,,-37.03999892E-3,439.999997616E-3,
,,,-37.00000048E-3,399.99997616E-3,
,,,-36.95999831E-3,359.99998450E-3,
,,,-36.91999987E-3,319.99999285E-3,
,,,-36.87999770E-3,239.99999464E-3,
,,,-36.83999926E-3,239.99999464E-3,
,,,-36.79999709E-3,199.99998808E-3,
,,,-36.75999865E-3,159.99999642E-3,
,,,-36.72000021E-3,159.99999642E-3,
,,,-36.67999804E-3,159.99999642E-3,
,,,-36.63999960E-3,119.9999973E-3,
,,,-36.59999743E-3,119.9999973E-3,
,,,-36.55999899E-3,119.9999973E-3,
,,,-36.52000055E-3,119.9999973E-3,
,,,-36.47999838E-3,79.999998212E-3,
,,,-36.43999994E-3,79.999998212E-3,
,,,-36.39999777E-3,79.999998212E-3,
,,,-36.35999933E-3,79.999998212E-3,
,,,-36.31999716E-3,79.999998212E-3,
,,,-36.27999872E-3,39.99999911E-3,
,,,-36.24000028E-3,39.99999911E-3,
,,,-36.19999811E-3,39.99999911E-3,
,,,-36.15999967E-3,39.99999911E-3,
,,,-36.11999750E-3,39.99999911E-3,
,,,-36.07999906E-3,39.99999911E-3,
,,,-36.04000062E-3,39.99999911E-3,
,,,-35.99999845E-3,0.0,
,,,-35.96000001E-3,0.0,
,,,-35.91999784E-3,39.99999911E-3,
,,,-35.87999940E-3,0.0,
,,,-35.83999723E-3,39.99999911E-3,
,,,-35.79999879E-3,0.0,
,,,-35.76000035E-3,0.0,
,,,-35.71999818E-3,39.99999911E-3,
,,,-35.67999974E-3,39.99999911E-3,
,,,-35.63999757E-3,0.0,
,,,-35.59999913E-3,0.0,
,,,-35.56000069E-3,0.0,
,,,-35.51999852E-3,0.0,
,,,-35.48000008E-3,0.0,
,,,-35.43999791E-3,0.0,
,,,-35.39999947E-3,0.0,
,,,-35.35999730E-3,0.0,
,,,-35.31999886E-3,0.0,
,,,-35.28000042E-3,39.99999911E-3,
,,,-35.23999825E-3,0.0,
,,,-35.19999981E-3,0.0,
,,,-35.15999764E-3,0.0,
,,,-35.11999920E-3,0.0,
,,,-35.08000076E-3,0.0,
,,,-35.03999859E-3,0.0,
,,,-35.00000015E-3,0.0,
,,,-34.95999798E-3,0.0,
,,,-34.91999954E-3,0.0,
,,,-34.87999737E-3,0.0,
,,,-34.83999893E-3,0.0,
,,,-34.80000049E-3,0.0,
,,,-34.75999832E-3,0.0,
,,,-34.71999988E-3,0.0,
,,,-34.67999771E-3,39.99999911E-3,
,,,-34.63999927E-3,0.0,
,,,-34.59999710E-3,0.0,
,,,-34.55999866E-3,0.0,
,,,-34.52000022E-3,0.0,
,,,-34.47999805E-3,0.0,
,,,-34.43999961E-3,0.0,
,,,-34.39999744E-3,0.0,
,,,-34.35999900E-3,0.0,
,,,-34.32000056E-3,0.0,
,,,-34.27999839E-3,0.0,
,,,-34.23999995E-3,39.99999911E-3,
,,,-34.19999778E-3,0.0,
,,,-34.15999934E-3,0.0,
,,,-34.11999717E-3,0.0,
,,,-34.07999873E-3,0.0,
,,,-34.04000029E-3,0.0,
,,,-33.99999812E-3,0.0,
,,,-33.95999968E-3,39.99999911E-3,
,,,-33.91999751E-3,0.0,
,,,-33.87999907E-3,39.99999911E-3,
,,,-33.84000063E-3,0.0,
,,,-33.79999846E-3,0.0,
,,,-33.76000002E-3,0.0,
,,,-33.71999785E-3,0.0,
,,,-33.67999941E-3,0.0,
,,,-33.63999724E-3,0.0,
,,,-33.59999880E-3,0.0,
,,,-33.56000036E-3,0.0,
,,,-33.51999819E-3,0.0,
,,,-33.47999975E-3,0.0,
,,,-33.43999758E-3,0.0,
,,,-33.39999914E-3,0.0,
,,,-33.36000070E-3,0.0,
,,,-33.31999853E-3,0.0,
,,,-33.28000009E-3,0.0,
,,,-33.23999792E-3,0.0,
,,,-33.19999948E-3,0.0,
,,,-33.15999731E-3,0.0,
,,,-33.11999887E-3,0.0,
,,,-33.08000043E-3,0.0,
,,,-33.03999826E-3,0.0,
,,,-32.99999982E-3,0.0,
,,,-32.95999765E-3,39.99999911E-3,
,,,-32.91999921E-3,39.99999911E-3,
,,,-32.88000077E-3,0.0,
,,,-32.83999860E-3,0.0,
,,,-32.80000016E-3,0.0,
,,,-32.75999799E-3,0.0,
,,,-32.71999955E-3,0.0,
,,,-32.67999738E-3,0.0,
,,,-32.63999894E-3,0.0,
,,,-32.60000050E-3,0.0,
,,,-32.55999833E-3,0.0,
,,,-32.51999989E-3,0.0,
,,,-32.47999772E-3,0.0,
,,,-32.43999928E-3,0.0,
,,,-32.39999712E-3,0.0,
,,,-32.35999867E-3,0.0,
,,,-32.32000023E-3,0.0,
,,,-32.27999806E-3,0.0,
,,,-32.23999962E-3,0.0,
,,,-32.19999745E-3,0.0,
,,,-32.15999901E-3,0.0,
,,,-32.12000057E-3,0.0,
,,,-32.07999840E-3,39.99999911E-3,
,,,-32.03999996E-3,0.0,
,,,-31.99999779E-3,0.0,
,,,-31.95999935E-3,0.0,
,,,-31.91999719E-3,0.0,
,,,-31.87999874E-3,0.0,
,,,-31.84000030E-3,39.99999911E-3,
,,,-31.79999813E-3,0.0,
,,,-31.75999969E-3,39.99999911E-3,
,,,-31.71999753E-3,0.0,
,,,-31.67999908E-3,0.0,
,,,-31.64000064E-3,0.0,
,,,-31.59999847E-3,0.0,
,,,-31.56000003E-3,0.0,
,,,-31.51999786E-3,0.0,
,,,-31.47999942E-3,0.0,
,,,-31.43999726E-3,0.0,
,,,-31.39999881E-3,-1.8399999,
,,,-31.36000037E-3,-1.6400000,
,,,-31.31999820E-3,-1.4399999,
,,,-31.27999976E-3,-1.2400000,
,,,-31.23999946E-3,-1.1200000,
,,,-31.19999915E-3,-959.999978542E-3,
,,,-31.15999885E-3,-839.999973774E-3,
,,,-31.11999854E-3,-759.999990463E-3,
,,,-31.07999824E-3,-639.999985695E-3,
,,,-31.03999980E-3,-599.999964237E-3,
,,,-30.99999949E-3,-519.999980927E-3,
,,,-30.95999919E-3,-479.999989271E-3,
,,,-30.91999888E-3,-399.99997616E-3,
,,,-30.87999858E-3,-359.99998450E-3,
,,,-30.83999828E-3,-280.00000119E-3,
,,,-30.79999983E-3,-280.00000119E-3,
,,,-30.75999953E-3,-239.99999464E-3,
,,,-30.71999922E-3,-199.99998808E-3,
,,,-30.67999892E-3,-159.99999642E-3,
,,,-30.63999861E-3,-159.99999642E-3,
,,,-30.59999831E-3,-159.99999642E-3,
,,,-30.55999987E-3,-119.9999973E-3,
,,,-30.51999956E-3,-79.999998212E-3,
,,,-30.47999926E-3,-79.999998212E-3,
,,,-30.43999895E-3,-79.999998212E-3,
,,,-30.39999865E-3,-79.999998212E-3,
,,,-30.35999835E-3,-79.999998212E-3,
,,,-30.31999990E-3,-39.99999911E-3,
,,,-30.27999960E-3,-39.99999911E-3,
,,,-30.23999929E-3,-39.99999911E-3,
,,,-30.19999899E-3,-39.99999911E-3,
,,,-30.15999869E-3,-39.99999911E-3,
,,,-30.11999838E-3,0.0,
,,,-30.07999994E-3,-39.99999911E-3,
,,,-30.03999963E-3,-39.99999911E-3,
,,,-29.99999933E-3,0.0,
,,,-29.95999902E-3,-39.99999911E-3,
,,,-29.91999872E-3,0.0,
,,,-29.87999842E-3,0.0,
,,,-29.83999997E-3,0.0,
,,,-29.79999967E-3,0.0,
,,,-29.75999936E-3,0.0,
,,,-29.71999906E-3,0.0,
,,,-29.67999876E-3,0.0,
,,,-29.63999845E-3,0.0,
,,,-29.59999815E-3,0.0,
,,,-29.55999970E-3,0.0,
,,,-29.51999940E-3,0.0,
,,,-29.47999910E-3,0.0,
,,,-29.43999879E-3,0.0,
,,,-29.39999849E-3,0.0,
,,,-29.35999818E-3,0.0,
,,,-29.31999974E-3,0.0,
,,,-29.27999943E-3,0.0,
,,,-29.23999913E-3,0.0,
,,,-29.19999883E-3,0.0,
,,,-29.15999852E-3,0.0,
,,,-29.11999822E-3,0.0,
,,,-29.07999977E-3,0.0,
,,,-29.03999947E-3,0.0,
,,,-28.99999917E-3,39.99999911E-3,
,,,-28.95999886E-3,0.0,
,,,-28.91999856E-3,0.0,
,,,-28.87999825E-3,0.0,
,,,-28.83999981E-3,0.0,
,,,-28.79999951E-3,0.0,
,,,-28.75999920E-3,0.0,
,,,-28.71999890E-3,0.0,
,,,-28.67999859E-3,0.0,
,,,-28.63999829E-3,0.0,
,,,-28.59999985E-3,0.0,
,,,-28.55999954E-3,0.0,
,,,-28.51999924E-3,0.0,
,,,-28.47999893E-3,0.0,
,,,-28.43999863E-3,0.0,
,,,-28.39999832E-3,0.0,
,,,-28.35999988E-3,0.0,
,,,-28.31999958E-3,0.0,
,,,-28.27999927E-3,0.0,
,,,-28.23999897E-3,39.99999911E-3,
,,,-28.19999866E-3,0.0,
,,,-28.15999836E-3,0.0,
,,,-28.11999992E-3,0.0,
,,,-28.07999961E-3,0.0,
,,,-28.03999931E-3,0.0,
,,,-27.99999900E-3,0.0,
,,,-27.95999870E-3,0.0,
,,,-27.91999839E-3,0.0,
,,,-27.87999995E-3,0.0,
,,,-27.83999965E-3,0.0,
,,,-27.79999934E-3,39.99999911E-3,
,,,-27.75999904E-3,0.0,
,,,-27.71999873E-3,0.0,
,,,-27.67999843E-3,0.0,
,,,-27.63999999E-3,0.0,
,,,-27.59999968E-3,0.0,
,,,-27.55999938E-3,0.0,
,,,-27.51999907E-3,0.0,
,,,-27.47999877E-3,0.0,
,,,-27.43999846E-3,0.0,
,,,-27.40000002E-3,0.0,
,,,-27.35999972E-3,0.0,
,,,-27.31999941E-3,0.0,
,,,-27.27999911E-3,0.0,
,,,-27.23999880E-3,0.0,
,,,-27.19999850E-3,39.99999911E-3,
,,,-27.15999819E-3,0.0,
,,,-27.11999975E-3,0.0,
,,,-27.07999945E-3,0.0,
,,,-27.03999914E-3,0.0,
,,,-26.99999884E-3,0.0,
,,,-26.95999853E-3,0.0,
,,,-26.91999823E-3,0.0,
,,,-26.87999979E-3,0.0,
,,,-26.83999948E-3,0.0,
,,,-26.79999918E-3,0.0,
,,,-26.75999887E-3,0.0,
,,,-26.71999857E-3,0.0,
,,,-26.67999826E-3,0.0,
,,,-26.63999982E-3,0.0,
,,,-26.59999952E-3,0.0,
,,,-26.55999921E-3,0.0,
,,,-26.51999891E-3,0.0,
,,,-26.47999860E-3,0.0,
,,,-26.43999830E-3,0.0,
,,,-26.39999986E-3,0.0,
,,,-26.35999955E-3,0.0,
,,,-26.31999925E-3,39.99999911E-3,
,,,-26.27999894E-3,0.0,
,,,-26.23999864E-3,0.0,
,,,-26.19999833E-3,0.0,
,,,-26.15999989E-3,0.0,
,,,-26.11999959E-3,39.99999911E-3,
,,,-26.07999928E-3,0.0,
,,,-26.03999898E-3,0.0,
,,,-25.99999867E-3,0.0,
,,,-25.95999837E-3,0.0,
,,,-25.91999993E-3,0.0,
,,,-25.87999962E-3,0.0,
,,,-25.83999932E-3,0.0,
,,,-25.79999901E-3,0.0,
,,,-25.75999871E-3,0.0,
,,,-25.71999840E-3,0.0,
,,,-25.67999996E-3,0.0,
,,,-25.63999966E-3,0.0,
,,,-25.59999935E-3,0.0,
,,,-25.55999905E-3,0.0,
,,,-25.51999874E-3,0.0,
,,,-25.47999844E-3,0.0,
,,,-25.44000000E-3,0.0,
,,,-25.39999969E-3,0.0,
,,,-25.35999939E-3,0.0,
,,,-25.31999908E-3,39.99999911E-3,
,,,-25.27999878E-3,0.0,
,,,-25.23999847E-3,39.99999911E-3,
,,,-25.20000003E-3,0.0,
,,,-25.15999973E-3,0.0,
,,,-25.11999942E-3,0.0,
,,,-25.07999912E-3,0.0,
,,,-25.03999881E-3,0.0,
,,,-24.99999851E-3,1.8000000,
,,,-24.96000007E-3,1.5999999,
,,,-24.91999976E-3,1.4399999,
,,,-24.87999946E-3,1.2400000,
,,,-24.83999915E-3,1.1200000,
,,,-24.79999885E-3,959.999978542E-3,
,,,-24.75999855E-3,879.999995232E-3,
,,,-24.71999824E-3,759.999990463E-3,
,,,-24.67999980E-3,680.000007153E-3,
,,,-24.63999949E-3,599.999964237E-3,
,,,-24.59999919E-3,519.999980927E-3,
,,,-24.55999888E-3,479.999989271E-3,
,,,-24.51999858E-3,399.99997616E-3,
,,,-24.47999828E-3,359.99998450E-3,
,,,-24.43999983E-3,319.99999285E-3,
,,,-24.39999953E-3,280.00000119E-3,
,,,-24.35999922E-3,239.99999464E-3,
,,,-24.31999892E-3,199.99998808E-3,
,,,-24.27999862E-3,199.99998808E-3,
,,,-24.23999831E-3,199.99998808E-3,
,,,-24.19999987E-3,159.99999642E-3,
,,,-24.15999956E-3,159.99999642E-3,
,,,-24.11999926E-3,119.9999973E-3,
,,,-24.07999896E-3,119.9999973E-3,
,,,-24.03999865E-3,119.9999973E-3,
,,,-23.99999835E-3,79.999998212E-3,
,,,-23.95999990E-3,79.999998212E-3,
,,,-23.91999960E-3,79.999998212E-3,
,,,-23.87999929E-3,79.999998212E-3,
,,,-23.83999899E-3,39.99999911E-3,
,,,-23.79999869E-3,39.99999911E-3,
,,,-23.75999838E-3,39.99999911E-3,
,,,-23.71999994E-3,39.99999911E-3,
,,,-23.67999963E-3,39.99999911E-3,
,,,-23.63999933E-3,39.99999911E-3,
,,,-23.59999903E-3,39.99999911E-3,
,,,-23.55999872E-3,39.99999911E-3,
,,,-23.51999842E-3,39.99999911E-3,
,,,-23.47999997E-3,0.0,
,,,-23.43999967E-3,0.0,
,,,-23.39999937E-3,0.0,
,,,-23.35999906E-3,39.99999911E-3,
,,,-23.31999876E-3,0.0,
,,,-23.27999845E-3,0.0,
,,,-23.24000001E-3,0.0,
,,,-23.19999970E-3,0.0,
,,,-23.15999940E-3,0.0,
,,,-23.11999910E-3,0.0,
,,,-23.07999879E-3,0.0,
,,,-23.03999849E-3,0.0,
,,,-23.00000004E-3,0.0,
,,,-22.95999974E-3,0.0,
,,,-22.91999944E-3,0.0,
,,,-22.87999913E-3,0.0,
,,,-22.83999883E-3,0.0,
,,,-22.79999852E-3,0.0,
,,,-22.76000008E-3,0.0,
,,,-22.71999978E-3,0.0,
,,,-22.67999947E-3,0.0,
,,,-22.63999917E-3,0.0,
,,,-22.59999886E-3,39.99999911E-3,
,,,-22.55999856E-3,39.99999911E-3,
,,,-22.52000012E-3,0.0,
,,,-22.47999981E-3,0.0,
,,,-22.43999951E-3,0.0,
,,,-22.39999920E-3,0.0,
,,,-22.35999890E-3,0.0,
,,,-22.31999859E-3,0.0,
,,,-22.28000015E-3,0.0,
,,,-22.23999985E-3,0.0,
,,,-22.19999954E-3,0.0,
,,,-22.15999924E-3,0.0,
,,,-22.11999893E-3,0.0,
,,,-22.07999863E-3,0.0,
,,,-22.03999832E-3,0.0,
,,,-21.99999988E-3,0.0,
,,,-21.95999958E-3,0.0,
,,,-21.91999927E-3,39.99999911E-3,
,,,-21.87999897E-3,0.0,
,,,-21.83999866E-3,39.99999911E-3,
,,,-21.79999836E-3,0.0,
,,,-21.75999992E-3,0.0,
,,,-21.71999961E-3,0.0,
,,,-21.67999931E-3,0.0,
,,,-21.63999900E-3,0.0,
,,,-21.59999870E-3,0.0,
,,,-21.55999839E-3,0.0,
,,,-21.51999995E-3,0.0,
,,,-21.47999965E-3,0.0,
,,,-21.43999934E-3,0.0,
,,,-21.39999904E-3,0.0,
,,,-21.35999873E-3,0.0,
,,,-21.31999843E-3,0.0,
,,,-21.27999999E-3,0.0,
,,,-21.23999968E-3,0.0,
,,,-21.19999938E-3,0.0,
,,,-21.15999907E-3,39.99999911E-3,
,,,-21.11999877E-3,0.0,
,,,-21.07999846E-3,0.0,
,,,-21.04000002E-3,0.0,
,,,-20.99999972E-3,0.0,
,,,-20.95999941E-3,0.0,
,,,-20.91999911E-3,39.99999911E-3,
,,,-20.87999880E-3,0.0,
,,,-20.83999850E-3,0.0,
,,,-20.80000006E-3,0.0,
,,,-20.75999975E-3,0.0,
,,,-20.71999945E-3,39.99999911E-3,
,,,-20.67999914E-3,0.0,
,,,-20.63999884E-3,0.0,
,,,-20.59999853E-3,0.0,
,,,-20.56000009E-3,0.0,
,,,-20.51999979E-3,0.0,
,,,-20.47999948E-3,0.0,
,,,-20.43999918E-3,0.0,
,,,-20.39999887E-3,0.0,
,,,-20.35999857E-3,0.0,
,,,-20.32000013E-3,0.0,
,,,-20.27999982E-3,0.0,
,,,-20.23999952E-3,0.0,
,,,-20.19999921E-3,0.0,
,,,-20.15999891E-3,0.0,
,,,-20.11999860E-3,0.0,
,,,-20.0800002E-3,0.0,
,,,-20.0399999E-3,0.0,
,,,-19.9999996E-3,0.0,
,,,-19.9599992E-3,0.0,
,,,-19.9199989E-3,0.0,
,,,-19.8799986E-3,0.0,
,,,-19.8400002E-3,0.0,
,,,-19.7999999E-3,0.0,
,,,-19.7599996E-3,39.99999911E-3,
,,,-19.7199993E-3,0.0,
,,,-19.6799990E-3,39.99999911E-3,
,,,-19.6399987E-3,0.0,
,,,-19.6000002E-3,0.0,
,,,-19.5599999E-3,0.0,
,,,-19.5199996E-3,0.0,
,,,-19.4799993E-3,0.0,
,,,-19.4399990E-3,0.0,
,,,-19.3999987E-3,0.0,
,,,-19.3599984E-3,0.0,
,,,-19.3200000E-3,0.0,
,,,-19.2799997E-3,0.0,
,,,-19.2399994E-3,0.0,
,,,-19.1999990E-3,0.0,
,,,-19.1599987E-3,0.0,
,,,-19.1199984E-3,0.0,
,,,-19.0800000E-3,0.0,
,,,-19.0399997E-3,0.0,
,,,-18.9999994E-3,0.0,
,,,-18.9599991E-3,0.0,
,,,-18.9199988E-3,0.0,
,,,-18.8799985E-3,-1.7199999,
,,,-18.8400000E-3,-1.5200000,
,,,-18.7999997E-3,-1.3600000,
,,,-18.7599994E-3,-1.1600000,
,,,-18.7199991E-3,-1.0400000,
,,,-18.6799988E-3,-879.999995232E-3,
,,,-18.6399985E-3,-799.999952316E-3,
,,,-18.6000001E-3,-719.999969006E-3,
,,,-18.5599998E-3,-639.999985695E-3,
,,,-18.5199995E-3,-560.000002384E-3,
,,,-18.4799992E-3,-479.999989271E-3,
,,,-18.4399989E-3,-399.99997616E-3,
,,,-18.3999985E-3,-359.99998450E-3,
,,,-18.3600001E-3,-319.99999285E-3,
,,,-18.3199998E-3,-280.00000119E-3,
,,,-18.2799995E-3,-280.00000119E-3,
,,,-18.2399992E-3,-199.99998808E-3,
,,,-18.1999989E-3,-199.99998808E-3,
,,,-18.1599986E-3,-159.99999642E-3,
,,,-18.1200001E-3,-159.99999642E-3,
,,,-18.0799998E-3,-159.99999642E-3,
,,,-18.0399995E-3,-119.9999973E-3,
,,,-17.9999992E-3,-79.999998212E-3,
,,,-17.9599989E-3,-79.999998212E-3,
,,,-17.9199986E-3,-79.999998212E-3,
,,,-17.8800002E-3,-79.999998212E-3,
,,,-17.8399999E-3,-79.999998212E-3,
,,,-17.7999996E-3,-39.99999911E-3,
,,,-17.7599993E-3,-39.99999911E-3,
,,,-17.7199990E-3,-39.99999911E-3,
,,,-17.6799987E-3,-39.99999911E-3,
,,,-17.6400002E-3,-39.99999911E-3,
,,,-17.5999999E-3,0.0,
,,,-17.5599996E-3,-39.99999911E-3,
,,,-17.5199993E-3,0.0,
,,,-17.4799990E-3,0.0,
,,,-17.4399987E-3,0.0,
,,,-17.4000002E-3,0.0,
,,,-17.3599999E-3,0.0,
,,,-17.3199996E-3,0.0,
,,,-17.2799993E-3,0.0,
,,,-17.2399990E-3,0.0,
,,,-17.1999987E-3,0.0,
,,,-17.1600003E-3,0.0,
,,,-17.1200000E-3,0.0,
,,,-17.0799997E-3,0.0,
,,,-17.0399994E-3,0.0,
,,,-16.9999991E-3,0.0,
,,,-16.9599988E-3,0.0,
,,,-16.9199985E-3,0.0,
,,,-16.8800000E-3,0.0,
,,,-16.8399997E-3,0.0,
,,,-16.7999994E-3,0.0,
,,,-16.7599991E-3,0.0,
,,,-16.7199988E-3,0.0,
,,,-16.6799985E-3,0.0,
,,,-16.6400000E-3,0.0,
,,,-16.5999997E-3,0.0,
,,,-16.5599994E-3,0.0,
,,,-16.5199991E-3,0.0,
,,,-16.4799988E-3,0.0,
,,,-16.4399985E-3,0.0,
,,,-16.4000001E-3,0.0,
,,,-16.3599998E-3,0.0,
,,,-16.3199995E-3,0.0,
,,,-16.2799992E-3,0.0,
,,,-16.2399989E-3,0.0,
,,,-16.1999986E-3,0.0,
,,,-16.1600001E-3,0.0,
,,,-16.1199998E-3,0.0,
,,,-16.0799995E-3,0.0,
,,,-16.0399992E-3,0.0,
,,,-15.9999989E-3,0.0,
,,,-15.9599986E-3,0.0,
,,,-15.9200002E-3,39.99999911E-3,
,,,-15.8799998E-3,0.0,
,,,-15.8399995E-3,0.0,
,,,-15.7999992E-3,39.99999911E-3,
,,,-15.7599989E-3,0.0,
,,,-15.7199986E-3,0.0,
,,,-15.6800002E-3,0.0,
,,,-15.6399999E-3,0.0,
,,,-15.5999996E-3,0.0,
,,,-15.5599993E-3,0.0,
,,,-15.5199990E-3,0.0,
,,,-15.4799996E-3,0.0,
,,,-15.4399993E-3,0.0,
,,,-15.3999990E-3,0.0,
,,,-15.3599996E-3,39.99999911E-3,
,,,-15.3199993E-3,0.0,
,,,-15.2799990E-3,0.0,
,,,-15.2399996E-3,0.0,
,,,-15.1999993E-3,39.99999911E-3,
,,,-15.1599990E-3,0.0,
,,,-15.1199996E-3,0.0,
,,,-15.0799993E-3,0.0,
,,,-15.0399990E-3,0.0,
,,,-14.9999997E-3,0.0,
,,,-14.9599994E-3,0.0,
,,,-14.9199991E-3,0.0,
,,,-14.8799997E-3,0.0,
,,,-14.8399994E-3,0.0,
,,,-14.7999991E-3,0.0,
,,,-14.7599997E-3,0.0,
,,,-14.7199994E-3,0.0,
,,,-14.6799991E-3,0.0,
,,,-14.6399997E-3,0.0,
,,,-14.5999994E-3,0.0,
,,,-14.5599991E-3,0.0,
,,,-14.5199997E-3,0.0,
,,,-14.4799994E-3,0.0,
,,,-14.4399991E-3,0.0,
,,,-14.3999998E-3,0.0,
,,,-14.3599994E-3,0.0,
,,,-14.3199991E-3,0.0,
,,,-14.2799998E-3,0.0,
,,,-14.2399995E-3,0.0,
,,,-14.1999992E-3,0.0,
,,,-14.1599998E-3,39.99999911E-3,
,,,-14.1199995E-3,0.0,
,,,-14.0799992E-3,0.0,
,,,-14.0399998E-3,0.0,
,,,-13.9999995E-3,0.0,
,,,-13.9599992E-3,0.0,
,,,-13.9199998E-3,0.0,
,,,-13.8799995E-3,0.0,
,,,-13.8399992E-3,0.0,
,,,-13.7999998E-3,0.0,
,,,-13.7599995E-3,0.0,
,,,-13.7199992E-3,0.0,
,,,-13.6799999E-3,0.0,
,,,-13.6399996E-3,0.0,
,,,-13.5999992E-3,0.0,
,,,-13.5599999E-3,0.0,
,,,-13.5199996E-3,0.0,
,,,-13.4799993E-3,0.0,
,,,-13.4399999E-3,0.0,
,,,-13.3999996E-3,39.99999911E-3,
,,,-13.3599993E-3,0.0,
,,,-13.3199999E-3,0.0,
,,,-13.2799996E-3,0.0,
,,,-13.2399993E-3,0.0,
,,,-13.1999999E-3,0.0,
,,,-13.1599996E-3,0.0,
,,,-13.1199993E-3,0.0,
,,,-13.0799990E-3,0.0,
,,,-13.0399996E-3,0.0,
,,,-12.9999993E-3,0.0,
,,,-12.9599990E-3,0.0,
,,,-12.9199997E-3,39.99999911E-3,
,,,-12.8799994E-3,0.0,
,,,-12.8399990E-3,0.0,
,,,-12.7999997E-3,0.0,
,,,-12.7599994E-3,0.0,
,,,-12.7199991E-3,0.0,
,,,-12.6799997E-3,0.0,
,,,-12.6399994E-3,0.0,
,,,-12.5999991E-3,0.0,
,,,-12.5599997E-3,0.0,
,,,-12.5199994E-3,1.9200000,
,,,-12.4799991E-3,1.7199999,
,,,-12.4399997E-3,1.5200000,
,,,-12.3999994E-3,1.3199999,
,,,-12.3599991E-3,1.1999999,
,,,-12.3199997E-3,1.0400000,
,,,-12.2799994E-3,919.999957085E-3,
,,,-12.2399991E-3,799.999952316E-3,
,,,-12.1999998E-3,719.999969006E-3,
,,,-12.1599995E-3,639.999985695E-3,
,,,-12.1199992E-3,560.000002384E-3,
,,,-12.0799998E-3,479.999989271E-3,
,,,-12.0399995E-3,439.999997616E-3,
,,,-11.9999992E-3,359.99998450E-3,
,,,-11.9599998E-3,359.99998450E-3,
,,,-11.9199995E-3,280.00000119E-3,
,,,-11.8799992E-3,280.00000119E-3,
,,,-11.8399998E-3,239.99999464E-3,
,,,-11.7999995E-3,199.99998808E-3,
,,,-11.7599992E-3,199.99998808E-3,
,,,-11.7199998E-3,159.99999642E-3,
,,,-11.6799995E-3,119.9999973E-3,
,,,-11.6399992E-3,119.9999973E-3,
,,,-11.5999999E-3,119.9999973E-3,
,,,-11.5599995E-3,119.9999973E-3,
,,,-11.5199992E-3,79.999998212E-3,
,,,-11.4799999E-3,79.999998212E-3,
,,,-11.4399996E-3,79.999998212E-3,
,,,-11.3999993E-3,79.999998212E-3,
,,,-11.3599999E-3,79.999998212E-3,
,,,-11.3199996E-3,79.999998212E-3,
,,,-11.2799993E-3,39.99999911E-3,
,,,-11.2399999E-3,39.99999911E-3,
,,,-11.1999996E-3,39.99999911E-3,
,,,-11.1599993E-3,39.99999911E-3,
,,,-11.1199999E-3,39.99999911E-3,
,,,-11.0799996E-3,39.99999911E-3,
,,,-11.0399993E-3,39.99999911E-3,
,,,-10.9999999E-3,39.99999911E-3,
,,,-10.9599996E-3,0.0,
,,,-10.9199993E-3,39.99999911E-3,
,,,-10.8800000E-3,39.99999911E-3,
,,,-10.8399997E-3,39.99999911E-3,
,,,-10.7999993E-3,0.0,
,,,-10.7600000E-3,0.0,
,,,-10.7199997E-3,0.0,
,,,-10.6799994E-3,0.0,
,,,-10.6399991E-3,0.0,
,,,-10.5999997E-3,0.0,
,,,-10.5599994E-3,0.0,
,,,-10.5199991E-3,0.0,
,,,-10.4799997E-3,0.0,
,,,-10.4399994E-3,0.0,
,,,-10.3999991E-3,0.0,
,,,-10.3599997E-3,0.0,
,,,-10.3199994E-3,0.0,
,,,-10.2799991E-3,0.0,
,,,-10.2399997E-3,0.0,
,,,-10.1999994E-3,0.0,
,,,-10.1599991E-3,0.0,
,,,-10.1199998E-3,0.0,
,,,-10.0799995E-3,0.0,
,,,-10.0399991E-3,0.0,
,,,-9.999999776E-3,0.0,
,,,-9.959999472E-3,0.0,
,,,-9.919999167E-3,0.0,
,,,-9.879999794E-3,0.0,
,,,-9.839999489E-3,0.0,
,,,-9.799999185E-3,0.0,
,,,-9.759999812E-3,0.0,
,,,-9.719999507E-3,0.0,
,,,-9.679999202E-3,39.99999911E-3,
,,,-9.639999829E-3,0.0,
,,,-9.599999525E-3,0.0,
,,,-9.559999220E-3,0.0,
,,,-9.519999847E-3,0.0,
,,,-9.479999542E-3,0.0,
,,,-9.439999238E-3,0.0,
,,,-9.399999864E-3,0.0,
,,,-9.359999560E-3,0.0,
,,,-9.319999255E-3,0.0,
,,,-9.279999882E-3,0.0,
,,,-9.239999577E-3,0.0,
,,,-9.199999273E-3,0.0,
,,,-9.159999900E-3,0.0,
,,,-9.119999595E-3,0.0,
,,,-9.079999290E-3,0.0,
,,,-9.039999917E-3,0.0,
,,,-8.999999613E-3,0.0,
,,,-8.959999308E-3,0.0,
,,,-8.919999935E-3,0.0,
,,,-8.879999630E-3,0.0,
,,,-8.839999326E-3,0.0,
,,,-8.799999952E-3,0.0,
,,,-8.759999648E-3,0.0,
,,,-8.719999343E-3,0.0,
,,,-8.679999970E-3,0.0,
,,,-8.639999665E-3,0.0,
,,,-8.599999361E-3,39.99999911E-3,
,,,-8.559999987E-3,0.0,
,,,-8.519999683E-3,0.0,
,,,-8.479999378E-3,0.0,
,,,-8.440000005E-3,0.0,
,,,-8.399999700E-3,0.0,
,,,-8.359999396E-3,39.99999911E-3,
,,,-8.320000023E-3,0.0,
,,,-8.279999718E-3,0.0,
,,,-8.239999413E-3,0.0,
,,,-8.200000040E-3,0.0,
,,,-8.159999736E-3,0.0,
,,,-8.119999431E-3,0.0,
,,,-8.080000058E-3,0.0,
,,,-8.039999753E-3,0.0,
,,,-7.999999449E-3,0.0,
,,,-7.959999144E-3,0.0,
,,,-7.919999771E-3,0.0,
,,,-7.879999466E-3,0.0,
,,,-7.839999162E-3,0.0,
,,,-7.799999788E-3,0.0,
,,,-7.759999484E-3,0.0,
,,,-7.719999645E-3,0.0,
,,,-7.679999806E-3,0.0,
,,,-7.639999501E-3,0.0,
,,,-7.599999662E-3,0.0,
,,,-7.559999824E-3,0.0,
,,,-7.519999519E-3,0.0,
,,,-7.479999680E-3,0.0,
,,,-7.439999841E-3,0.0,
,,,-7.399999537E-3,0.0,
,,,-7.35999970E-3,0.0,
,,,-7.31999939E-3,0.0,
,,,-7.27999955E-3,0.0,
,,,-7.23999972E-3,0.0,
,,,-7.19999941E-3,0.0,
,,,-7.15999957E-3,0.0,
,,,-7.11999973E-3,0.0,
,,,-7.07999943E-3,0.0,
,,,-7.03999959E-3,0.0,
,,,-6.99999975E-3,0.0,
,,,-6.95999945E-3,0.0,
,,,-6.91999961E-3,39.99999911E-3,
,,,-6.87999977E-3,39.99999911E-3,
,,,-6.83999946E-3,39.99999911E-3,
,,,-6.79999962E-3,0.0,
,,,-6.75999979E-3,0.0,
,,,-6.71999948E-3,0.0,
,,,-6.67999964E-3,39.99999911E-3,
,,,-6.63999980E-3,0.0,
,,,-6.59999950E-3,0.0,
,,,-6.55999966E-3,0.0,
,,,-6.51999982E-3,0.0,
,,,-6.47999952E-3,0.0,
,,,-6.43999968E-3,0.0,
,,,-6.39999984E-3,-1.8399999,
,,,-6.35999953E-3,-1.6400000,
,,,-6.31999969E-3,-1.4399999,
,,,-6.27999986E-3,-1.2400000,
,,,-6.23999955E-3,-1.0799999,
,,,-6.19999971E-3,-959.999978542E-3,
,,,-6.15999941E-3,-839.999973774E-3,
,,,-6.11999957E-3,-759.999990463E-3,
,,,-6.07999973E-3,-680.000007153E-3,
,,,-6.03999943E-3,-599.999964237E-3,
,,,-5.99999959E-3,-479.999989271E-3,
,,,-5.95999975E-3,-439.999997616E-3,
,,,-5.91999944E-3,-399.99997616E-3,
,,,-5.87999960E-3,-359.99998450E-3,
,,,-5.83999977E-3,-319.99999285E-3,
,,,-5.79999946E-3,-280.00000119E-3,
,,,-5.75999962E-3,-239.99999464E-3,
,,,-5.71999978E-3,-199.99998808E-3,
,,,-5.67999948E-3,-159.99999642E-3,
,,,-5.63999964E-3,-159.99999642E-3,
,,,-5.59999980E-3,-119.9999973E-3,
,,,-5.55999950E-3,-119.9999973E-3,
,,,-5.51999966E-3,-119.9999973E-3,
,,,-5.47999982E-3,-79.999998212E-3,
,,,-5.43999951E-3,-79.999998212E-3,
,,,-5.39999967E-3,-79.999998212E-3,
,,,-5.35999984E-3,-79.999998212E-3,
,,,-5.31999953E-3,-79.999998212E-3,
,,,-5.27999969E-3,-39.99999911E-3,
,,,-5.23999985E-3,-39.99999911E-3,
,,,-5.19999955E-3,-39.99999911E-3,
,,,-5.15999971E-3,-39.99999911E-3,
,,,-5.11999987E-3,-39.99999911E-3,
,,,-5.07999957E-3,0.0,
,,,-5.03999973E-3,0.0,
,,,-4.99999989E-3,-39.99999911E-3,
,,,-4.95999958E-3,0.0,
,,,-4.91999974E-3,0.0,
,,,-4.87999991E-3,0.0,
,,,-4.83999960E-3,0.0,
,,,-4.79999976E-3,0.0,
,,,-4.75999946E-3,0.0,
,,,-4.71999962E-3,0.0,
,,,-4.67999978E-3,0.0,
,,,-4.63999948E-3,0.0,
,,,-4.59999964E-3,0.0,
,,,-4.55999980E-3,0.0,
,,,-4.51999949E-3,0.0,
,,,-4.47999965E-3,0.0,
,,,-4.43999982E-3,0.0,
,,,-4.39999951E-3,0.0,
,,,-4.35999967E-3,0.0,
,,,-4.31999983E-3,0.0,
,,,-4.27999953E-3,0.0,
,,,-4.23999969E-3,39.99999911E-3,
,,,-4.19999985E-3,0.0,
,,,-4.15999955E-3,0.0,
,,,-4.11999971E-3,0.0,
,,,-4.07999987E-3,0.0,
,,,-4.03999956E-3,0.0,
,,,-3.99999972E-3,0.0,
,,,-3.95999989E-3,39.99999911E-3,
,,,-3.91999958E-3,0.0,
,,,-3.87999974E-3,0.0,
,,,-3.83999967E-3,0.0,
,,,-3.79999960E-3,0.0,
,,,-3.75999976E-3,0.0,
,,,-3.71999969E-3,0.0,
,,,-3.67999962E-3,0.0,
,,,-3.63999978E-3,0.0,
,,,-3.59999971E-3,0.0,
,,,-3.55999963E-3,0.0,
,,,-3.51999979E-3,0.0,
,,,-3.47999972E-3,0.0,
,,,-3.43999965E-3,0.0,
,,,-3.39999981E-3,0.0,
,,,-3.35999974E-3,0.0,
,,,-3.31999967E-3,0.0,
,,,-3.27999983E-3,0.0,
,,,-3.23999976E-3,0.0,
,,,-3.19999969E-3,0.0,
,,,-3.15999961E-3,0.0,
,,,-3.11999978E-3,0.0,
,,,-3.07999970E-3,0.0,
,,,-3.03999963E-3,0.0,
,,,-2.99999979E-3,39.99999911E-3,
,,,-2.95999972E-3,0.0,
,,,-2.91999965E-3,0.0,
,,,-2.87999981E-3,39.99999911E-3,
,,,-2.83999974E-3,0.0,
,,,-2.79999967E-3,0.0,
,,,-2.75999983E-3,0.0,
,,,-2.71999976E-3,0.0,
,,,-2.6799997E-3,0.0,
,,,-2.6399996E-3,0.0,
,,,-2.5999998E-3,0.0,
,,,-2.5599997E-3,0.0,
,,,-2.5199996E-3,0.0,
,,,-2.4799998E-3,0.0,
,,,-2.4399997E-3,0.0,
,,,-2.3999996E-3,0.0,
,,,-2.3599998E-3,0.0,
,,,-2.3199997E-3,0.0,
,,,-2.2799997E-3,0.0,
,,,-2.2399998E-3,39.99999911E-3,
,,,-2.1999998E-3,0.0,
,,,-2.1599997E-3,0.0,
,,,-2.1199998E-3,0.0,
,,,-2.0799998E-3,0.0,
,,,-2.0399997E-3,0.0,
,,,-1.9999999E-3,0.0,
,,,-1.9599998E-3,0.0,
,,,-1.9199997E-3,0.0,
,,,-1.8799998E-3,0.0,
,,,-1.8399998E-3,0.0,
,,,-1.7999997E-3,0.0,
,,,-1.7599998E-3,0.0,
,,,-1.7199997E-3,39.99999911E-3,
,,,-1.6799998E-3,0.0,
,,,-1.6399998E-3,0.0,
,,,-1.5999997E-3,0.0,
,,,-1.5599998E-3,0.0,
,,,-1.5199997E-3,39.99999911E-3,
,,,-1.4799997E-3,0.0,
,,,-1.4399998E-3,0.0,
,,,-1.3999997E-3,0.0,
,,,-1.3599998E-3,0.0,
,,,-1.3199998E-3,0.0,
,,,-1.2799997E-3,0.0,
,,,-1.2399998E-3,0.0,
,,,-1.1999998E-3,39.99999911E-3,
,,,-1.1599998E-3,0.0,
,,,-1.1199998E-3,39.99999911E-3,
,,,-1.0799997E-3,0.0,
,,,-1.0399998E-3,39.99999911E-3,
,,,-0.0E-3,0.0,
,,,-959.999742918E-6,0.0,
,,,-919.999787584E-6,0.0,
,,,-879.999774043E-6,0.0,
,,,-839.999760501E-6,0.0,
,,,-799.999805167E-6,0.0,
,,,-759.999791626E-6,39.99999911E-3,
,,,-719.999778084E-6,0.0,
,,,-679.999764543E-6,39.99999911E-3,
,,,-639.999751002E-6,0.0,
,,,-599.999795668E-6,0.0,
,,,-559.999782126E-6,0.0,
,,,-519.999768585E-6,0.0,
,,,-479.999784147E-6,0.0,
,,,-439.999799710E-6,39.99999911E-3,
,,,-399.99978617E-6,0.0,
,,,-359.99977263E-6,0.0,
,,,-319.99978819E-6,0.0,
,,,-279.99980375E-6,0.0,
,,,-239.99979021E-6,0.0,
,,,-199.99979122E-6,0.0,
,,,-159.99979223E-6,0.0,
,,,-119.9997932E-6,0.0,
,,,-79.999794252E-6,0.0,
,,,-39.99979526E-6,0.0,
,,,203.72681236E-12,1.8000000,
,,,40.00020272E-6,1.5999999,
,,,80.000201706E-6,1.4000000,
,,,120.0002007E-6,1.2400000,
,,,160.00019968E-6,1.1200000,
,,,200.00019867E-6,1.000000,
,,,240.00019766E-6,879.999995232E-3,
,,,280.00021121E-6,759.999990463E-3,
,,,320.00019564E-6,680.000007153E-3,
,,,360.00018008E-6,599.999964237E-3,
,,,400.00019362E-6,519.999980927E-3,
,,,440.000207163E-6,479.999989271E-3,
,,,480.000191601E-6,399.99997616E-3,
,,,520.000176039E-6,399.99997616E-3,
,,,560.000189580E-6,319.99999285E-3,
,,,600.000203121E-6,280.00000119E-3,
,,,640.000216663E-6,280.00000119E-3,
,,,680.000171997E-6,239.99999464E-3,
,,,720.000185538E-6,199.99998808E-3,
,,,760.000199080E-6,159.99999642E-3,
,,,800.000154413E-6,159.99999642E-3,
,,,840.000167955E-6,119.9999973E-3,
,,,880.000181496E-6,119.9999973E-3,
,,,920.000195038E-6,119.9999973E-3,
,,,960.000208579E-6,119.9999973E-3,
,,,1.0000002E-3,79.999998212E-3,
,,,1.0400002E-3,79.999998212E-3,
,,,1.0800002E-3,79.999998212E-3,
,,,1.1200001E-3,79.999998212E-3,
,,,1.1600002E-3,39.99999911E-3,
,,,1.2000002E-3,39.99999911E-3,
,,,1.2400001E-3,79.999998212E-3,
,,,1.2800002E-3,39.99999911E-3,
,,,1.3200002E-3,39.99999911E-3,
,,,1.3600001E-3,39.99999911E-3,
,,,1.4000002E-3,39.99999911E-3,
,,,1.4400001E-3,39.99999911E-3,
,,,1.4800002E-3,39.99999911E-3,
,,,1.5200002E-3,0.0,
,,,1.5600001E-3,0.0,
,,,1.6000002E-3,39.99999911E-3,
,,,1.6400001E-3,0.0,
,,,1.6800002E-3,39.99999911E-3,
,,,1.7200002E-3,39.99999911E-3,
,,,1.7600001E-3,39.99999911E-3,
,,,1.8000002E-3,39.99999911E-3,
,,,1.8400002E-3,0.0,
,,,1.8800001E-3,0.0,
,,,1.9200002E-3,0.0,
,,,1.9600003E-3,0.0,
,,,2.0000001E-3,0.0,
,,,2.0400002E-3,0.0,
,,,2.0800002E-3,0.0,
,,,2.1200001E-3,0.0,
,,,2.1600001E-3,39.99999911E-3,
,,,2.2000002E-3,0.0,
,,,2.2400001E-3,0.0,
,,,2.2800001E-3,0.0,
,,,2.3200002E-3,39.99999911E-3,
,,,2.3600000E-3,0.0,
,,,2.4000001E-3,0.0,
,,,2.4400002E-3,0.0,
,,,2.4800003E-3,0.0,
,,,2.5200001E-3,39.99999911E-3,
,,,2.5600002E-3,0.0,
,,,2.6000002E-3,39.99999911E-3,
,,,2.6400001E-3,0.0,
,,,2.6800002E-3,39.99999911E-3,
,,,2.72000022E-3,0.0,
,,,2.76000006E-3,0.0,
,,,2.80000013E-3,0.0,
,,,2.84000020E-3,0.0,
,,,2.88000004E-3,0.0,
,,,2.92000012E-3,0.0,
,,,2.96000019E-3,0.0,
,,,3.00000003E-3,0.0,
,,,3.04000010E-3,0.0,
,,,3.08000017E-3,0.0,
,,,3.12000001E-3,0.0,
,,,3.16000008E-3,0.0,
,,,3.20000015E-3,0.0,
,,,3.24000022E-3,0.0,
,,,3.28000006E-3,0.0,
,,,3.32000013E-3,0.0,
,,,3.36000021E-3,0.0,
,,,3.40000005E-3,0.0,
,,,3.44000012E-3,0.0,
,,,3.48000019E-3,0.0,
,,,3.52000003E-3,39.99999911E-3,
,,,3.56000010E-3,0.0,
,,,3.60000017E-3,0.0,
,,,3.64000001E-3,0.0,
,,,3.68000008E-3,0.0,
,,,3.72000015E-3,39.99999911E-3,
,,,3.76000023E-3,0.0,
,,,3.80000006E-3,39.99999911E-3,
,,,3.84000014E-3,0.0,
,,,3.88000021E-3,0.0,
,,,3.92000005E-3,39.99999911E-3,
,,,3.95999989E-3,0.0,
,,,4.00000019E-3,0.0,
,,,4.04000003E-3,39.99999911E-3,
,,,4.08000033E-3,0.0,
,,,4.12000017E-3,39.99999911E-3,
,,,4.16000001E-3,0.0,
,,,4.20000032E-3,0.0,
,,,4.24000015E-3,0.0,
,,,4.27999999E-3,0.0,
,,,4.32000030E-3,0.0,
,,,4.36000014E-3,0.0,
,,,4.39999998E-3,0.0,
,,,4.44000028E-3,0.0,
,,,4.48000012E-3,0.0,
,,,4.51999996E-3,0.0,
,,,4.56000026E-3,39.99999911E-3,
,,,4.60000010E-3,0.0,
,,,4.63999994E-3,0.0,
,,,4.68000025E-3,39.99999911E-3,
,,,4.72000008E-3,0.0,
,,,4.75999992E-3,0.0,
,,,4.80000023E-3,0.0,
,,,4.84000007E-3,0.0,
,,,4.87999991E-3,0.0,
,,,4.92000021E-3,0.0,
,,,4.96000005E-3,0.0,
,,,4.99999989E-3,0.0,
,,,5.04000019E-3,0.0,
,,,5.08000003E-3,0.0,
,,,5.11999987E-3,0.0,
,,,5.16000018E-3,0.0,
,,,5.20000001E-3,0.0,
,,,5.23999985E-3,0.0,
,,,5.28000016E-3,0.0,
,,,5.32000000E-3,0.0,
,,,5.35999984E-3,0.0,
,,,5.40000014E-3,0.0,
,,,5.43999998E-3,0.0,
,,,5.48000028E-3,0.0,
,,,5.52000012E-3,0.0,
,,,5.55999996E-3,0.0,
,,,5.60000027E-3,0.0,
,,,5.64000010E-3,0.0,
,,,5.67999994E-3,0.0,
,,,5.72000025E-3,39.99999911E-3,
,,,5.76000009E-3,0.0,
,,,5.79999993E-3,0.0,
,,,5.84000023E-3,0.0,
,,,5.88000007E-3,0.0,
,,,5.91999991E-3,0.0,
,,,5.96000021E-3,0.0,
,,,6.00000005E-3,0.0,
,,,6.03999989E-3,0.0,
,,,6.08000020E-3,0.0,
,,,6.12000003E-3,-1.7199999,
,,,6.15999987E-3,-1.5200000,
,,,6.20000018E-3,-1.3199999,
,,,6.24000002E-3,-1.1600000,
,,,6.27999986E-3,-1.0400000,
,,,6.32000016E-3,-919.999957085E-3,
,,,6.36000000E-3,-799.999952316E-3,
,,,6.39999984E-3,-719.999969006E-3,
,,,6.44000014E-3,-639.999985695E-3,
,,,6.47999998E-3,-560.000002384E-3,
,,,6.51999982E-3,-479.999989271E-3,
,,,6.56000013E-3,-399.99997616E-3,
,,,6.59999996E-3,-359.99998450E-3,
,,,6.64000027E-3,-319.99999285E-3,
,,,6.68000011E-3,-280.00000119E-3,
,,,6.71999995E-3,-239.99999464E-3,
,,,6.76000025E-3,-239.99999464E-3,
,,,6.80000009E-3,-199.99998808E-3,
,,,6.83999993E-3,-159.99999642E-3,
,,,6.88000023E-3,-159.99999642E-3,
,,,6.92000007E-3,-159.99999642E-3,
,,,6.95999991E-3,-119.9999973E-3,
,,,7.00000022E-3,-79.999998212E-3,
,,,7.04000005E-3,-79.999998212E-3,
,,,7.07999989E-3,-79.999998212E-3,
,,,7.12000020E-3,-39.99999911E-3,
,,,7.16000004E-3,-39.99999911E-3,
,,,7.19999988E-3,-79.999998212E-3,
,,,7.24000018E-3,-39.99999911E-3,
,,,7.28000002E-3,-39.99999911E-3,
,,,7.31999986E-3,-39.99999911E-3,
,,,7.36000016E-3,-39.99999911E-3,
,,,7.400000002E-3,0.0,
,,,7.439999841E-3,-39.99999911E-3,
,,,7.480000146E-3,0.0,
,,,7.519999985E-3,0.0,
,,,7.559999824E-3,0.0,
,,,7.600000128E-3,0.0,
,,,7.639999967E-3,0.0,
,,,7.679999806E-3,0.0,
,,,7.720000111E-3,0.0,
,,,7.759999949E-3,0.0,
,,,7.799999788E-3,0.0,
,,,7.840000093E-3,0.0,
,,,7.880000398E-3,0.0,
,,,7.919999771E-3,39.99999911E-3,
,,,7.960000075E-3,0.0,
,,,8.000000380E-3,0.0,
,,,8.039999753E-3,0.0,
,,,8.080000058E-3,0.0,
,,,8.120000362E-3,0.0,
,,,8.159999736E-3,0.0,
,,,8.200000040E-3,0.0,
,,,8.240000345E-3,0.0,
,,,8.279999718E-3,0.0,
,,,8.320000023E-3,0.0,
,,,8.360000327E-3,0.0,
,,,8.399999700E-3,0.0,
,,,8.440000005E-3,0.0,
,,,8.480000310E-3,0.0,
,,,8.519999683E-3,0.0,
,,,8.559999987E-3,0.0,
,,,8.600000292E-3,0.0,
,,,8.639999665E-3,0.0,
,,,8.679999970E-3,0.0,
,,,8.720000274E-3,0.0,
,,,8.759999648E-3,0.0,
,,,8.799999952E-3,0.0,
,,,8.840000257E-3,0.0,
,,,8.879999630E-3,0.0,
,,,8.919999935E-3,0.0,
,,,8.960000239E-3,0.0,
,,,8.999999613E-3,0.0,
,,,9.039999917E-3,0.0,
,,,9.080000222E-3,0.0,
,,,9.119999595E-3,0.0,
,,,9.159999900E-3,0.0,
,,,9.200000204E-3,0.0,
,,,9.239999577E-3,0.0,
,,,9.279999882E-3,39.99999911E-3,
,,,9.320000187E-3,0.0,
,,,9.359999560E-3,0.0,
,,,9.399999864E-3,0.0,
,,,9.440000169E-3,0.0,
,,,9.479999542E-3,0.0,
,,,9.519999847E-3,0.0,
,,,9.560000151E-3,39.99999911E-3,
,,,9.599999525E-3,0.0,
,,,9.639999829E-3,0.0,
,,,9.680000134E-3,0.0,
,,,9.719999507E-3,0.0,
,,,9.759999812E-3,0.0,
,,,9.800000116E-3,0.0,
,,,9.840000421E-3,0.0,
,,,9.879999794E-3,0.0,
,,,9.920000099E-3,0.0,
,,,9.960000403E-3,0.0,
,,,9.999999776E-3,0.0,
,,,10.0400001E-3,0.0,
,,,10.0800004E-3,0.0,
,,,10.1199998E-3,0.0,
,,,10.1600001E-3,0.0,
,,,10.2000004E-3,39.99999911E-3,
,,,10.2399997E-3,0.0,
,,,10.2800000E-3,0.0,
,,,10.3200004E-3,0.0,
,,,10.3599997E-3,39.99999911E-3,
,,,10.4000000E-3,39.99999911E-3,
,,,10.4400003E-3,0.0,
,,,10.4799997E-3,0.0,
,,,10.5200000E-3,0.0,
,,,10.5600003E-3,0.0,
,,,10.5999997E-3,39.99999911E-3,
,,,10.6400000E-3,0.0,
,,,10.6800003E-3,0.0,
,,,10.7199997E-3,0.0,
,,,10.7600000E-3,0.0,
,,,10.8000003E-3,0.0,
,,,10.8399997E-3,0.0,
,,,10.8800000E-3,0.0,
,,,10.9200003E-3,0.0,
,,,10.9599996E-3,0.0,
,,,10.9999999E-3,0.0,
,,,11.0400002E-3,0.0,
,,,11.0799996E-3,0.0,
,,,11.1199999E-3,0.0,
,,,11.1600002E-3,0.0,
,,,11.1999996E-3,0.0,
,,,11.2399999E-3,0.0,
,,,11.2800002E-3,0.0,
,,,11.3199996E-3,0.0,
,,,11.3599999E-3,0.0,
,,,11.4000002E-3,0.0,
,,,11.4399996E-3,0.0,
,,,11.4799999E-3,0.0,
,,,11.5200002E-3,0.0,
,,,11.5599995E-3,0.0,
,,,11.5999999E-3,0.0,
,,,11.6400002E-3,0.0,
,,,11.6799995E-3,0.0,
,,,11.7199998E-3,0.0,
,,,11.7600001E-3,0.0,
,,,11.7999995E-3,39.99999911E-3,
,,,11.8399998E-3,0.0,
,,,11.8800001E-3,0.0,
,,,11.9199995E-3,0.0,
,,,11.9599998E-3,0.0,
,,,12.0000001E-3,0.0,
,,,12.0399995E-3,0.0,
,,,12.0799998E-3,0.0,
,,,12.1200001E-3,0.0,
,,,12.1599995E-3,0.0,
,,,12.1999998E-3,0.0,
,,,12.2400001E-3,0.0,
,,,12.2799994E-3,0.0,
,,,12.3199997E-3,0.0,
,,,12.3600001E-3,0.0,
,,,12.3999994E-3,0.0,
,,,12.4399997E-3,0.0,
,,,12.4800000E-3,1.9200000,
,,,12.5200003E-3,1.6799999,
,,,12.5599997E-3,1.5200000,
,,,12.6000000E-3,1.3199999,
,,,12.6400003E-3,1.1600000,
,,,12.6799997E-3,1.0400000,
,,,12.7200000E-3,919.999957085E-3,
,,,12.7600003E-3,799.999952316E-3,
,,,12.7999997E-3,719.999969006E-3,
,,,12.8400000E-3,639.999985695E-3,
,,,12.8800003E-3,560.000002384E-3,
,,,12.9199997E-3,519.999980927E-3,
,,,12.9600000E-3,439.999997616E-3,
,,,13.0000003E-3,399.99997616E-3,
,,,13.0399996E-3,359.99998450E-3,
,,,13.0799999E-3,319.99999285E-3,
,,,13.1200003E-3,280.00000119E-3,
,,,13.1599996E-3,239.99999464E-3,
,,,13.1999999E-3,199.99998808E-3,
,,,13.2400002E-3,159.99999642E-3,
,,,13.2799996E-3,159.99999642E-3,
,,,13.3199999E-3,119.9999973E-3,
,,,13.3600002E-3,159.99999642E-3,
,,,13.3999996E-3,119.9999973E-3,
,,,13.4399999E-3,119.9999973E-3,
,,,13.4800002E-3,79.999998212E-3,
,,,13.5199996E-3,119.9999973E-3,
,,,13.5599999E-3,79.999998212E-3,
,,,13.6000002E-3,79.999998212E-3,
,,,13.6399996E-3,79.999998212E-3,
,,,13.6799999E-3,39.99999911E-3,
,,,13.7200002E-3,39.99999911E-3,
,,,13.7599995E-3,39.99999911E-3,
,,,13.7999998E-3,39.99999911E-3,
,,,13.8400001E-3,39.99999911E-3,
,,,13.8799995E-3,39.99999911E-3,
,,,13.9199998E-3,39.99999911E-3,
,,,13.9600001E-3,0.0,
,,,13.9999995E-3,0.0,
,,,14.0399998E-3,39.99999911E-3,
,,,14.0800001E-3,0.0,
,,,14.1199995E-3,0.0,
,,,14.1599998E-3,39.99999911E-3,
,,,14.2000001E-3,39.99999911E-3,
,,,14.2399995E-3,0.0,
,,,14.2799998E-3,39.99999911E-3,
,,,14.3200001E-3,0.0,
,,,14.3599994E-3,39.99999911E-3,
,,,14.3999998E-3,0.0,
,,,14.4400001E-3,0.0,
,,,14.4799994E-3,0.0,
,,,14.5199997E-3,0.0,
,,,14.5600000E-3,0.0,
,,,14.5999994E-3,0.0,
,,,14.6399997E-3,0.0,
,,,14.6800000E-3,0.0,
,,,14.7199994E-3,0.0,
,,,14.7599997E-3,39.99999911E-3,
,,,14.8000000E-3,0.0,
,,,14.8399994E-3,0.0,
,,,14.8799997E-3,0.0,
,,,14.9200000E-3,0.0,
,,,14.9600003E-3,0.0,
,,,14.9999997E-3,0.0,
,,,15.0400000E-3,0.0,
,,,15.0800003E-3,0.0,
,,,15.1199996E-3,0.0,
,,,15.1600000E-3,0.0,
,,,15.2000003E-3,39.99999911E-3,
,,,15.2399996E-3,39.99999911E-3,
,,,15.2799999E-3,0.0,
,,,15.3200002E-3,0.0,
,,,15.3599996E-3,0.0,
,,,15.3999999E-3,0.0,
,,,15.4400002E-3,0.0,
,,,15.4799996E-3,0.0,
,,,15.5199999E-3,0.0,
,,,15.5600002E-3,0.0,
,,,15.5999996E-3,0.0,
,,,15.6399999E-3,0.0,
,,,15.6800002E-3,0.0,
,,,15.7200005E-3,39.99999911E-3,
,,,15.7599989E-3,0.0,
,,,15.7999992E-3,39.99999911E-3,
,,,15.8399995E-3,0.0,
,,,15.8799998E-3,0.0,
,,,15.9200002E-3,0.0,
,,,15.9600005E-3,0.0,
,,,15.9999989E-3,0.0,
,,,16.0399992E-3,39.99999911E-3,
,,,16.0799995E-3,0.0,
,,,16.1199998E-3,0.0,
,,,16.1600001E-3,39.99999911E-3,
,,,16.2000004E-3,0.0,
,,,16.2400007E-3,0.0,
,,,16.2799992E-3,0.0,
,,,16.3199995E-3,0.0,
,,,16.3599998E-3,0.0,
,,,16.4000001E-3,0.0,
,,,16.4400004E-3,0.0,
,,,16.4800007E-3,0.0,
,,,16.5199991E-3,0.0,
,,,16.5599994E-3,0.0,
,,,16.5999997E-3,0.0,
,,,16.6400000E-3,0.0,
,,,16.6800003E-3,0.0,
,,,16.7200007E-3,0.0,
,,,16.7599991E-3,0.0,
,,,16.7999994E-3,0.0,
,,,16.8399997E-3,0.0,
,,,16.8800000E-3,0.0,
,,,16.9200003E-3,0.0,
,,,16.9600006E-3,0.0,
,,,16.9999991E-3,0.0,
,,,17.0399994E-3,0.0,
,,,17.0799997E-3,39.99999911E-3,
,,,17.1200000E-3,0.0,
,,,17.1600003E-3,0.0,
,,,17.2000006E-3,0.0,
,,,17.2399990E-3,0.0,
,,,17.2799993E-3,0.0,
,,,17.3199996E-3,0.0,
,,,17.3599999E-3,39.99999911E-3,
,,,17.4000002E-3,0.0,
,,,17.4400005E-3,0.0,
,,,17.4799990E-3,0.0,
,,,17.5199993E-3,0.0,
,,,17.5599996E-3,0.0,
,,,17.5999999E-3,39.99999911E-3,
,,,17.6400002E-3,0.0,
,,,17.6800005E-3,39.99999911E-3,
,,,17.7199990E-3,0.0,
,,,17.7599993E-3,0.0,
,,,17.7999996E-3,0.0,
,,,17.8399999E-3,0.0,
,,,17.8800002E-3,0.0,
,,,17.9200005E-3,0.0,
,,,17.9599989E-3,0.0,
,,,17.9999992E-3,0.0,
,,,18.0399995E-3,0.0,
,,,18.0799998E-3,0.0,
,,,18.1200001E-3,39.99999911E-3,
,,,18.1600004E-3,0.0,
,,,18.1999989E-3,0.0,
,,,18.2399992E-3,0.0,
,,,18.2799995E-3,39.99999911E-3,
,,,18.3199998E-3,0.0,
,,,18.3600001E-3,0.0,
,,,18.4000004E-3,0.0,
,,,18.4399989E-3,0.0,
,,,18.4799992E-3,0.0,
,,,18.5199995E-3,0.0,
,,,18.5599998E-3,0.0,
,,,18.6000001E-3,-1.8399999,
,,,18.6400004E-3,-1.5999999,
,,,18.6799988E-3,-1.4399999,
,,,18.7199991E-3,-1.2400000,
,,,18.7599994E-3,-1.1200000,
,,,18.7999997E-3,-959.999978542E-3,
,,,18.8400000E-3,-839.999973774E-3,
,,,18.8800003E-3,-759.999990463E-3,
,,,18.9200006E-3,-680.000007153E-3,
,,,18.9599991E-3,-560.000002384E-3,
,,,18.9999994E-3,-519.999980927E-3,
,,,19.0399997E-3,-439.999997616E-3,
,,,19.0800000E-3,-399.99997616E-3,
,,,19.1200003E-3,-359.99998450E-3,
,,,19.1600006E-3,-319.99999285E-3,
,,,19.1999990E-3,-239.99999464E-3,
,,,19.2399994E-3,-239.99999464E-3,
,,,19.2799997E-3,-199.99998808E-3,
,,,19.3200000E-3,-159.99999642E-3,
,,,19.3600003E-3,-159.99999642E-3,
,,,19.4000006E-3,-119.9999973E-3,
,,,19.4399990E-3,-159.99999642E-3,
,,,19.4799993E-3,-119.9999973E-3,
,,,19.5199996E-3,-79.999998212E-3,
,,,19.5599999E-3,-79.999998212E-3,
,,,19.6000002E-3,-79.999998212E-3,
,,,19.6400005E-3,-79.999998212E-3,
,,,19.6799990E-3,-39.99999911E-3,
,,,19.7199993E-3,-39.99999911E-3,
,,,19.7599996E-3,-39.99999911E-3,
,,,19.7999999E-3,-39.99999911E-3,
,,,19.8400002E-3,0.0,
,,,19.8800005E-3,-39.99999911E-3,
,,,19.9199989E-3,0.0,
,,,19.9599992E-3,-39.99999911E-3,
,,,19.9999996E-3,0.0,
,,,20.0399999E-3,0.0,
,,,20.0800002E-3,-39.99999911E-3,
,,,20.12000047E-3,0.0,
,,,20.15999891E-3,0.0,
,,,20.19999921E-3,0.0,
,,,20.23999952E-3,0.0,
,,,20.27999982E-3,0.0,
,,,20.32000013E-3,0.0,
,,,20.36000043E-3,0.0,
,,,20.39999887E-3,0.0,
,,,20.43999918E-3,0.0,
,,,20.47999948E-3,0.0,
,,,20.51999979E-3,0.0,
,,,20.56000009E-3,0.0,
,,,20.60000040E-3,0.0,
,,,20.63999884E-3,0.0,
,,,20.67999914E-3,0.0,
,,,20.71999945E-3,0.0,
,,,20.75999975E-3,0.0,
,,,20.80000006E-3,0.0,
,,,20.84000036E-3,0.0,
,,,20.87999880E-3,39.99999911E-3,
,,,20.91999911E-3,0.0,
,,,20.95999941E-3,39.99999911E-3,
,,,20.99999972E-3,0.0,
,,,21.04000002E-3,0.0,
,,,21.08000033E-3,0.0,
,,,21.11999877E-3,0.0,
,,,21.15999907E-3,0.0,
,,,21.19999938E-3,0.0,
,,,21.23999968E-3,0.0,
,,,21.27999999E-3,39.99999911E-3,
,,,21.32000029E-3,0.0,
,,,21.35999873E-3,0.0,
,,,21.39999904E-3,0.0,
,,,21.43999934E-3,0.0,
,,,21.47999965E-3,0.0,
,,,21.51999995E-3,0.0,
,,,21.56000026E-3,0.0,
,,,21.60000056E-3,0.0,
,,,21.63999900E-3,39.99999911E-3,
,,,21.67999931E-3,0.0,
,,,21.71999961E-3,0.0,
,,,21.75999992E-3,0.0,
,,,21.80000022E-3,0.0,
,,,21.84000053E-3,0.0,
,,,21.87999897E-3,0.0,
,,,21.91999927E-3,39.99999911E-3,
,,,21.95999958E-3,0.0,
,,,21.99999988E-3,39.99999911E-3,
,,,22.04000019E-3,0.0,
,,,22.08000049E-3,0.0,
,,,22.11999893E-3,0.0,
,,,22.15999924E-3,39.99999911E-3,
,,,22.19999954E-3,0.0,
,,,22.23999985E-3,0.0,
,,,22.28000015E-3,0.0,
,,,22.32000045E-3,0.0,
,,,22.35999890E-3,39.99999911E-3,
,,,22.39999920E-3,0.0,
,,,22.43999951E-3,0.0,
,,,22.47999981E-3,39.99999911E-3,
,,,22.52000012E-3,0.0,
,,,22.56000042E-3,0.0,
,,,22.59999886E-3,0.0,
,,,22.63999917E-3,0.0,
,,,22.67999947E-3,0.0,
,,,22.71999978E-3,0.0,
,,,22.76000008E-3,0.0,
,,,22.80000038E-3,0.0,
,,,22.83999883E-3,0.0,
,,,22.87999913E-3,39.99999911E-3,
,,,22.91999944E-3,0.0,
,,,22.95999974E-3,0.0,
,,,23.00000004E-3,0.0,
,,,23.04000035E-3,0.0,
,,,23.07999879E-3,0.0,
,,,23.11999910E-3,0.0,
,,,23.15999940E-3,39.99999911E-3,
,,,23.19999970E-3,0.0,
,,,23.24000001E-3,0.0,
,,,23.28000031E-3,0.0,
,,,23.31999876E-3,0.0,
,,,23.35999906E-3,0.0,
,,,23.39999937E-3,0.0,
,,,23.43999967E-3,0.0,
,,,23.47999997E-3,0.0,
,,,23.52000028E-3,39.99999911E-3,
,,,23.55999872E-3,0.0,
,,,23.59999903E-3,0.0,
,,,23.63999933E-3,0.0,
,,,23.67999963E-3,0.0,
,,,23.71999994E-3,39.99999911E-3,
,,,23.76000024E-3,0.0,
,,,23.79999869E-3,0.0,
,,,23.83999899E-3,0.0,
,,,23.87999929E-3,0.0,
,,,23.91999960E-3,0.0,
,,,23.95999990E-3,0.0,
,,,24.00000021E-3,0.0,
,,,24.04000051E-3,0.0,
,,,24.07999896E-3,0.0,
,,,24.11999926E-3,39.99999911E-3,
,,,24.15999956E-3,0.0,
,,,24.19999987E-3,0.0,
,,,24.24000017E-3,0.0,
,,,24.28000048E-3,0.0,
,,,24.31999892E-3,0.0,
,,,24.35999922E-3,39.99999911E-3,
,,,24.39999953E-3,0.0,
,,,24.43999983E-3,0.0,
,,,24.48000014E-3,0.0,
,,,24.52000044E-3,0.0,
,,,24.55999888E-3,0.0,
,,,24.59999919E-3,0.0,
,,,24.63999949E-3,0.0,
,,,24.67999980E-3,0.0,
,,,24.72000010E-3,39.99999911E-3,
,,,24.76000041E-3,0.0,
,,,24.79999885E-3,0.0,
,,,24.83999915E-3,39.99999911E-3,
,,,24.87999946E-3,0.0,
,,,24.91999976E-3,0.0,
,,,24.96000007E-3,0.0,
,,,25.00000037E-3,1.8000000,
,,,25.03999881E-3,1.5999999,
,,,25.07999912E-3,1.4399999,
,,,25.11999942E-3,1.2800000,
,,,25.15999973E-3,1.1200000,
,,,25.20000003E-3,959.999978542E-3,
,,,25.24000034E-3,879.999995232E-3,
,,,25.27999878E-3,759.999990463E-3,
,,,25.31999908E-3,680.000007153E-3,
,,,25.35999939E-3,599.999964237E-3,
,,,25.39999969E-3,560.000002384E-3,
,,,25.44000000E-3,479.999989271E-3,
,,,25.48000030E-3,399.99997616E-3,
,,,25.51999874E-3,359.99998450E-3,
,,,25.55999905E-3,319.99999285E-3,
,,,25.59999935E-3,280.00000119E-3,
,,,25.63999966E-3,280.00000119E-3,
,,,25.67999996E-3,239.99999464E-3,
,,,25.72000027E-3,199.99998808E-3,
,,,25.75999871E-3,159.99999642E-3,
,,,25.79999901E-3,159.99999642E-3,
,,,25.83999932E-3,119.9999973E-3,
,,,25.87999962E-3,119.9999973E-3,
,,,25.91999993E-3,119.9999973E-3,
,,,25.96000023E-3,79.999998212E-3,
,,,25.99999867E-3,79.999998212E-3,
,,,26.03999898E-3,39.99999911E-3,
,,,26.07999928E-3,79.999998212E-3,
,,,26.11999959E-3,39.99999911E-3,
,,,26.15999989E-3,39.99999911E-3,
,,,26.20000020E-3,39.99999911E-3,
,,,26.23999864E-3,39.99999911E-3,
,,,26.27999894E-3,39.99999911E-3,
,,,26.31999925E-3,39.99999911E-3,
,,,26.35999955E-3,39.99999911E-3,
,,,26.39999986E-3,39.99999911E-3,
,,,26.44000016E-3,0.0,
,,,26.48000047E-3,0.0,
,,,26.51999891E-3,0.0,
,,,26.55999921E-3,0.0,
,,,26.59999952E-3,0.0,
,,,26.63999982E-3,0.0,
,,,26.68000013E-3,39.99999911E-3,
,,,26.72000043E-3,0.0,
,,,26.75999887E-3,0.0,
,,,26.79999918E-3,39.99999911E-3,
,,,26.83999948E-3,39.99999911E-3,
,,,26.87999979E-3,0.0,
,,,26.92000009E-3,0.0,
,,,26.96000040E-3,0.0,
,,,26.99999884E-3,0.0,
,,,27.03999914E-3,39.99999911E-3,
,,,27.07999945E-3,0.0,
,,,27.11999975E-3,0.0,
,,,27.16000006E-3,0.0,
,,,27.20000036E-3,0.0,
,,,27.23999880E-3,0.0,
,,,27.27999911E-3,0.0,
,,,27.31999941E-3,0.0,
,,,27.35999972E-3,0.0,
,,,27.40000002E-3,0.0,
,,,27.44000033E-3,0.0,
,,,27.47999877E-3,39.99999911E-3,
,,,27.51999907E-3,0.0,
,,,27.55999938E-3,0.0,
,,,27.59999968E-3,0.0,
,,,27.63999999E-3,0.0,
,,,27.68000029E-3,0.0,
,,,27.71999873E-3,0.0,
,,,27.75999904E-3,39.99999911E-3,
,,,27.79999934E-3,0.0,
,,,27.83999965E-3,0.0,
,,,27.87999995E-3,0.0,
,,,27.92000026E-3,0.0,
,,,27.95999870E-3,0.0,
,,,27.99999900E-3,0.0,
,,,28.03999931E-3,0.0,
,,,28.07999961E-3,0.0,
,,,28.11999992E-3,0.0,
,,,28.16000022E-3,0.0,
,,,28.19999866E-3,0.0,
,,,28.23999897E-3,0.0,
,,,28.27999927E-3,0.0,
,,,28.31999958E-3,0.0,
,,,28.35999988E-3,39.99999911E-3,
,,,28.40000018E-3,39.99999911E-3,
,,,28.43999863E-3,0.0,
,,,28.47999893E-3,0.0,
,,,28.51999924E-3,0.0,
,,,28.55999954E-3,0.0,
,,,28.59999985E-3,0.0,
,,,28.64000015E-3,0.0,
,,,28.67999859E-3,0.0,
,,,28.71999890E-3,0.0,
,,,28.75999920E-3,0.0,
,,,28.79999951E-3,39.99999911E-3,
,,,28.83999981E-3,0.0,
,,,28.88000011E-3,0.0,
,,,28.91999856E-3,0.0,
,,,28.95999886E-3,0.0,
,,,28.99999917E-3,0.0,
,,,29.03999947E-3,0.0,
,,,29.07999977E-3,0.0,
,,,29.12000008E-3,0.0,
,,,29.16000038E-3,0.0,
,,,29.19999883E-3,0.0,
,,,29.23999913E-3,0.0,
,,,29.27999943E-3,0.0,
,,,29.31999974E-3,0.0,
,,,29.36000004E-3,0.0,
,,,29.40000035E-3,0.0,
,,,29.43999879E-3,0.0,
,,,29.47999910E-3,0.0,
,,,29.51999940E-3,0.0,
,,,29.55999970E-3,0.0,
,,,29.60000001E-3,0.0,
,,,29.64000031E-3,0.0,
,,,29.67999876E-3,0.0,
,,,29.71999906E-3,0.0,
,,,29.75999936E-3,0.0,
,,,29.79999967E-3,0.0,
,,,29.83999997E-3,0.0,
,,,29.88000028E-3,0.0,
,,,29.91999872E-3,0.0,
,,,29.95999902E-3,0.0,
,,,29.99999933E-3,0.0,
,,,30.03999963E-3,0.0,
,,,30.07999994E-3,0.0,
,,,30.12000024E-3,0.0,
,,,30.15999869E-3,0.0,
,,,30.19999899E-3,0.0,
,,,30.23999929E-3,0.0,
,,,30.27999960E-3,0.0,
,,,30.31999990E-3,0.0,
,,,30.36000021E-3,0.0,
,,,30.39999865E-3,0.0,
,,,30.43999895E-3,0.0,
,,,30.47999926E-3,0.0,
,,,30.51999956E-3,0.0,
,,,30.55999987E-3,0.0,
,,,30.60000017E-3,0.0,
,,,30.63999861E-3,0.0,
,,,30.67999892E-3,0.0,
,,,30.71999922E-3,0.0,
,,,30.75999953E-3,0.0,
,,,30.79999983E-3,0.0,
,,,30.84000014E-3,0.0,
,,,30.87999858E-3,0.0,
,,,30.91999888E-3,0.0,
,,,30.95999919E-3,0.0,
,,,30.99999949E-3,0.0,
,,,31.03999980E-3,0.0,
,,,31.08000010E-3,0.0,
,,,31.11999854E-3,-1.7199999,
,,,31.15999885E-3,-1.5200000,
,,,31.19999915E-3,-1.3199999,
,,,31.23999946E-3,-1.1600000,
,,,31.27999976E-3,-1.0400000,
,,,31.31999820E-3,-879.999995232E-3,
,,,31.36000037E-3,-799.999952316E-3,
,,,31.39999881E-3,-680.000007153E-3,
,,,31.44000098E-3,-639.999985695E-3,
,,,31.47999942E-3,-519.999980927E-3,
,,,31.51999786E-3,-479.999989271E-3,
,,,31.56000003E-3,-399.99997616E-3,
,,,31.59999847E-3,-359.99998450E-3,
,,,31.64000064E-3,-319.99999285E-3,
,,,31.67999908E-3,-280.00000119E-3,
,,,31.72000125E-3,-239.99999464E-3,
,,,31.75999969E-3,-199.99998808E-3,
,,,31.79999813E-3,-159.99999642E-3,
,,,31.84000030E-3,-159.99999642E-3,
,,,31.87999874E-3,-119.9999973E-3,
,,,31.92000091E-3,-119.9999973E-3,
,,,31.95999935E-3,-119.9999973E-3,
,,,31.99999779E-3,-119.9999973E-3,
,,,32.03999996E-3,-79.999998212E-3,
,,,32.07999840E-3,-79.999998212E-3,
,,,32.12000057E-3,-79.999998212E-3,
,,,32.15999901E-3,-79.999998212E-3,
,,,32.20000118E-3,-39.99999911E-3,
,,,32.23999962E-3,-39.99999911E-3,
,,,32.27999806E-3,-39.99999911E-3,
,,,32.32000023E-3,-39.99999911E-3,
,,,32.35999867E-3,-39.99999911E-3,
,,,32.40000084E-3,0.0,
,,,32.43999928E-3,0.0,
,,,32.47999772E-3,0.0,
,,,32.51999989E-3,0.0,
,,,32.55999833E-3,0.0,
,,,32.60000050E-3,-39.99999911E-3,
,,,32.63999894E-3,0.0,
,,,32.68000111E-3,0.0,
,,,32.71999955E-3,0.0,
,,,32.75999799E-3,0.0,
,,,32.80000016E-3,0.0,
,,,32.83999860E-3,0.0,
,,,32.88000077E-3,0.0,
,,,32.91999921E-3,0.0,
,,,32.95999765E-3,0.0,
,,,32.99999982E-3,39.99999911E-3,
,,,33.03999826E-3,0.0,
,,,33.08000043E-3,0.0,
,,,33.11999887E-3,0.0,
,,,33.16000104E-3,0.0,
,,,33.19999948E-3,0.0,
,,,33.23999792E-3,0.0,
,,,33.28000009E-3,0.0,
,,,33.31999853E-3,0.0,
,,,33.36000070E-3,0.0,
,,,33.39999914E-3,0.0,
,,,33.43999758E-3,0.0,
,,,33.47999975E-3,0.0,
,,,33.51999819E-3,0.0,
,,,33.56000036E-3,0.0,
,,,33.59999880E-3,0.0,
,,,33.64000097E-3,0.0,
,,,33.67999941E-3,0.0,
,,,33.71999785E-3,0.0,
,,,33.76000002E-3,0.0,
,,,33.79999846E-3,0.0,
,,,33.84000063E-3,0.0,
,,,33.87999907E-3,0.0,
,,,33.91999751E-3,0.0,
,,,33.95999968E-3,39.99999911E-3,
,,,33.99999812E-3,0.0,
,,,34.04000029E-3,0.0,
,,,34.07999873E-3,0.0,
,,,34.12000090E-3,0.0,
,,,34.15999934E-3,0.0,
,,,34.19999778E-3,0.0,
,,,34.23999995E-3,0.0,
,,,34.27999839E-3,0.0,
,,,34.32000056E-3,0.0,
,,,34.35999900E-3,0.0,
,,,34.40000117E-3,0.0,
,,,34.43999961E-3,0.0,
,,,34.47999805E-3,0.0,
,,,34.52000022E-3,0.0,
,,,34.55999866E-3,0.0,
,,,34.60000083E-3,0.0,
,,,34.63999927E-3,0.0,
,,,34.67999771E-3,0.0,
,,,34.71999988E-3,0.0,
,,,34.75999832E-3,0.0,
,,,34.80000049E-3,0.0,
,,,34.83999893E-3,0.0,
,,,34.88000110E-3,0.0,
,,,34.91999954E-3,0.0,
,,,34.95999798E-3,0.0,
,,,35.00000015E-3,0.0,
,,,35.03999859E-3,0.0,
,,,35.08000076E-3,0.0,
,,,35.11999920E-3,0.0,
,,,35.15999764E-3,0.0,
,,,35.19999981E-3,0.0,
,,,35.23999825E-3,0.0,
,,,35.28000042E-3,0.0,
,,,35.31999886E-3,0.0,
,,,35.36000103E-3,0.0,
,,,35.39999947E-3,0.0,
,,,35.43999791E-3,0.0,
,,,35.48000008E-3,0.0,
,,,35.51999852E-3,0.0,
,,,35.56000069E-3,0.0,
,,,35.59999913E-3,0.0,
,,,35.63999757E-3,0.0,
,,,35.67999974E-3,0.0,
,,,35.71999818E-3,0.0,
,,,35.76000035E-3,0.0,
,,,35.79999879E-3,0.0,
,,,35.84000096E-3,0.0,
,,,35.87999940E-3,0.0,
,,,35.91999784E-3,39.99999911E-3,
,,,35.96000001E-3,0.0,
,,,35.99999845E-3,0.0,
,,,36.04000062E-3,0.0,
,,,36.07999906E-3,39.99999911E-3,
,,,36.11999750E-3,0.0,
,,,36.15999967E-3,0.0,
,,,36.19999811E-3,0.0,
,,,36.24000028E-3,0.0,
,,,36.27999872E-3,0.0,
,,,36.32000089E-3,0.0,
,,,36.35999933E-3,39.99999911E-3,
,,,36.39999777E-3,0.0,
,,,36.43999994E-3,0.0,
,,,36.47999838E-3,0.0,
,,,36.52000055E-3,0.0,
,,,36.55999899E-3,39.99999911E-3,
,,,36.59999743E-3,0.0,
,,,36.63999960E-3,0.0,
,,,36.67999804E-3,39.99999911E-3,
,,,36.72000021E-3,0.0,
,,,36.75999865E-3,39.99999911E-3,
,,,36.80000082E-3,0.0,
,,,36.83999926E-3,0.0,
,,,36.87999770E-3,0.0,
,,,36.91999987E-3,0.0,
,,,36.95999831E-3,0.0,
,,,37.00000048E-3,39.99999911E-3,
,,,37.03999892E-3,0.0,
,,,37.08000109E-3,0.0,
,,,37.11999953E-3,0.0,
,,,37.15999797E-3,0.0,
,,,37.20000014E-3,0.0,
,,,37.23999858E-3,0.0,
,,,37.28000075E-3,0.0,
,,,37.31999919E-3,39.99999911E-3,
,,,37.35999763E-3,0.0,
,,,37.39999980E-3,0.0,
,,,37.43999824E-3,0.0,
,,,37.48000041E-3,1.9200000,
,,,37.51999885E-3,1.7199999,
,,,37.56000102E-3,1.5200000,
,,,37.59999946E-3,1.3199999,
,,,37.63999790E-3,1.1999999,
,,,37.68000007E-3,1.0400000,
,,,37.71999851E-3,919.999957085E-3,
,,,37.76000068E-3,799.999952316E-3,
,,,37.79999912E-3,719.999969006E-3,
,,,37.83999756E-3,639.999985695E-3,
,,,37.87999973E-3,560.000002384E-3,
,,,37.91999817E-3,479.999989271E-3,
,,,37.96000034E-3,439.999997616E-3,
,,,37.99999878E-3,399.99997616E-3,
,,,38.04000095E-3,319.99999285E-3,
,,,38.07999939E-3,280.00000119E-3,
,,,38.11999783E-3,280.00000119E-3,
,,,38.16000000E-3,239.99999464E-3,
,,,38.19999844E-3,199.99998808E-3,
,,,38.24000061E-3,159.99999642E-3,
,,,38.27999905E-3,199.99998808E-3,
,,,38.31999749E-3,159.99999642E-3,
,,,38.35999966E-3,119.9999973E-3,
,,,38.39999810E-3,119.9999973E-3,
,,,38.44000027E-3,119.9999973E-3,
,,,38.47999871E-3,119.9999973E-3,
,,,38.52000087E-3,79.999998212E-3,
,,,38.55999932E-3,79.999998212E-3,
,,,38.59999776E-3,39.99999911E-3,
,,,38.63999993E-3,39.99999911E-3,
,,,38.67999837E-3,39.99999911E-3,
,,,38.72000054E-3,39.99999911E-3,
,,,38.75999898E-3,39.99999911E-3,
,,,38.79999742E-3,39.99999911E-3,
,,,38.83999959E-3,39.99999911E-3,
,,,38.87999803E-3,39.99999911E-3,
,,,38.92000020E-3,39.99999911E-3,
,,,38.95999864E-3,39.99999911E-3,
,,,39.00000080E-3,39.99999911E-3,
,,,39.03999925E-3,0.0,
,,,39.07999769E-3,39.99999911E-3,
,,,39.11999986E-3,39.99999911E-3,
,,,39.15999830E-3,0.0,
,,,39.20000046E-3,0.0,
,,,39.23999891E-3,39.99999911E-3,
,,,39.27999735E-3,0.0,
,,,39.31999952E-3,0.0,
,,,39.35999796E-3,0.0,
,,,39.40000013E-3,0.0,
,,,39.43999857E-3,39.99999911E-3,
,,,39.48000073E-3,0.0,
,,,39.51999918E-3,39.99999911E-3,
,,,39.55999762E-3,0.0,
,,,39.59999979E-3,0.0,
,,,39.63999823E-3,0.0,
,,,39.68000039E-3,0.0,
,,,39.71999884E-3,0.0,
,,,39.76000100E-3,0.0,
,,,39.79999945E-3,0.0,
,,,39.83999789E-3,0.0,
,,,39.88000005E-3,0.0,
,,,39.91999850E-3,0.0,
,,,39.96000066E-3,0.0,
,,,39.99999911E-3,0.0,
,,,40.03999755E-3,0.0,
,,,40.07999972E-3,0.0,
,,,40.11999816E-3,0.0,
,,,40.16000032E-3,39.99999911E-3,
,,,40.19999877E-3,39.99999911E-3,
,,,40.24000093E-3,0.0,
,,,40.27999938E-3,0.0,
,,,40.31999782E-3,0.0,
,,,40.35999998E-3,39.99999911E-3,
,,,40.39999843E-3,39.99999911E-3,
,,,40.44000059E-3,0.0,
,,,40.47999904E-3,0.0,
,,,40.51999748E-3,0.0,
,,,40.55999964E-3,0.0,
,,,40.59999809E-3,0.0,
,,,40.64000025E-3,39.99999911E-3,
,,,40.67999870E-3,0.0,
,,,40.72000086E-3,39.99999911E-3,
,,,40.75999931E-3,0.0,
,,,40.79999775E-3,0.0,
,,,40.83999991E-3,39.99999911E-3,
,,,40.87999836E-3,0.0,
,,,40.92000052E-3,0.0,
,,,40.95999897E-3,0.0,
,,,40.99999741E-3,0.0,
,,,41.03999957E-3,0.0,
,,,41.07999802E-3,0.0,
,,,41.12000018E-3,0.0,
,,,41.15999863E-3,39.99999911E-3,
,,,41.20000079E-3,0.0,
,,,41.23999923E-3,0.0,
,,,41.27999768E-3,0.0,
,,,41.31999984E-3,0.0,
,,,41.35999829E-3,0.0,
,,,41.40000045E-3,39.99999911E-3,
,,,41.43999889E-3,0.0,
,,,41.47999734E-3,39.99999911E-3,
,,,41.51999950E-3,0.0,
,,,41.55999795E-3,0.0,
,,,41.60000011E-3,39.99999911E-3,
,,,41.63999856E-3,0.0,
,,,41.68000072E-3,39.99999911E-3,
,,,41.71999916E-3,39.99999911E-3,
,,,41.75999761E-3,39.99999911E-3,
,,,41.79999977E-3,0.0,
,,,41.83999822E-3,0.0,
,,,41.88000038E-3,0.0,
,,,41.91999882E-3,0.0,
,,,41.96000099E-3,0.0,
