Record Length,1024,Points,0.0,7.03089952,
Sample Interval,24.66066933,Hz,24.66066933,9.430899620,
Trigger Point,0.0,Samples,49.32133865,2.6308994,
,,,73.982009888,-60.969100952,
,,,98.642677307,-54.56910324,
,,,123.3033447,-58.569103241,
Source,FFT,,147.9640198,-58.569103241,
Vertical Units,dB,,172.62467957,-60.969100952,
Vertical Scale,10.0000001,,197.28535461,-60.969100952,
Vertical Offset,-20,9691,,221.94602966,-60.969100952,
Horizontal Units,Hz,,246.60668945,-58.569103241,
Horizontal Scale,2.5252527E3,,271.26736450,-60.969100952,
Pt Fmt,Y,,295.92803955,-60.969100952,
Yzero,0.0,,320.58871460,-60.969100952,
,,,345.24935913,-60.969100952,
,,,369.91003418,-60.969100952,
Note,TBS 1052B-EDU - 12:54:59 p.m.   04/03/2016,,394.57070923,-60.969100952,
,,,419.231384277,-55.369102478,
,,,443.892059326,-60.969100952,
,,,468.552703857,-58.569103241,
,,,493.213378906,-60.969100952,
,,,517.874084473,-60.969100952,
,,,542.534729004,-60.969100952,
,,,567.195373535,-58.569103241,
,,,591.856079102,-60.969100952,
,,,616.516723633,-60.969100952,
,,,641.177429199,-60.969100952,
,,,665.838073730,-60.969100952,
,,,690.498718262,-60.969100952,
,,,715.159423828,-60.969100952,
,,,739.820068359,-60.969100952,
,,,764.480773926,-60.969100952,
,,,789.141418457,-55.369102478,
,,,813.802062988,-55.369102478,
,,,838.462768555,-60.969100952,
,,,863.123413086,-60.969100952,
,,,887.784118652,-60.969100952,
,,,912.444763184,-60.969100952,
,,,937.105407715,-60.969100952,
,,,961.766113281,-60.969100952,
,,,986.426757813,-60.969100952,
,,,1.0110875E3,-60.969100952,
,,,1.0357482E3,-60.969100952,
,,,1.0604089E3,-60.969100952,
,,,1.0850695E3,-58.569103241,
,,,1.1097302E3,-60.969100952,
,,,1.1343908E3,-58.569103241,
,,,1.1590516E3,-60.969100952,
,,,1.1837122E3,-60.969100952,
,,,1.2083729E3,-60.969100952,
,,,1.2330335E3,-58.569103241,
,,,1.2576942E3,-60.969100952,
,,,1.2823549E3,-60.969100952,
,,,1.3070156E3,-60.969100952,
,,,1.3316762E3,-60.969100952,
,,,1.3563369E3,-60.969100952,
,,,1.3809975E3,-60.969100952,
,,,1.4056583E3,-55.369102478,
,,,1.4303189E3,-60.969100952,
,,,1.4549796E3,-60.969100952,
,,,1.4796402E3,-60.969100952,
,,,1.5043009E3,-60.969100952,
,,,1.5289616E3,-60.969100952,
,,,1.5536223E3,-60.969100952,
,,,1.5782829E3,-60.969100952,
,,,1.6029436E3,-60.969100952,
,,,1.6276042E3,-60.969100952,
,,,1.6522650E3,-58.569103241,
,,,1.6769256E3,-60.969100952,
,,,1.7015863E3,-58.569103241,
,,,1.7262469E3,-58.569103241,
,,,1.7509076E3,-58.569103241,
,,,1.7755683E3,-54.56910324,
,,,1.8002290E3,-58.569103241,
,,,1.8248896E3,-54.56910324,
,,,1.8495503E3,-54.56910324,
,,,1.8742109E3,-58.569103241,
,,,1.8988717E3,-60.969100952,
,,,1.9235323E3,-60.969100952,
,,,1.9481930E3,-60.969100952,
,,,1.9728536E3,-60.969100952,
,,,1.9975143E3,-60.969100952,
,,,2.0221750E3,-58.569103241,
,,,2.0468357E3,-58.569103241,
,,,2.0714964E3,-60.969100952,
,,,2.0961571E3,-58.569103241,
,,,2.1208177E3,-60.969100952,
,,,2.1454784E3,-60.969100952,
,,,2.1701390E3,-60.969100952,
,,,2.1947997E3,-60.969100952,
,,,2.2194603E3,-55.369102478,
,,,2.2441210E3,-60.969100952,
,,,2.2687816E3,-60.969100952,
,,,2.2934422E3,-60.969100952,
,,,2.3181031E3,-58.569103241,
,,,2.3427638E3,-60.969100952,
,,,2.3674244E3,-60.969100952,
,,,2.3920851E3,-60.969100952,
,,,2.4167457E3,-60.969100952,
,,,2.4414064E3,-60.969100952,
,,,2.4660670E3,-58.569103241,
,,,2.4907277E3,-58.569103241,
,,,2.5153883E3,-60.969100952,
,,,2.5400489E3,-60.969100952,
,,,2.5647098E3,-60.969100952,
,,,2.5893705E3,-60.969100952,
,,,2.6140311E3,-60.969100952,
,,,2.6386918E3,-60.969100952,
,,,2.6633524E3,-60.969100952,
,,,2.6880131E3,-60.969100952,
,,,2.7126737E3,-60.969100952,
,,,2.73733436E3,-60.969100952,
,,,2.76199500E3,-60.969100952,
,,,2.78665565E3,-60.969100952,
,,,2.81131654E3,-60.969100952,
,,,2.83597719E3,-60.969100952,
,,,2.86063783E3,-60.969100952,
,,,2.88529848E3,-58.569103241,
,,,2.90995912E3,-58.569103241,
,,,2.93461977E3,-54.56910324,
,,,2.95928041E3,-60.969100952,
,,,2.98394106E3,-60.969100952,
,,,3.00860171E3,-58.569103241,
,,,3.03326235E3,-55.369102478,
,,,3.05792324E3,-51.76910019,
,,,3.08258389E3,-60.969100952,
,,,3.10724453E3,-60.969100952,
,,,3.13190518E3,-60.969100952,
,,,3.15656582E3,-58.569103241,
,,,3.18122647E3,-60.969100952,
,,,3.20588712E3,-60.969100952,
,,,3.23054776E3,-60.969100952,
,,,3.25520841E3,-60.969100952,
,,,3.27986930E3,-60.969100952,
,,,3.30452994E3,-60.969100952,
,,,3.32919059E3,-60.969100952,
,,,3.35385123E3,-60.969100952,
,,,3.37851188E3,-60.969100952,
,,,3.40317252E3,-58.569103241,
,,,3.42783317E3,-60.969100952,
,,,3.45249382E3,-60.969100952,
,,,3.47715446E3,-60.969100952,
,,,3.50181511E3,-60.969100952,
,,,3.52647600E3,-60.969100952,
,,,3.55113664E3,-60.969100952,
,,,3.57579729E3,-60.969100952,
,,,3.60045793E3,-60.969100952,
,,,3.62511858E3,-60.969100952,
,,,3.64977923E3,-58.569103241,
,,,3.67443987E3,-58.569103241,
,,,3.69910052E3,-58.569103241,
,,,3.72376116E3,-58.569103241,
,,,3.74842181E3,-58.569103241,
,,,3.77308270E3,-54.56910324,
,,,3.79774334E3,-60.969100952,
,,,3.82240399E3,-60.969100952,
,,,3.84706464E3,-60.969100952,
,,,3.87172528E3,-60.969100952,
,,,3.89638593E3,-60.969100952,
,,,3.92104657E3,-60.969100952,
,,,3.94570722E3,-60.969100952,
,,,3.97036786E3,-60.969100952,
,,,3.99502851E3,-60.969100952,
,,,4.01968940E3,-58.569103241,
,,,4.04435005E3,-60.969100952,
,,,4.06901069E3,-60.969100952,
,,,4.09367134E3,-60.969100952,
,,,4.11833174E3,-60.969100952,
,,,4.14299287E3,-60.969100952,
,,,4.16765352E3,-60.969100952,
,,,4.19231416E3,-60.969100952,
,,,4.21697481E3,-60.969100952,
,,,4.24163546E3,-60.969100952,
,,,4.26629610E3,-60.969100952,
,,,4.29095675E3,-60.969100952,
,,,4.31561739E3,-60.969100952,
,,,4.34027804E3,-60.969100952,
,,,4.36493868E3,-60.969100952,
,,,4.38959933E3,-60.969100952,
,,,4.41425998E3,-60.969100952,
,,,4.43892062E3,-60.969100952,
,,,4.46358127E3,-60.969100952,
,,,4.48824191E3,-60.969100952,
,,,4.51290256E3,-58.569103241,
,,,4.53756320E3,-58.569103241,
,,,4.56222385E3,-60.969100952,
,,,4.58688450E3,-60.969100952,
,,,4.61154514E3,-60.969100952,
,,,4.63620627E3,-60.969100952,
,,,4.66086692E3,-60.969100952,
,,,4.68552757E3,-60.969100952,
,,,4.71018821E3,-60.969100952,
,,,4.73484886E3,-60.969100952,
,,,4.75950950E3,-60.969100952,
,,,4.78417015E3,-54.56910324,
,,,4.80883079E3,-51.36910248,
,,,4.83349144E3,-51.36910248,
,,,4.85815209E3,-55.369102478,
,,,4.88281273E3,-54.56910324,
,,,4.90747338E3,-60.969100952,
,,,4.93213402E3,-58.569103241,
,,,4.95679467E3,-15.3691006,
,,,4.98145531E3,-8.969100952,
,,,5.00611596E3,-8.569100380,
,,,5.03077661E3,-8.969100952,
,,,5.05543725E3,-15.7691011,
,,,5.08009790E3,-52.56910324,
,,,5.10475903E3,-60.969100952,
,,,5.12941968E3,-58.569103241,
,,,5.15408032E3,-60.969100952,
,,,5.17874097E3,-60.969100952,
,,,5.20340161E3,-60.969100952,
,,,5.22806226E3,-60.969100952,
,,,5.25272291E3,-60.969100952,
,,,5.27738355E3,-60.969100952,
,,,5.30204420E3,-58.569103241,
,,,5.32670484E3,-58.569103241,
,,,5.35136549E3,-58.569103241,
,,,5.37602613E3,-60.969100952,
,,,5.40068678E3,-58.569103241,
,,,5.42534743E3,-60.969100952,
,,,5.45000807E3,-54.56910324,
,,,5.47466872E3,-54.56910324,
,,,5.49932936E3,-60.969100952,
,,,5.52399001E3,-58.569103241,
,,,5.54865065E3,-60.969100952,
,,,5.57331130E3,-60.969100952,
,,,5.59797243E3,-60.969100952,
,,,5.62263308E3,-60.969100952,
,,,5.64729373E3,-58.569103241,
,,,5.67195437E3,-60.969100952,
,,,5.69661502E3,-60.969100952,
,,,5.72127566E3,-60.969100952,
,,,5.74593631E3,-60.969100952,
,,,5.77059695E3,-60.969100952,
,,,5.79525760E3,-60.969100952,
,,,5.81991825E3,-54.56910324,
,,,5.84457889E3,-54.56910324,
,,,5.86923954E3,-54.56910324,
,,,5.89390018E3,-54.56910324,
,,,5.91856083E3,-58.569103241,
,,,5.94322147E3,-58.569103241,
,,,5.96788212E3,-60.969100952,
,,,5.99254277E3,-58.569103241,
,,,6.01720341E3,-60.969100952,
,,,6.04186406E3,-60.969100952,
,,,6.06652470E3,-60.969100952,
,,,6.09118584E3,-60.969100952,
,,,6.11584648E3,-54.56910324,
,,,6.14050713E3,-60.969100952,
,,,6.16516777E3,-60.969100952,
,,,6.18982842E3,-60.969100952,
,,,6.21448906E3,-60.969100952,
,,,6.23914971E3,-60.969100952,
,,,6.26381036E3,-60.969100952,
,,,6.28847100E3,-60.969100952,
,,,6.31313165E3,-58.569103241,
,,,6.33779229E3,-60.969100952,
,,,6.36245294E3,-60.969100952,
,,,6.38711358E3,-60.969100952,
,,,6.41177423E3,-60.969100952,
,,,6.43643488E3,-60.969100952,
,,,6.46109552E3,-60.969100952,
,,,6.48575617E3,-60.969100952,
,,,6.51041681E3,-60.969100952,
,,,6.53507746E3,-60.969100952,
,,,6.55973859E3,-58.569103241,
,,,6.58439924E3,-58.569103241,
,,,6.60905988E3,-54.56910324,
,,,6.63372053E3,-58.569103241,
,,,6.65838118E3,-60.969100952,
,,,6.68304182E3,-58.569103241,
,,,6.70770247E3,-60.969100952,
,,,6.73236311E3,-58.569103241,
,,,6.75702376E3,-60.969100952,
,,,6.78168440E3,-60.969100952,
,,,6.80634505E3,-60.969100952,
,,,6.83100570E3,-54.56910324,
,,,6.85566634E3,-60.969100952,
,,,6.88032699E3,-60.969100952,
,,,6.90498763E3,-55.369102478,
,,,6.92964828E3,-55.369102478,
,,,6.95430892E3,-60.969100952,
,,,6.97896957E3,-60.969100952,
,,,7.00363022E3,-60.969100952,
,,,7.02829086E3,-60.969100952,
,,,7.05295200E3,-60.969100952,
,,,7.07761264E3,-60.969100952,
,,,7.10227329E3,-58.569103241,
,,,7.12693393E3,-60.969100952,
,,,7.15159458E3,-60.969100952,
,,,7.17625522E3,-60.969100952,
,,,7.20091587E3,-58.569103241,
,,,7.22557652E3,-60.969100952,
,,,7.25023716E3,-60.969100952,
,,,7.27489781E3,-60.969100952,
,,,7.29955845E3,-60.969100952,
,,,7.32421910E3,-60.969100952,
,,,7.34887974E3,-60.969100952,
,,,7.37354039E3,-58.569103241,
,,,7.398201035E3,-60.969100952,
,,,7.422861681E3,-60.969100952,
,,,7.447522326E3,-60.969100952,
,,,7.472182972E3,-60.969100952,
,,,7.496843618E3,-60.969100952,
,,,7.521504264E3,-60.969100952,
,,,7.546165397E3,-60.969100952,
,,,7.570826043E3,-60.969100952,
,,,7.595486689E3,-60.969100952,
,,,7.620147335E3,-60.969100952,
,,,7.644807980E3,-60.969100952,
,,,7.669468626E3,-60.969100952,
,,,7.694129272E3,-60.969100952,
,,,7.718789917E3,-60.969100952,
,,,7.743450563E3,-60.969100952,
,,,7.768111209E3,-60.969100952,
,,,7.792771855E3,-60.969100952,
,,,7.817432500E3,-60.969100952,
,,,7.842093146E3,-60.969100952,
,,,7.866753792E3,-58.569103241,
,,,7.891414437E3,-58.569103241,
,,,7.916075083E3,-60.969100952,
,,,7.940735729E3,-55.369102478,
,,,7.965396374E3,-54.56910324,
,,,7.990057020E3,-58.569103241,
,,,8.014718154E3,-52.56910324,
,,,8.039378800E3,-54.56910324,
,,,8.064039446E3,-58.569103241,
,,,8.088700091E3,-58.569103241,
,,,8.113360737E3,-58.569103241,
,,,8.138021383E3,-60.969100952,
,,,8.162682028E3,-60.969100952,
,,,8.187342674E3,-60.969100952,
,,,8.212003320E3,-60.969100952,
,,,8.236663477E3,-60.969100952,
,,,8.261324611E3,-58.569103241,
,,,8.285985745E3,-60.969100952,
,,,8.310645903E3,-60.969100952,
,,,8.335307037E3,-60.969100952,
,,,8.359967194E3,-60.969100952,
,,,8.384628328E3,-60.969100952,
,,,8.409288485E3,-60.969100952,
,,,8.433949619E3,-60.969100952,
,,,8.458609777E3,-60.969100952,
,,,8.483270911E3,-60.969100952,
,,,8.507931068E3,-58.569103241,
,,,8.532592202E3,-60.969100952,
,,,8.557252360E3,-60.969100952,
,,,8.581913494E3,-60.969100952,
,,,8.606573651E3,-60.969100952,
,,,8.631234785E3,-60.969100952,
,,,8.655894942E3,-58.569103241,
,,,8.680556076E3,-58.569103241,
,,,8.705216234E3,-60.969100952,
,,,8.729877368E3,-60.969100952,
,,,8.754538502E3,-60.969100952,
,,,8.779198659E3,-60.969100952,
,,,8.803859793E3,-60.969100952,
,,,8.828519951E3,-60.969100952,
,,,8.853181085E3,-60.969100952,
,,,8.877841242E3,-58.569103241,
,,,8.902502376E3,-60.969100952,
,,,8.927162533E3,-60.969100952,
,,,8.951823667E3,-60.969100952,
,,,8.976483825E3,-58.569103241,
,,,9.001144959E3,-58.569103241,
,,,9.025805116E3,-58.569103241,
,,,9.050466250E3,-60.969100952,
,,,9.075126408E3,-60.969100952,
,,,9.099787542E3,-60.969100952,
,,,9.124447699E3,-60.969100952,
,,,9.149108833E3,-60.969100952,
,,,9.173768990E3,-60.969100952,
,,,9.198430124E3,-60.969100952,
,,,9.223090282E3,-60.969100952,
,,,9.247751416E3,-60.969100952,
,,,9.272412550E3,-60.969100952,
,,,9.297072707E3,-60.969100952,
,,,9.321733841E3,-60.969100952,
,,,9.346393999E3,-60.969100952,
,,,9.371055133E3,-60.969100952,
,,,9.395715290E3,-58.569103241,
,,,9.420376424E3,-60.969100952,
,,,9.445036581E3,-60.969100952,
,,,9.469697715E3,-60.969100952,
,,,9.494357873E3,-60.969100952,
,,,9.519019007E3,-60.969100952,
,,,9.543679164E3,-60.969100952,
,,,9.568340298E3,-60.969100952,
,,,9.593000456E3,-60.969100952,
,,,9.617661590E3,-60.969100952,
,,,9.642321747E3,-60.969100952,
,,,9.666982881E3,-58.569103241,
,,,9.691643038E3,-60.969100952,
,,,9.716304172E3,-60.969100952,
,,,9.740965306E3,-58.569103241,
,,,9.765625464E3,-60.969100952,
,,,9.790286598E3,-60.969100952,
,,,9.814946755E3,-58.569103241,
,,,9.839607889E3,-55.369102478,
,,,9.864268047E3,-55.369102478,
,,,9.888929181E3,-58.569103241,
,,,9.913589338E3,-54.56910324,
,,,9.938250472E3,-55.369102478,
,,,9.962910629E3,-60.969100952,
,,,9.987571763E3,-60.969100952,
,,,10.0122319E3,-60.969100952,
,,,10.0368931E3,-60.969100952,
,,,10.0615532E3,-60.969100952,
,,,10.0862143E3,-60.969100952,
,,,10.1108745E3,-60.969100952,
,,,10.1355356E3,-60.969100952,
,,,10.1601958E3,-58.569103241,
,,,10.1848569E3,-60.969100952,
,,,10.2095181E3,-58.569103241,
,,,10.2341782E3,-58.569103241,
,,,10.2588394E3,-60.969100952,
,,,10.2834995E3,-58.569103241,
,,,10.3081606E3,-60.969100952,
,,,10.3328208E3,-60.969100952,
,,,10.3574819E3,-54.56910324,
,,,10.3821421E3,-58.569103241,
,,,10.4068032E3,-58.569103241,
,,,10.4314634E3,-58.569103241,
,,,10.4561245E3,-60.969100952,
,,,10.4807847E3,-55.369102478,
,,,10.5054458E3,-60.969100952,
,,,10.5301060E3,-60.969100952,
,,,10.5547671E3,-58.569103241,
,,,10.5794273E3,-58.569103241,
,,,10.6040884E3,-60.969100952,
,,,10.6287486E3,-58.569103241,
,,,10.6534097E3,-60.969100952,
,,,10.6780698E3,-60.969100952,
,,,10.7027310E3,-54.56910324,
,,,10.7273921E3,-60.969100952,
,,,10.7520523E3,-50.16910172,
,,,10.7767134E3,-48.56910324,
,,,10.8013736E3,-40.16910172,
,,,10.8260347E3,-26.96910095,
,,,10.8506949E3,-5.76910067,
,,,10.8753560E3,-1.3691007,
,,,10.9000161E3,-1.3691007,
,,,10.9246773E3,-2.5691006,
,,,10.9493374E3,-12.1691008,
,,,10.9739986E3,-34.16910172,
,,,10.9986587E3,-42.96910095,
,,,11.0233199E3,-55.369102478,
,,,11.0479800E3,-51.36910248,
,,,11.0726412E3,-60.969100952,
,,,11.0973013E3,-60.969100952,
,,,11.1219624E3,-60.969100952,
,,,11.1466226E3,-60.969100952,
,,,11.1712837E3,-60.969100952,
,,,11.1959449E3,-60.969100952,
,,,11.2206050E3,-60.969100952,
,,,11.2452662E3,-60.969100952,
,,,11.2699263E3,-60.969100952,
,,,11.2945875E3,-60.969100952,
,,,11.3192476E3,-58.569103241,
,,,11.3439087E3,-58.569103241,
,,,11.3685689E3,-58.569103241,
,,,11.3932300E3,-60.969100952,
,,,11.4178902E3,-58.569103241,
,,,11.4425513E3,-54.56910324,
,,,11.4672115E3,-54.56910324,
,,,11.4918726E3,-54.56910324,
,,,11.5165328E3,-52.56910324,
,,,11.5411939E3,-54.56910324,
,,,11.5658541E3,-54.56910324,
,,,11.5905152E3,-60.969100952,
,,,11.6151754E3,-60.969100952,
,,,11.6398365E3,-60.969100952,
,,,11.6644976E3,-58.569103241,
,,,11.6891578E3,-55.369102478,
,,,11.7138189E3,-58.569103241,
,,,11.7384791E3,-54.56910324,
,,,11.7631402E3,-60.969100952,
,,,11.7878004E3,-60.969100952,
,,,11.8124615E3,-60.969100952,
,,,11.8371217E3,-60.969100952,
,,,11.8617828E3,-60.969100952,
,,,11.8864429E3,-60.969100952,
,,,11.9111041E3,-60.969100952,
,,,11.9357642E3,-58.569103241,
,,,11.9604254E3,-60.969100952,
,,,11.9850855E3,-54.56910324,
,,,12.0097467E3,-58.569103241,
,,,12.0344068E3,-58.569103241,
,,,12.0590680E3,-58.569103241,
,,,12.0837281E3,-60.969100952,
,,,12.1083892E3,-55.369102478,
,,,12.1330494E3,-55.369102478,
,,,12.1577105E3,-60.969100952,
,,,12.1823717E3,-58.569103241,
,,,12.2070318E3,-60.969100952,
,,,12.2316930E3,-60.969100952,
,,,12.2563531E3,-60.969100952,
,,,12.2810143E3,-60.969100952,
,,,12.3056744E3,-60.969100952,
,,,12.3303355E3,-60.969100952,
,,,12.3549957E3,-54.56910324,
,,,12.3796568E3,-55.369102478,
,,,12.4043170E3,-58.569103241,
,,,12.4289781E3,-58.569103241,
,,,12.4536383E3,-58.569103241,
,,,12.4782994E3,-60.969100952,
,,,12.5029596E3,-58.569103241,
,,,12.5276207E3,-60.969100952,
,,,12.5522809E3,-60.969100952,
,,,12.5769420E3,-60.969100952,
,,,12.6016022E3,-60.969100952,
,,,12.6262633E3,-60.969100952,
,,,12.6509244E3,-60.969100952,
,,,12.6755846E3,-60.969100952,
,,,12.7002457E3,-60.969100952,
,,,12.7249059E3,-60.969100952,
,,,12.7495670E3,-60.969100952,
,,,12.7742272E3,-60.969100952,
,,,12.7988883E3,-60.969100952,
,,,12.8235485E3,-54.56910324,
,,,12.8482096E3,-58.569103241,
,,,12.8728698E3,-60.969100952,
,,,12.8975309E3,-60.969100952,
,,,12.9221910E3,-60.969100952,
,,,12.9468522E3,-60.969100952,
,,,12.9715123E3,-60.969100952,
,,,12.9961735E3,-58.569103241,
,,,13.0208336E3,-58.569103241,
,,,13.0454948E3,-58.569103241,
,,,13.0701549E3,-55.369102478,
,,,13.0948161E3,-54.56910324,
,,,13.1194772E3,-54.56910324,
,,,13.1441373E3,-60.969100952,
,,,13.1687985E3,-55.369102478,
,,,13.1934586E3,-58.569103241,
,,,13.2181198E3,-58.569103241,
,,,13.2427799E3,-54.56910324,
,,,13.2674411E3,-58.569103241,
,,,13.2921012E3,-58.569103241,
,,,13.3167624E3,-58.569103241,
,,,13.3414225E3,-60.969100952,
,,,13.3660836E3,-60.969100952,
,,,13.3907438E3,-60.969100952,
,,,13.4154049E3,-60.969100952,
,,,13.4400651E3,-58.569103241,
,,,13.4647262E3,-58.569103241,
,,,13.4893864E3,-58.569103241,
,,,13.5140475E3,-58.569103241,
,,,13.5387077E3,-58.569103241,
,,,13.5633688E3,-60.969100952,
,,,13.5880290E3,-58.569103241,
,,,13.6126901E3,-60.969100952,
,,,13.6373512E3,-60.969100952,
,,,13.6620114E3,-60.969100952,
,,,13.6866725E3,-60.969100952,
,,,13.7113327E3,-60.969100952,
,,,13.7359938E3,-60.969100952,
,,,13.7606540E3,-60.969100952,
,,,13.7853151E3,-60.969100952,
,,,13.8099753E3,-60.969100952,
,,,13.8346364E3,-60.969100952,
,,,13.8592966E3,-58.569103241,
,,,13.8839577E3,-60.969100952,
,,,13.9086178E3,-60.969100952,
,,,13.9332790E3,-55.369102478,
,,,13.9579391E3,-51.76910019,
,,,13.9826003E3,-55.369102478,
,,,14.0072604E3,-58.569103241,
,,,14.0319216E3,-60.969100952,
,,,14.0565817E3,-60.969100952,
,,,14.0812429E3,-58.569103241,
,,,14.1059040E3,-60.969100952,
,,,14.1305641E3,-54.56910324,
,,,14.1552253E3,-58.569103241,
,,,14.1798854E3,-60.969100952,
,,,14.2045466E3,-60.969100952,
,,,14.2292067E3,-60.969100952,
,,,14.2538679E3,-60.969100952,
,,,14.2785280E3,-60.969100952,
,,,14.3031892E3,-60.969100952,
,,,14.3278493E3,-60.969100952,
,,,14.3525104E3,-60.969100952,
,,,14.3771706E3,-60.969100952,
,,,14.4018317E3,-60.969100952,
,,,14.4264919E3,-60.969100952,
,,,14.4511530E3,-60.969100952,
,,,14.4758132E3,-58.569103241,
,,,14.5004743E3,-60.969100952,
,,,14.5251345E3,-60.969100952,
,,,14.5497956E3,-60.969100952,
,,,14.5744567E3,-60.969100952,
,,,14.5991169E3,-58.569103241,
,,,14.6237780E3,-58.569103241,
,,,14.6484382E3,-60.969100952,
,,,14.6730993E3,-60.969100952,
,,,14.6977595E3,-60.969100952,
,,,14.7224206E3,-58.569103241,
,,,14.7470808E3,-54.56910324,
,,,14.7717419E3,-60.969100952,
,,,14.7964021E3,-60.969100952,
,,,14.8210632E3,-58.569103241,
,,,14.8457234E3,-60.969100952,
,,,14.8703845E3,-60.969100952,
,,,14.8950447E3,-60.969100952,
,,,14.9197058E3,-58.569103241,
,,,14.9443659E3,-60.969100952,
,,,14.9690271E3,-60.969100952,
,,,14.9936872E3,-58.569103241,
,,,15.0183484E3,-60.969100952,
,,,15.0430085E3,-60.969100952,
,,,15.0676697E3,-60.969100952,
,,,15.0923308E3,-60.969100952,
,,,15.1169910E3,-60.969100952,
,,,15.1416521E3,-60.969100952,
,,,15.1663122E3,-60.969100952,
,,,15.1909734E3,-60.969100952,
,,,15.2156335E3,-60.969100952,
,,,15.2402947E3,-60.969100952,
,,,15.2649548E3,-55.369102478,
,,,15.2896160E3,-58.569103241,
,,,15.3142761E3,-60.969100952,
,,,15.3389373E3,-60.969100952,
,,,15.3635974E3,-60.969100952,
,,,15.3882585E3,-60.969100952,
,,,15.4129187E3,-58.569103241,
,,,15.4375798E3,-58.569103241,
,,,15.4622400E3,-60.969100952,
,,,15.4869011E3,-60.969100952,
,,,15.5115613E3,-55.369102478,
,,,15.5362224E3,-58.569103241,
,,,15.5608836E3,-58.569103241,
,,,15.5855437E3,-55.369102478,
,,,15.6102048E3,-60.969100952,
,,,15.6348650E3,-60.969100952,
,,,15.6595261E3,-60.969100952,
,,,15.6841863E3,-60.969100952,
,,,15.7088474E3,-60.969100952,
,,,15.7335076E3,-60.969100952,
,,,15.7581687E3,-60.969100952,
,,,15.7828289E3,-60.969100952,
,,,15.8074900E3,-60.969100952,
,,,15.8321502E3,-60.969100952,
,,,15.8568113E3,-60.969100952,
,,,15.8814715E3,-55.369102478,
,,,15.9061326E3,-55.369102478,
,,,15.9307927E3,-55.369102478,
,,,15.9554539E3,-60.969100952,
,,,15.9801140E3,-60.969100952,
,,,16.0047752E3,-60.969100952,
,,,16.0294363E3,-60.969100952,
,,,16.0540965E3,-58.569103241,
,,,16.0787576E3,-58.569103241,
,,,16.1034178E3,-58.569103241,
,,,16.1280789E3,-60.969100952,
,,,16.1527390E3,-60.969100952,
,,,16.1774002E3,-60.969100952,
,,,16.2020603E3,-60.969100952,
,,,16.2267215E3,-58.569103241,
,,,16.2513816E3,-58.569103241,
,,,16.2760428E3,-60.969100952,
,,,16.3007029E3,-60.969100952,
,,,16.3253641E3,-60.969100952,
,,,16.3500242E3,-60.969100952,
,,,16.3746853E3,-60.969100952,
,,,16.3993465E3,-60.969100952,
,,,16.4240066E3,-58.569103241,
,,,16.4486668E3,-58.569103241,
,,,16.4733270E3,-60.969100952,
,,,16.4979891E3,-60.969100952,
,,,16.5226492E3,-60.969100952,
,,,16.5473094E3,-60.969100952,
,,,16.5719715E3,-60.969100952,
,,,16.5966316E3,-60.969100952,
,,,16.6212918E3,-60.969100952,
,,,16.6459520E3,-60.969100952,
,,,16.6706141E3,-60.969100952,
,,,16.6952742E3,-60.969100952,
,,,16.7199344E3,-60.969100952,
,,,16.7445945E3,-58.569103241,
,,,16.7692567E3,-60.969100952,
,,,16.7939168E3,-60.969100952,
,,,16.8185770E3,-58.569103241,
,,,16.8432371E3,-60.969100952,
,,,16.8678992E3,-60.969100952,
,,,16.8925594E3,-60.969100952,
,,,16.9172196E3,-58.569103241,
,,,16.9418797E3,-60.969100952,
,,,16.9665418E3,-60.969100952,
,,,16.9912020E3,-60.969100952,
,,,17.0158621E3,-58.569103241,
,,,17.0405242E3,-60.969100952,
,,,17.0651844E3,-60.969100952,
,,,17.0898446E3,-60.969100952,
,,,17.1145047E3,-60.969100952,
,,,17.1391668E3,-60.969100952,
,,,17.1638270E3,-60.969100952,
,,,17.1884871E3,-60.969100952,
,,,17.2131473E3,-60.969100952,
,,,17.2378094E3,-60.969100952,
,,,17.2624696E3,-55.369102478,
,,,17.2871297E3,-55.369102478,
,,,17.3117899E3,-55.369102478,
,,,17.3364520E3,-60.969100952,
,,,17.3611122E3,-58.569103241,
,,,17.3857723E3,-58.569103241,
,,,17.4104325E3,-60.969100952,
,,,17.4350946E3,-60.969100952,
,,,17.4597547E3,-60.969100952,
,,,17.4844149E3,-60.969100952,
,,,17.5090770E3,-58.569103241,
,,,17.5337372E3,-60.969100952,
,,,17.5583973E3,-60.969100952,
,,,17.5830575E3,-58.569103241,
,,,17.6077196E3,-60.969100952,
,,,17.6323797E3,-60.969100952,
,,,17.6570399E3,-58.569103241,
,,,17.6817001E3,-60.969100952,
,,,17.7063622E3,-60.969100952,
,,,17.7310223E3,-60.969100952,
,,,17.7556825E3,-58.569103241,
,,,17.7803426E3,-58.569103241,
,,,17.8050048E3,-60.969100952,
,,,17.8296649E3,-60.969100952,
,,,17.8543251E3,-60.969100952,
,,,17.8789852E3,-58.569103241,
,,,17.9036473E3,-54.56910324,
,,,17.9283075E3,-58.569103241,
,,,17.9529676E3,-60.969100952,
,,,17.9776298E3,-60.969100952,
,,,18.0022899E3,-60.969100952,
,,,18.0269501E3,-60.969100952,
,,,18.0516102E3,-58.569103241,
,,,18.0762723E3,-58.569103241,
,,,18.1009325E3,-54.56910324,
,,,18.1255927E3,-54.56910324,
,,,18.1502528E3,-55.369102478,
,,,18.1749149E3,-55.369102478,
,,,18.1995751E3,-54.56910324,
,,,18.2242352E3,-54.56910324,
,,,18.2488954E3,-58.569103241,
,,,18.2735575E3,-60.969100952,
,,,18.2982177E3,-60.969100952,
,,,18.3228778E3,-55.369102478,
,,,18.3475380E3,-60.969100952,
,,,18.3722001E3,-58.569103241,
,,,18.3968602E3,-58.569103241,
,,,18.4215204E3,-60.969100952,
,,,18.4461806E3,-58.569103241,
,,,18.4708427E3,-60.969100952,
,,,18.4955028E3,-54.56910324,
,,,18.5201630E3,-60.969100952,
,,,18.5448251E3,-60.969100952,
,,,18.5694853E3,-60.969100952,
,,,18.5941454E3,-60.969100952,
,,,18.6188056E3,-60.969100952,
,,,18.6434677E3,-60.969100952,
,,,18.6681278E3,-60.969100952,
,,,18.6927880E3,-58.569103241,
,,,18.7174482E3,-60.969100952,
,,,18.7421103E3,-60.969100952,
,,,18.7667704E3,-60.969100952,
,,,18.7914306E3,-58.569103241,
,,,18.8160907E3,-58.569103241,
,,,18.8407528E3,-60.969100952,
,,,18.8654130E3,-54.56910324,
,,,18.8900732E3,-54.56910324,
,,,18.9147333E3,-55.369102478,
,,,18.9393954E3,-60.969100952,
,,,18.9640556E3,-60.969100952,
,,,18.9887157E3,-60.969100952,
,,,19.0133779E3,-60.969100952,
,,,19.0380380E3,-60.969100952,
,,,19.0626982E3,-58.569103241,
,,,19.0873583E3,-60.969100952,
,,,19.1120204E3,-60.969100952,
,,,19.1366806E3,-58.569103241,
,,,19.1613408E3,-60.969100952,
,,,19.1860009E3,-60.969100952,
,,,19.2106630E3,-60.969100952,
,,,19.2353232E3,-60.969100952,
,,,19.2599833E3,-58.569103241,
,,,19.2846435E3,-58.569103241,
,,,19.3093056E3,-54.56910324,
,,,19.3339658E3,-60.969100952,
,,,19.3586259E3,-58.569103241,
,,,19.3832861E3,-58.569103241,
,,,19.4079482E3,-58.569103241,
,,,19.4326083E3,-54.56910324,
,,,19.4572685E3,-60.969100952,
,,,19.4819306E3,-60.969100952,
,,,19.5065908E3,-60.969100952,
,,,19.5312509E3,-55.369102478,
,,,19.5559111E3,-60.969100952,
,,,19.5805732E3,-60.969100952,
,,,19.6052334E3,-60.969100952,
,,,19.6298935E3,-60.969100952,
,,,19.6545537E3,-60.969100952,
,,,19.6792158E3,-60.969100952,
,,,19.7038759E3,-60.969100952,
,,,19.7285361E3,-58.569103241,
,,,19.7531963E3,-54.56910324,
,,,19.7778584E3,-60.969100952,
,,,19.8025185E3,-58.569103241,
,,,19.8271787E3,-55.369102478,
,,,19.8518388E3,-58.569103241,
,,,19.8765009E3,-54.56910324,
,,,19.9011611E3,-60.969100952,
,,,19.9258213E3,-58.569103241,
,,,19.9504834E3,-60.969100952,
,,,19.9751435E3,-60.969100952,
,,,19.9998037E3,-58.569103241,
,,,20.0244638E3,-60.969100952,
,,,20.0491260E3,-60.969100952,
,,,20.0737861E3,-60.969100952,
,,,20.09844627E3,-60.969100952,
,,,20.12310642E3,-58.569103241,
,,,20.14776854E3,-58.569103241,
,,,20.17242869E3,-60.969100952,
,,,20.19708885E3,-60.969100952,
,,,20.22174901E3,-60.969100952,
,,,20.24641112E3,-60.969100952,
,,,20.27107128E3,-60.969100952,
,,,20.29573143E3,-60.969100952,
,,,20.32039159E3,-58.569103241,
,,,20.34505370E3,-58.569103241,
,,,20.36971386E3,-60.969100952,
,,,20.39437402E3,-60.969100952,
,,,20.41903613E3,-54.56910324,
,,,20.44369628E3,-54.56910324,
,,,20.46835644E3,-54.56910324,
,,,20.49301660E3,-54.56910324,
,,,20.51767871E3,-60.969100952,
,,,20.54233887E3,-60.969100952,
,,,20.56699902E3,-60.969100952,
,,,20.59165918E3,-60.969100952,
,,,20.61632129E3,-60.969100952,
,,,20.64098145E3,-60.969100952,
,,,20.66564161E3,-55.369102478,
,,,20.69030176E3,-55.369102478,
,,,20.71496387E3,-55.369102478,
,,,20.73962403E3,-60.969100952,
,,,20.76428419E3,-60.969100952,
,,,20.78894435E3,-60.969100952,
,,,20.81360646E3,-60.969100952,
,,,20.83826661E3,-60.969100952,
,,,20.86292677E3,-60.969100952,
,,,20.88758888E3,-54.56910324,
,,,20.91224904E3,-54.56910324,
,,,20.93690920E3,-60.969100952,
,,,20.96156935E3,-60.969100952,
,,,20.98623147E3,-60.969100952,
,,,21.01089162E3,-60.969100952,
,,,21.03555178E3,-54.56910324,
,,,21.06021194E3,-52.56910324,
,,,21.08487405E3,-54.56910324,
,,,21.10953421E3,-54.56910324,
,,,21.13419436E3,-54.56910324,
,,,21.15885452E3,-60.969100952,
,,,21.18351663E3,-60.969100952,
,,,21.20817679E3,-60.969100952,
,,,21.23283695E3,-60.969100952,
,,,21.25749710E3,-60.969100952,
,,,21.28215921E3,-60.969100952,
,,,21.30681937E3,-60.969100952,
,,,21.33147953E3,-60.969100952,
,,,21.35613969E3,-60.969100952,
,,,21.38080180E3,-58.569103241,
,,,21.40546195E3,-60.969100952,
,,,21.43012211E3,-60.969100952,
,,,21.45478422E3,-60.969100952,
,,,21.47944438E3,-60.969100952,
,,,21.50410454E3,-58.569103241,
,,,21.52876469E3,-60.969100952,
,,,21.55342680E3,-54.56910324,
,,,21.57808696E3,-54.56910324,
,,,21.60274712E3,-58.569103241,
,,,21.62740728E3,-58.569103241,
,,,21.65206939E3,-60.969100952,
,,,21.67672955E3,-60.969100952,
,,,21.70138970E3,-60.969100952,
,,,21.72604986E3,-60.969100952,
,,,21.75071197E3,-55.369102478,
,,,21.77537213E3,-51.76910019,
,,,21.80003229E3,-51.76910019,
,,,21.82469244E3,-54.56910324,
,,,21.84935455E3,-60.969100952,
,,,21.87401471E3,-60.969100952,
,,,21.89867487E3,-60.969100952,
,,,21.92333698E3,-60.969100952,
,,,21.94799714E3,-60.969100952,
,,,21.97265729E3,-60.969100952,
,,,21.99731745E3,-60.969100952,
,,,22.02197956E3,-58.569103241,
,,,22.04663972E3,-58.569103241,
,,,22.07129988E3,-60.969100952,
,,,22.09596003E3,-60.969100952,
,,,22.12062214E3,-60.969100952,
,,,22.14528230E3,-60.969100952,
,,,22.16994246E3,-58.569103241,
,,,22.19460262E3,-60.969100952,
,,,22.21926473E3,-60.969100952,
,,,22.24392488E3,-60.969100952,
,,,22.26858504E3,-60.969100952,
,,,22.29324520E3,-60.969100952,
,,,22.31790731E3,-54.56910324,
,,,22.34256747E3,-54.56910324,
,,,22.36722762E3,-55.369102478,
,,,22.39188974E3,-55.369102478,
,,,22.41654989E3,-60.969100952,
,,,22.44121005E3,-60.969100952,
,,,22.46587021E3,-60.969100952,
,,,22.49053232E3,-60.969100952,
,,,22.51519248E3,-60.969100952,
,,,22.53985263E3,-60.969100952,
,,,22.56451279E3,-60.969100952,
,,,22.58917490E3,-60.969100952,
,,,22.61383506E3,-60.969100952,
,,,22.63849522E3,-58.569103241,
,,,22.66315537E3,-55.369102478,
,,,22.68781748E3,-60.969100952,
,,,22.71247764E3,-60.969100952,
,,,22.73713780E3,-58.569103241,
,,,22.76179796E3,-54.56910324,
,,,22.78646007E3,-55.369102478,
,,,22.81112022E3,-60.969100952,
,,,22.83578038E3,-60.969100952,
,,,22.86044249E3,-60.969100952,
,,,22.88510265E3,-60.969100952,
,,,22.90976281E3,-60.969100952,
,,,22.93442296E3,-55.369102478,
,,,22.95908507E3,-58.569103241,
,,,22.98374523E3,-60.969100952,
,,,23.00840539E3,-60.969100952,
,,,23.03306555E3,-60.969100952,
,,,23.05772766E3,-54.56910324,
,,,23.08238782E3,-58.569103241,
,,,23.10704797E3,-58.569103241,
,,,23.13170813E3,-58.569103241,
,,,23.15637024E3,-60.969100952,
,,,23.18103040E3,-60.969100952,
,,,23.20569056E3,-55.369102478,
,,,23.23035071E3,-55.369102478,
,,,23.25501282E3,-55.369102478,
,,,23.27967298E3,-58.569103241,
,,,23.30433314E3,-60.969100952,
,,,23.32899525E3,-60.969100952,
,,,23.35365541E3,-60.969100952,
,,,23.37831556E3,-60.969100952,
,,,23.40297572E3,-60.969100952,
,,,23.42763783E3,-60.969100952,
,,,23.45229799E3,-60.969100952,
,,,23.47695815E3,-60.969100952,
,,,23.50161830E3,-60.969100952,
,,,23.52628041E3,-60.969100952,
,,,23.55094057E3,-60.969100952,
,,,23.57560073E3,-60.969100952,
,,,23.60026089E3,-60.969100952,
,,,23.62492300E3,-60.969100952,
,,,23.64958315E3,-60.969100952,
,,,23.67424331E3,-60.969100952,
,,,23.69890347E3,-60.969100952,
,,,23.72356558E3,-60.969100952,
,,,23.74822574E3,-60.969100952,
,,,23.77288589E3,-58.569103241,
,,,23.79754801E3,-60.969100952,
,,,23.82220816E3,-60.969100952,
,,,23.84686832E3,-55.369102478,
,,,23.87152848E3,-60.969100952,
,,,23.89619059E3,-58.569103241,
,,,23.92085075E3,-58.569103241,
,,,23.94551090E3,-60.969100952,
,,,23.97017106E3,-60.969100952,
,,,23.99483317E3,-60.969100952,
,,,24.01949333E3,-58.569103241,
,,,24.04415349E3,-60.969100952,
,,,24.06881364E3,-60.969100952,
,,,24.09347575E3,-58.569103241,
,,,24.11813591E3,-60.969100952,
,,,24.14279607E3,-60.969100952,
,,,24.16745623E3,-60.969100952,
,,,24.19211834E3,-54.56910324,
,,,24.21677849E3,-54.56910324,
,,,24.24143865E3,-58.569103241,
,,,24.26609881E3,-58.569103241,
,,,24.29076092E3,-60.969100952,
,,,24.31542108E3,-60.969100952,
,,,24.34008123E3,-60.969100952,
,,,24.36474334E3,-60.969100952,
,,,24.38940350E3,-60.969100952,
,,,24.41406366E3,-60.969100952,
,,,24.43872382E3,-60.969100952,
,,,24.46338593E3,-58.569103241,
,,,24.48804608E3,-60.969100952,
,,,24.51270624E3,-60.969100952,
,,,24.53736640E3,-60.969100952,
,,,24.56202851E3,-60.969100952,
,,,24.58668867E3,-60.969100952,
,,,24.61134883E3,-60.969100952,
,,,24.63600898E3,-60.969100952,
,,,24.66067109E3,-60.969100952,
,,,24.68533125E3,-58.569103241,
,,,24.70999141E3,-58.569103241,
,,,24.73465157E3,-60.969100952,
,,,24.75931368E3,-58.569103241,
,,,24.78397383E3,-60.969100952,
,,,24.80863399E3,-58.569103241,
,,,24.83329610E3,-60.969100952,
,,,24.85795626E3,-60.969100952,
,,,24.88261642E3,-60.969100952,
,,,24.90727657E3,-60.969100952,
,,,24.93193868E3,-60.969100952,
,,,24.95659884E3,-58.569103241,
,,,24.98125900E3,-58.569103241,
,,,25.00591916E3,-58.569103241,
,,,25.03058127E3,-60.969100952,
,,,25.05524142E3,-60.969100952,
,,,25.07990158E3,-60.969100952,
,,,25.10456174E3,-60.969100952,
,,,25.12922385E3,-60.969100952,
,,,25.15388401E3,-60.969100952,
,,,25.17854416E3,-60.969100952,
,,,25.20320432E3,-58.569103241,
,,,25.22786643E3,-54.56910324,
